case_id,order_true,damping_true,morphology_real,morphology_imag,frequency_1,frequency_2,frequency_3,frequency_ratio,gain_real,gain_imag,raw_order_abs_error,raw_damping_abs_error,raw_morphology_abs_error,gained_order_abs_error,gained_damping_abs_error,gained_morphology_abs_error,common_gain_order_difference,common_gain_damping_difference,positive_consistent,positive_order_spread,positive_damping_spread,geometric_cross_ratio_abs_error,tamper_consistency_outcome,tamper_detected,tampered_cross_ratio_deviation
0,0.050000000000000003,0.01,0.40000000000000002,0.69999999999999996,0.34999999999999998,0.4375,0.546875,1.25,-0.1474787431082491,-0.1350926361102302,8.7846396823465511e-15,7.2728281730327637e-14,5.3924047756106646e-14,8.7846396823465511e-15,8.1167711440954804e-14,1.2152006265011331e-14,0,8.4394297106271665e-15,true,0,6.4951516387523611e-14,1.8472822977946884e-14,INCONSISTENT,true,0.0010482410055021891
1,0.050000000000000003,0.01,-1.2,0.29999999999999999,1,1.25,1.5625,1.25,0.71650236684420454,-0.22164015499600465,8.7846396823465511e-15,2.5351248877925059e-14,3.647150228754316e-14,8.7846396823465511e-15,2.4141626198126431e-13,2.2123761616799887e-13,0,2.6676751085918937e-13,true,0,2.2350177264485183e-14,8.2984711076667947e-15,INCONSISTENT,true,0.0009951921857082849
2,0.050000000000000003,0.01,2,-1.5,2.5,3.125,3.90625,1.25,1.1339903035639434,2.2280184001535885,8.7846396823465511e-15,5.59170765246364e-14,1.2060620023521515e-13,8.7846396823465511e-15,3.7405842312487891e-14,2.7783521403629106e-13,0,9.3322918837124291e-14,true,0,2.7974150773601991e-14,2.1691625470319942e-14,INCONSISTENT,true,0.00095106781005020301
3,0.050000000000000003,0.01,0.40000000000000002,0.69999999999999996,0.34999999999999998,0.61249999999999993,1.0718749999999999,1.75,-7.2325771361364897,3.4190390418706382,8.7846396823465511e-15,4.1768671854569561e-14,2.8829747255218102e-14,8.7846396823465511e-15,6.0533175694210684e-14,3.5173659674196789e-13,0,1.8764503839641122e-14,true,0,4.3423598050651435e-14,1.9936822709659238e-14,INCONSISTENT,true,0.0010571828003716676
4,0.050000000000000003,0.01,-1.2,0.29999999999999999,1,1.75,3.0625,1.75,-0.1474787431082491,-0.1350926361102302,8.7846396823465511e-15,3.8909847566159783e-15,1.7875969802299683e-14,8.7846396823465511e-15,1.1907141939104804e-14,4.2948558340604624e-15,0,1.5798126695720782e-14,true,0,2.0771578901346288e-14,3.3463095180773797e-15,INCONSISTENT,true,0.0010036814590483069
5,0.050000000000000003,0.01,2,-1.5,2.5,4.375,7.65625,1.75,0.71650236684420454,-0.22164015499600465,8.7846396823465511e-15,2.6534330288541241e-14,8.7437376257273476e-14,8.7846396823465511e-15,5.8701307703579175e-14,1.198063883502428e-13,0,3.2166977415037934e-14,true,0,3.5854999524964626e-14,1.4323031829362977e-14,INCONSISTENT,true,0.00095918068980157959
6,0.050000000000000003,0.01,0.40000000000000002,0.69999999999999996,0.34999999999999998,1.0499999999999998,3.1499999999999999,3,1.1339903035639434,2.2280184001535885,8.7846396823465511e-15,1.8237147902944173e-14,1.2658490090568386e-14,8.7846396823465511e-15,3.4071703791660468e-14,5.7273736207229154e-14,0,1.5834555888716295e-14,true,0,5.6604027021123215e-15,9.8080129047736033e-15,INCONSISTENT,true,0.0010718239343971245
7,0.050000000000000003,0.01,-1.2,0.29999999999999999,1,3,9,3,-7.2325771361364897,3.4190390418706382,8.7846396823465511e-15,1.3872583637386526e-14,2.4738798496122972e-14,8.7846396823465511e-15,9.775166787129308e-15,1.6157281311061878e-13,0,2.3647750424515834e-14,true,0,7.5980888247784151e-15,1.7357809440490837e-14,INCONSISTENT,true,0.0010175816424040219
8,0.050000000000000003,0.01,2,-1.5,2.5,7.5,22.5,3,-0.1474787431082491,-0.1350926361102302,8.7846396823465511e-15,4.0210890173142388e-15,3.6372641392428638e-14,8.7846396823465511e-15,5.3429483060085659e-16,7.8415395882080836e-15,0,3.4867941867133823e-15,true,0,7.868705687030797e-15,8.5092391914456818e-15,INCONSISTENT,true,0.00097246457319887642
9,0.050000000000000003,0.01,0.40000000000000002,0.69999999999999996,0.34999999999999998,2.0999999999999996,12.6,6,0.71650236684420454,-0.22164015499600465,8.7846396823465511e-15,2.2065682614424986e-15,1.2230607063941444e-14,8.7846396823465511e-15,1.0142928164036391e-14,1.4762209355896038e-14,0,1.234949642547889e-14,true,0,8.6215756756047313e-16,9.1220966736076126e-16,INCONSISTENT,true,0.0010912417625846417
10,0.050000000000000003,0.01,-1.2,0.29999999999999999,1,6,36,6,1.1339903035639434,2.2280184001535885,8.7846396823465511e-15,1.5428630595337722e-14,2.6151880131478885e-14,8.7846396823465511e-15,1.3143999777476267e-14,5.6484935435621965e-14,0,2.857263037281399e-14,true,0,1.5038317813242941e-14,5.0628016803326838e-15,INCONSISTENT,true,0.0010360167835074552
11,0.050000000000000003,0.01,2,-1.5,2.5,15,90,6,-7.2325771361364897,3.4190390418706382,8.7846396823465511e-15,1.189846832172492e-14,3.7380073279392016e-14,8.7846396823465511e-15,1.9297063946766002e-14,3.5924593817349908e-13,0,7.3985956250410823e-15,true,0,1.0706713293728853e-14,3.1039955175738026e-15,INCONSISTENT,true,0.00099008234546393891
12,0.050000000000000003,0.10000000000000001,0.40000000000000002,0.69999999999999996,0.34999999999999998,0.4375,0.546875,1.25,-0.1474787431082491,-0.1350926361102302,8.7846396823465511e-15,1.2989609388114332e-14,9.9226862155818246e-15,8.7846396823465511e-15,2.400857290751901e-15,2.1879532942952697e-15,0,1.0588752097362431e-14,true,0,8.4654505627668186e-15,1.7360626942498255e-14,INCONSISTENT,true,0.0095447724887937693
13,0.050000000000000003,0.10000000000000001,-1.2,0.29999999999999999,1,1.25,1.5625,1.25,0.71650236684420454,-0.22164015499600465,8.7846396823465511e-15,3.2529534621517087e-14,4.0629915724600267e-14,8.7846396823465511e-15,4.266031972122164e-14,3.859186975520023e-14,0,1.0130785099704553e-14,true,0,7.1609385088322597e-15,5.906636988752168e-14,INCONSISTENT,true,0.0091029548179097277
14,0.050000000000000003,0.10000000000000001,2,-1.5,2.5,3.125,3.90625,1.25,1.1339903035639434,2.2280184001535885,8.7846396823465511e-15,4.0134562340199409e-14,1.0781860467731501e-13,8.7846396823465511e-15,6.3379856918288624e-14,3.9168693483892707e-13,0,2.3245294578089215e-14,true,0,7.7118866848024936e-14,1.733183085743723e-14,INCONSISTENT,true,0.0087323899888071162
15,0.050000000000000003,0.10000000000000001,0.40000000000000002,0.69999999999999996,0.34999999999999998,0.61249999999999993,1.0718749999999999,1.75,-7.2325771361364897,3.4190390418706382,8.7846396823465511e-15,1.865174681370263e-14,1.1818661748210177e-14,8.7846396823465511e-15,2.0566881531181025e-14,1.0268452694739529e-13,0,1.915134717478395e-15,true,0,1.5640266859406893e-14,1.8365749785087105e-14,INCONSISTENT,true,0.0096261921216424708
16,0.050000000000000003,0.10000000000000001,-1.2,0.29999999999999999,1,1.75,3.0625,1.75,-0.1474787431082491,-0.1350926361102302,8.7846396823465511e-15,3.627653732962699e-14,4.4734686822710382e-14,8.7846396823465511e-15,2.5368596112684827e-14,6.7265338302485489e-15,0,1.0907941216942163e-14,true,0,2.8213542613286791e-14,6.0350697512873458e-15,INCONSISTENT,true,0.0091806056199047054
17,0.050000000000000003,0.10000000000000001,2,-1.5,2.5,4.375,7.65625,1.75,0.71650236684420454,-0.22164015499600465,8.7846396823465511e-15,2.3092638912203256e-14,7.3835423778581266e-14,8.7846396823465511e-15,7.6605388699135801e-14,1.1610045474208104e-13,0,9.9698027611339057e-14,true,0,1.0061396160665481e-14,2.2686676148994404e-14,INCONSISTENT,true,0.008806879767164686
18,0.050000000000000003,0.10000000000000001,0.40000000000000002,0.69999999999999996,0.34999999999999998,1.0499999999999998,3.1499999999999999,3,1.1339903035639434,2.2280184001535885,8.7846396823465511e-15,2.5646151868841116e-14,2.8710376003216899e-14,8.7846396823465511e-15,2.6381674622655282e-14,7.3343991712445212e-14,0,7.3552275381416621e-16,true,0,3.2515656833709272e-14,5.3190166063882311e-15,INCONSISTENT,true,0.0097595071632203372
19,0.050000000000000003,0.10000000000000001,-1.2,0.29999999999999999,1,3,9,3,-7.2325771361364897,3.4190390418706382,8.7846396823465511e-15,8.81239525796218e-15,1.9100999153570946e-14,8.7846396823465511e-15,8.7846396823465511e-15,1.4275102417730381e-13,0,1.7597034940308731e-14,true,0,1.1560197243909442e-14,6.8310440110383097e-15,INCONSISTENT,true,0.0093077496457402917
20,0.050000000000000003,0.10000000000000001,2,-1.5,2.5,7.5,22.5,3,-0.1474787431082491,-0.1350926361102302,8.7846396823465511e-15,1.0283440765590512e-14,3.3581631404981098e-14,8.7846396823465511e-15,3.4042213492568862e-14,1.9067526186893257e-14,0,4.4325654258159375e-14,true,0,2.248201624865942e-15,1.8301465537629125e-15,INCONSISTENT,true,0.0089288479896614589
21,0.050000000000000003,0.10000000000000001,0.40000000000000002,0.69999999999999996,0.34999999999999998,2.0999999999999996,12.6,6,0.71650236684420454,-0.22164015499600465,8.7846396823465511e-15,4.9266146717741321e-15,1.0181568386776647e-14,8.7846396823465511e-15,1.0630385460785874e-14,7.1592170259036443e-15,0,5.7037707890117417e-15,true,0,2.9976021664879227e-15,1.0854727326238002e-15,INCONSISTENT,true,0.0099363164572922845
22,0.050000000000000003,0.10000000000000001,-1.2,0.29999999999999999,1,6,36,6,1.1339903035639434,2.2280184001535885,8.7846396823465511e-15,2.6645352591003757e-15,1.6011864169946884e-14,8.7846396823465511e-15,1.4113710200547303e-14,5.3307355926104513e-14,0,1.6778245459647678e-14,true,0,3.5110803153770576e-15,4.0203114229314984e-15,INCONSISTENT,true,0.0094763746200123896
23,0.050000000000000003,0.10000000000000001,2,-1.5,2.5,15,90,6,-7.2325771361364897,3.4190390418706382,8.7846396823465511e-15,1.39194211712379e-14,3.5900568348027643e-14,8.7846396823465511e-15,1.3627987627273797e-14,4.457381603463675e-13,0,2.7547408798511697e-14,true,0,6.0645932720149176e-15,1.192736731954417e-15,INCONSISTENT,true,0.0090906085461694101
24,0.050000000000000003,1,0.40000000000000002,0.69999999999999996,0.34999999999999998,0.4375,0.546875,1.25,-0.1474787431082491,-0.1350926361102302,8.7846396823465511e-15,4.1311398746302075e-13,1.7517610465666252e-13,8.7846396823465511e-15,9.0150109599562711e-14,8.3424899045385191e-15,0,3.2296387786345804e-13,true,0,3.6004532688593827e-13,2.9134659566859226e-14,INCONSISTENT,true,0.050347814963458248
25,0.050000000000000003,1,-1.2,0.29999999999999999,1,1.25,1.5625,1.25,0.71650236684420454,-0.22164015499600465,8.7846396823465511e-15,2.8266278206956486e-13,1.746696017109065e-13,8.7846396823465511e-15,2.5734969710811129e-13,1.1917844699551398e-13,0,2.5313084961453569e-14,true,0,1.978417429882029e-13,1.3221695753977852e-13,INCONSISTENT,true,0.049091963430066082
26,0.050000000000000003,1,2,-1.5,2.5,3.125,3.90625,1.25,1.1339903035639434,2.2280184001535885,8.7846396823465511e-15,1.0857981180834031e-13,1.4319794122233384e-13,8.7846396823465511e-15,2.0672352718520415e-13,6.5615845129499388e-13,0,9.8143715376863838e-14,true,0,5.8397731095283234e-14,3.7859541310816166e-14,INCONSISTENT,true,0.04799442972015866
27,0.050000000000000003,1,0.40000000000000002,0.69999999999999996,0.34999999999999998,0.61249999999999993,1.0718749999999999,1.75,-7.2325771361364897,3.4190390418706382,8.7846396823465511e-15,2.8199664825478976e-14,9.2190302133050292e-15,8.7846396823465511e-15,3.1752378504279477e-14,8.382941106160223e-14,0,3.5527136788005009e-15,true,0,1.3200551762793111e-13,4.7073824511884023e-14,INCONSISTENT,true,0.050777296191443277
28,0.050000000000000003,1,-1.2,0.29999999999999999,1,1.75,3.0625,1.75,-0.1474787431082491,-0.1350926361102302,8.7846396823465511e-15,1.1168843627729075e-13,6.927615975080941e-14,8.7846396823465511e-15,2.2093438190040615e-14,3.3123462541203638e-15,0,1.3378187446733136e-13,true,0,5.8397731095283234e-14,2.7804391452729028e-14,INCONSISTENT,true,0.049510731886081599
29,0.050000000000000003,1,2,-1.5,2.5,4.375,7.65625,1.75,0.71650236684420454,-0.22164015499600465,8.7846396823465511e-15,1.7097434579227411e-14,2.1873365973634321e-14,8.7846396823465511e-15,2.9531932455029164e-14,3.6583491215492581e-14,0,4.6629367034256575e-14,true,0,8.7707618945387367e-15,7.552695776176802e-15,INCONSISTENT,true,0.048403835900551292
30,0.050000000000000003,1,0.40000000000000002,0.69999999999999996,0.34999999999999998,1.0499999999999998,3.1499999999999999,3,1.1339903035639434,2.2280184001535885,8.7846396823465511e-15,4.3298697960381105e-15,7.7628330903027185e-15,8.7846396823465511e-15,9.5812247025151009e-14,1.1020416221784304e-13,0,9.1482377229112899e-14,true,0,1.0325074129013956e-14,2.6148511497400452e-15,INCONSISTENT,true,0.051480521025049103
31,0.050000000000000003,1,-1.2,0.29999999999999999,1,3,9,3,-7.2325771361364897,3.4190390418706382,8.7846396823465511e-15,1.0880185641326534e-14,1.0647872309064534e-14,8.7846396823465511e-15,1.9706458687096529e-13,9.8230124025403552e-13,0,2.0794477251229182e-13,true,0,4.5297099404706387e-14,3.1415955120834447e-14,INCONSISTENT,true,0.050196415819681525
32,0.050000000000000003,1,2,-1.5,2.5,7.5,22.5,3,-0.1474787431082491,-0.1350926361102302,8.7846396823465511e-15,4.7073456244106637e-14,6.9305311055293673e-14,8.7846396823465511e-15,7.6050277186823223e-14,1.7031800259298616e-14,0,1.2312373343092986e-13,true,0,7.1054273576010019e-15,2.2292743655891666e-14,INCONSISTENT,true,0.049074190212412182
33,0.050000000000000003,1,0.40000000000000002,0.69999999999999996,0.34999999999999998,2.0999999999999996,12.6,6,0.71650236684420454,-0.22164015499600465,8.7846396823465511e-15,8.5487172896137054e-14,3.177377026491803e-14,8.7846396823465511e-15,4.9960036108132044e-15,5.9962322291399314e-15,0,9.0483176506950258e-14,true,0,8.5265128291212022e-14,1.6762491679804377e-14,INCONSISTENT,true,0.052413174122055005
34,0.050000000000000003,1,-1.2,0.29999999999999999,1,6,36,6,1.1339903035639434,2.2280184001535885,8.7846396823465511e-15,4.8183679268731794e-14,3.0642205761452952e-14,8.7846396823465511e-15,3.0975222387041867e-14,5.3883230802040201e-14,0,7.9158901655773661e-14,true,0,2.55351295663786e-14,1.6145809936167e-14,INCONSISTENT,true,0.051105805269169899
35,0.050000000000000003,1,2,-1.5,2.5,15,90,6,-7.2325771361364897,3.4190390418706382,8.7846396823465511e-15,2.2204460492503131e-16,2.0258452209910593e-14,8.7846396823465511e-15,1.1990408665951691e-14,1.5106345774618504e-13,0,1.1768364061026659e-14,true,0,2.4424906541753444e-15,9.3597903185460746e-15,INCONSISTENT,true,0.049963248725690572
36,0.050000000000000003,10,0.40000000000000002,0.69999999999999996,0.34999999999999998,0.4375,0.546875,1.25,-0.1474787431082491,-0.1350926361102302,8.7846396823465511e-15,2.1476154188349028e-12,1.5749467459320704e-13,1.2247147740396258e-13,2.4757085270721291e-11,3.6270072592586343e-13,1.1368683772161603e-13,2.2609469851886388e-11,true,0,6.702194355057145e-12,3.6936232455288119e-13,INCONSISTENT,true,0.087855497604921923
37,0.050000000000000003,10,-1.2,0.29999999999999999,1,1.25,1.5625,1.25,0.71650236684420454,-0.22164015499600465,6.5628058543154566e-14,1.3786305430585344e-11,1.5498161334459882e-12,4.8058779178461464e-14,7.4535932981234509e-12,6.2835508460431942e-13,1.1368683772161603e-13,2.1239898728708795e-11,true,5.6843418860808015e-14,1.4990675367698714e-11,3.6125229167719682e-13,INCONSISTENT,true,0.087465742385567535
38,0.050000000000000003,10,2,-1.5,2.5,3.125,3.90625,1.25,1.1339903035639434,2.2280184001535885,4.8058779178461464e-14,1.2089884648958105e-11,2.7454932683410984e-12,8.7846396823465511e-15,6.7146288529329468e-12,3.7948374032677065e-12,5.6843418860808015e-14,5.3752557960251579e-12,true,5.6843418860808015e-14,1.0684786388992507e-11,5.2711218688570522e-13,INCONSISTENT,true,0.087111451261590769
39,0.050000000000000003,10,0.40000000000000002,0.69999999999999996,0.34999999999999998,0.61249999999999993,1.0718749999999999,1.75,-7.2325771361364897,3.4190390418706382,8.7846396823465511e-15,1.4335199693960021e-12,1.0619822948874856e-13,8.7846396823465511e-15,3.5580427493187017e-12,2.091025958678976e-12,0,4.9915627187147038e-12,true,0,5.7216453797082067e-12,1.4692153726849401e-13,INCONSISTENT,true,0.088604930068402657
40,0.050000000000000003,10,-1.2,0.29999999999999999,1,1.75,3.0625,1.75,-0.1474787431082491,-0.1350926361102302,8.7846396823465511e-15,1.2967404927621828e-13,1.4930332731830067e-14,8.7846396823465511e-15,4.5279335836312384e-12,1.0191584414113797e-13,0,4.3982595343550202e-12,true,0,5.0803805606847163e-13,1.2385546468235771e-14,INCONSISTENT,true,0.088211850126464375
41,0.050000000000000003,10,2,-1.5,2.5,4.375,7.65625,1.75,0.71650236684420454,-0.22164015499600465,8.7846396823465511e-15,2.9700686354772188e-12,6.7053842145064028e-13,8.7846396823465511e-15,3.8760106235713465e-12,6.5937621289144747e-13,0,6.8460792590485653e-12,true,5.6843418860808015e-14,2.5028867867149529e-12,1.4443534913878882e-13,INCONSISTENT,true,0.087854536797206173
42,0.050000000000000003,10,0.40000000000000002,0.69999999999999996,0.34999999999999998,1.0499999999999998,3.1499999999999999,3,1.1339903035639434,2.2280184001535885,8.7846396823465511e-15,3.5562663924793014e-12,2.6134023310410516e-13,8.7846396823465511e-15,6.5263350279565202e-12,1.2002966935722179e-12,0,2.9700686354772188e-12,true,0,3.9683811792201595e-12,7.1654119273364928e-14,INCONSISTENT,true,0.089832037296698419
43,0.050000000000000003,10,-1.2,0.29999999999999999,1,3,9,3,-7.2325771361364897,3.4190390418706382,8.7846396823465511e-15,1.0658141036401503e-12,1.1974613563766463e-13,8.7846396823465511e-15,1.1013412404281553e-12,9.915930327765543e-13,0,2.1671553440683056e-12,true,0,5.595524044110789e-13,3.3946013146517195e-14,INCONSISTENT,true,0.089433513512886975
44,0.050000000000000003,10,2,-1.5,2.5,7.5,22.5,3,-0.1474787431082491,-0.1350926361102302,8.7846396823465511e-15,2.0747847884194925e-12,4.6789861696688856e-13,8.7846396823465511e-15,5.3645976549887564e-13,2.3971773581253645e-14,0,1.5383250229206169e-12,true,0,2.8101965199311962e-12,4.0325870044057354e-14,INCONSISTENT,true,0.089071251680431229
45,0.050000000000000003,10,0.40000000000000002,0.69999999999999996,0.34999999999999998,2.0999999999999996,12.6,6,0.71650236684420454,-0.22164015499600465,8.7846396823465511e-15,1.0480505352461478e-13,8.4157541638806178e-15,8.7846396823465511e-15,4.2099657093785936e-13,2.2845384818150597e-14,0,5.2580162446247414e-13,true,0,1.758593271006248e-13,5.4283134548500624e-14,INCONSISTENT,true,0.091459490285327821
46,0.050000000000000003,10,-1.2,0.29999999999999999,1,6,36,6,1.1339903035639434,2.2280184001535885,8.7846396823465511e-15,3.2862601528904634e-13,3.6766364334683556e-14,8.7846396823465511e-15,4.1691095020723878e-12,1.1716609386320855e-12,0,3.8404834867833415e-12,true,0,4.9027448767446913e-13,2.0959261208807067e-14,INCONSISTENT,true,0.091053746597128379
47,0.050000000000000003,10,2,-1.5,2.5,15,90,6,-7.2325771361364897,3.4190390418706382,8.7846396823465511e-15,8.3666407135751797e-13,1.8764345698009622e-13,8.7846396823465511e-15,6.6435745793569367e-13,1.2209142338860761e-12,0,1.5010215292932116e-12,true,0,2.6467716907063732e-13,5.2413275947324638e-14,INCONSISTENT,true,0.090684921804291441
48,0.050000000000000003,100,0.40000000000000002,0.69999999999999996,0.34999999999999998,0.4375,0.546875,1.25,-0.1474787431082491,-0.1350926361102302,1.6174561690007749e-13,1.4071588338993024e-10,1.1225126815886099e-12,8.7846396823465511e-15,7.0627947934553958e-12,1.1319545891955331e-14,1.7053025658242404e-13,1.3365308859647484e-10,true,5.6843418860808015e-14,1.3997691894473974e-11,3.8734825073356663e-12,INCONSISTENT,true,0.094917237858404474
49,0.050000000000000003,100,-1.2,0.29999999999999999,1,1.25,1.5625,1.25,0.71650236684420454,-0.22164015499600465,6.5628058543154566e-14,1.8602008822199423e-10,2.2781608152549437e-12,3.8911929234330955e-13,9.0608409664127976e-10,8.3223767105349016e-12,4.5474735088646412e-13,1.092104184863274e-09,true,5.6843418860808015e-14,1.305267005591304e-10,5.4656677672313224e-13,INCONSISTENT,true,0.09487158450507964
50,0.050000000000000003,100,2,-1.5,2.5,3.125,3.90625,1.25,1.1339903035639434,2.2280184001535885,4.0668857170800266e-13,8.8594731550983852e-10,2.1927792919263464e-11,8.6143592259446677e-13,1.823877937567886e-09,1.1285789008132262e-10,4.5474735088646412e-13,9.3793062205804745e-10,true,2.8421709430404007e-13,6.2352967233891832e-10,1.1351476707139034e-12,INCONSISTENT,true,0.094829770089231227
51,0.050000000000000003,100,0.40000000000000002,0.69999999999999996,0.34999999999999998,0.61249999999999993,1.0718749999999999,1.75,-7.2325771361364897,3.4190390418706382,3.8911929234330955e-13,7.0090777626319323e-10,5.5945492208288297e-12,2.7543245462169352e-13,4.5908166157460073e-10,2.9313105789464346e-11,1.1368683772161603e-13,2.418261146885925e-10,true,3.979039320256561e-13,7.9832318533590296e-10,1.3137876917106388e-12,INCONSISTENT,true,0.095726908984319847
52,0.050000000000000003,100,-1.2,0.29999999999999999,1,1.75,3.0625,1.75,-0.1474787431082491,-0.1350926361102302,6.5628058543154566e-14,2.2220092432689853e-10,2.7213501347031266e-12,2.1858903576088551e-13,4.943103704135865e-10,1.2107294409272436e-12,2.8421709430404007e-13,7.1651129474048503e-10,true,5.6843418860808015e-14,2.2569679458683822e-10,1.5851598486111431e-12,INCONSISTENT,true,0.095680866189988403
53,0.050000000000000003,100,2,-1.5,2.5,4.375,7.65625,1.75,0.71650236684420454,-0.22164015499600465,1.2247147740396258e-13,2.2303936475509545e-10,5.5206062401351289e-12,1.2247147740396258e-13,2.7013413728127489e-10,5.0144716198225169e-12,0,4.709477252617944e-11,true,1.1368683772161603e-13,1.9720403088285821e-10,5.036694591128821e-13,INCONSISTENT,true,0.095638695088016118
54,0.050000000000000003,100,0.40000000000000002,0.69999999999999996,0.34999999999999998,1.0499999999999998,3.1499999999999999,3,1.1339903035639434,2.2280184001535885,4.8058779178461464e-14,7.7562845035572536e-11,6.1909962127092181e-13,1.2247147740396258e-13,3.2034108699008357e-10,6.3933405353873684e-12,1.7053025658242404e-13,3.979039320256561e-10,true,0,3.6479264053923544e-11,1.8215663354007025e-13,INCONSISTENT,true,0.09705264990951544
55,0.050000000000000003,100,-1.2,0.29999999999999999,1,3,9,3,-7.2325771361364897,3.4190390418706382,6.5628058543154566e-14,1.3984902125230292e-10,1.7127100819455324e-12,4.8058779178461464e-14,8.0319750850321725e-11,7.8676216078232057e-12,1.1368683772161603e-13,2.2016877210262464e-10,true,5.6843418860808015e-14,1.3746159766014898e-10,5.2261222987589933e-13,INCONSISTENT,true,0.097005969461166325
56,0.050000000000000003,100,2,-1.5,2.5,7.5,22.5,3,-0.1474787431082491,-0.1350926361102302,1.2247147740396258e-13,2.0116885934839956e-10,4.9796612419506612e-12,8.7846396823465511e-15,3.7843506106582936e-11,1.8728616651513702e-13,1.1368683772161603e-13,2.390123654549825e-10,true,1.1368683772161603e-13,2.0077095541637391e-10,5.6157541823972569e-13,INCONSISTENT,true,0.09696321432118965
57,0.050000000000000003,100,0.40000000000000002,0.69999999999999996,0.34999999999999998,2.0999999999999996,12.6,6,0.71650236684420454,-0.22164015499600465,8.7846396823465511e-15,2.8904878490720876e-11,2.3107115979292847e-13,4.8058779178461464e-14,1.0004441719502211e-10,5.9898087139386718e-13,5.6843418860808015e-14,7.1139538704301231e-11,true,0,1.3145040611561853e-11,3.224474121303234e-13,INCONSISTENT,true,0.098810916002130267
58,0.050000000000000003,100,-1.2,0.29999999999999999,1,6,36,6,1.1339903035639434,2.2280184001535885,8.7846396823465511e-15,8.8860474534158129e-11,1.0882628778144038e-12,4.8058779178461464e-14,6.3579363995813765e-11,1.9463315506657547e-12,5.6843418860808015e-14,1.5243983852997189e-10,true,0,8.5663032223237678e-11,3.1087583798935822e-13,INCONSISTENT,true,0.098763389861150297
59,0.050000000000000003,100,2,-1.5,2.5,15,90,6,-7.2325771361364897,3.4190390418706382,6.5628058543154566e-14,1.8910384369519306e-10,4.6796345259881611e-12,8.7846396823465511e-15,4.8260062612826005e-11,9.5550240996123921e-12,5.6843418860808015e-14,1.4084378108236706e-10,true,5.6843418860808015e-14,2.1366020064306213e-10,3.3149073520679276e-13,INCONSISTENT,true,0.098719860142436958
60,0.097500000000000003,0.01,0.40000000000000002,0.69999999999999996,0.34999999999999998,0.4375,0.546875,1.25,-0.1474787431082491,-0.1350926361102302,1.5792922525292852e-14,2.0816681711721685e-15,2.2595493456379277e-14,1.5792922525292852e-14,1.2080614286702485e-14,6.4141245114412135e-15,0,1.4162282457874653e-14,true,0,4.6837533851373792e-17,6.2172489379008766e-15,INCONSISTENT,true,0.0011072323991077123
61,0.097500000000000003,0.01,-1.2,0.29999999999999999,1,1.25,1.5625,1.25,0.71650236684420454,-0.22164015499600465,1.5792922525292852e-14,1.2184697695261093e-14,3.1730292524329419e-14,1.5792922525292852e-14,1.3239409568654992e-14,2.4198278013188957e-14,0,1.0547118733938987e-15,true,0,2.0886070650760757e-15,6.700072569332e-15,INCONSISTENT,true,0.0010006127205896226
62,0.097500000000000003,0.01,2,-1.5,2.5,3.125,3.90625,1.25,1.1339903035639434,2.2280184001535885,1.5792922525292852e-14,2.1215668111196351e-15,6.9314914291576328e-14,1.5792922525292852e-14,1.2290515827295678e-14,1.6544215553616752e-13,0,1.0168949016176043e-14,true,0,1.5617715454219194e-14,7.6073343976165235e-15,INCONSISTENT,true,0.00091590057260137667
63,0.097500000000000003,0.01,0.40000000000000002,0.69999999999999996,0.34999999999999998,0.61249999999999993,1.0718749999999999,1.75,-7.2325771361364897,3.4190390418706382,1.5792922525292852e-14,2.0029117253628215e-14,1.7515153738105329e-14,1.5792922525292852e-14,1.1084883011491797e-14,1.4918555538062896e-13,0,8.9442342421364174e-15,true,0,1.6464260510495876e-14,5.7752359240471975e-15,INCONSISTENT,true,0.0011258963904686827
64,0.097500000000000003,0.01,-1.2,0.29999999999999999,1,1.75,3.0625,1.75,-0.1474787431082491,-0.1350926361102302,1.5792922525292852e-14,5.7766291750027676e-16,3.0273280010467228e-14,1.5792922525292852e-14,1.7640403027208151e-14,7.9664304364894793e-15,0,1.8218065944708428e-14,true,0,4.937023012629993e-15,1.9404472903618973e-15,INCONSISTENT,true,0.0010174794842173754
65,0.097500000000000003,0.01,2,-1.5,2.5,4.375,7.65625,1.75,0.71650236684420454,-0.22164015499600465,1.5792922525292852e-14,1.8266638202035779e-15,7.2562396705898707e-14,1.5792922525292852e-14,1.2830014828324465e-14,6.4593611383174019e-14,0,1.1003351008120887e-14,true,0,3.219646771412954e-15,1.6905671175000958e-14,INCONSISTENT,true,0.00093133939138583086
66,0.097500000000000003,0.01,0.40000000000000002,0.69999999999999996,0.34999999999999998,1.0499999999999998,3.1499999999999999,3,1.1339903035639434,2.2280184001535885,1.5792922525292852e-14,1.2524703496552547e-15,2.3114246126849441e-14,1.5792922525292852e-14,5.6482596377804839e-15,5.2044716597263708e-14,0,4.3957892881252292e-15,true,0,3.7487374315858801e-15,2.9226085433213602e-15,INCONSISTENT,true,0.0011571001578706663
67,0.097500000000000003,0.01,-1.2,0.29999999999999999,1,3,9,3,-7.2325771361364897,3.4190390418706382,1.5792922525292852e-14,1.0182826803983858e-15,3.0233607186531186e-14,1.5792922525292852e-14,5.2388648974499574e-16,2.4190106289035651e-13,0,4.9439619065339002e-16,true,0,3.1918911957973251e-16,5.2493988864995925e-16,INCONSISTENT,true,0.0010456785205057817
68,0.097500000000000003,0.01,2,-1.5,2.5,7.5,22.5,3,-0.1474787431082491,-0.1350926361102302,1.5792922525292852e-14,3.7608804959177178e-15,7.4524004802404466e-14,1.5792922525292852e-14,4.6195686165262373e-15,1.5046211844816677e-14,0,8.5868812060851951e-16,true,0,4.496403249731884e-15,7.24293302671293e-15,INCONSISTENT,true,0.0009571510895025248
69,0.097500000000000003,0.01,0.40000000000000002,0.69999999999999996,0.34999999999999998,2.0999999999999996,12.6,6,0.71650236684420454,-0.22164015499600465,1.5792922525292852e-14,8.2919782151691379e-16,2.3291211632189542e-14,1.5792922525292852e-14,3.1641356201816961e-15,1.9304556547483151e-14,0,3.9933334416986099e-15,true,0,2.1233015345956119e-15,3.6046387318731222e-15,INCONSISTENT,true,0.0011997155007400112
70,0.097500000000000003,0.01,-1.2,0.29999999999999999,1,6,36,6,1.1339903035639434,2.2280184001535885,1.5792922525292852e-14,1.8231943732516243e-15,3.0774012456445599e-14,1.5792922525292852e-14,3.7816971776294395e-15,7.5287202227465428e-14,0,5.6048915508810637e-15,true,0,1.8214596497756474e-15,1.8446726102461999e-15,INCONSISTENT,true,0.0010841902676375144
71,0.097500000000000003,0.01,2,-1.5,2.5,15,90,6,-7.2325771361364897,3.4190390418706382,1.5792922525292852e-14,3.1277064271861832e-15,7.3799356321396474e-14,1.5792922525292852e-14,2.598615767013257e-15,5.5285807069892105e-13,0,5.7263221941994402e-15,true,0,1.7937040741600185e-15,1.4145500355796616e-15,INCONSISTENT,true,0.00099240242152585012
72,0.097500000000000003,0.10000000000000001,0.40000000000000002,0.69999999999999996,0.34999999999999998,0.4375,0.546875,1.25,-0.1474787431082491,-0.1350926361102302,1.5792922525292852e-14,3.24462678946702e-14,4.3725771242587796e-14,1.5792922525292852e-14,7.4940054162198066e-16,4.409430950680089e-15,0,3.1696867353048219e-14,true,0,4.5158321526628242e-14,3.265160077907366e-14,INCONSISTENT,true,0.010043635538551634
73,0.097500000000000003,0.10000000000000001,-1.2,0.29999999999999999,1,1.25,1.5625,1.25,0.71650236684420454,-0.22164015499600465,1.5792922525292852e-14,6.9250161160994139e-15,3.0038919713337025e-14,1.5792922525292852e-14,1.0783041126671833e-14,2.4022927714492802e-14,0,3.858025010572419e-15,true,0,8.0352391407245705e-15,7.8771419686297696e-15,INCONSISTENT,true,0.0091585213048871982
74,0.097500000000000003,0.10000000000000001,2,-1.5,2.5,3.125,3.90625,1.25,1.1339903035639434,2.2280184001535885,1.5792922525292852e-14,3.2432390106862385e-14,7.5345136492034326e-14,1.5792922525292852e-14,1.9984014443252818e-15,1.6899913926859726e-13,0,3.4430791551187667e-14,true,0,1.5515366769136563e-14,2.2608441113099535e-14,INCONSISTENT,true,0.0084437753367249974
75,0.097500000000000003,0.10000000000000001,0.40000000000000002,0.69999999999999996,0.34999999999999998,0.61249999999999993,1.0718749999999999,1.75,-7.2325771361364897,3.4190390418706382,1.5792922525292852e-14,9.298117831235686e-16,2.2172866047573068e-14,1.5792922525292852e-14,1.149080830487037e-14,1.3567924706541356e-13,0,1.2420620087993939e-14,true,0,3.9829251008427491e-15,7.2077978902628489e-15,INCONSISTENT,true,0.01021293543162716
76,0.097500000000000003,0.10000000000000001,-1.2,0.29999999999999999,1,1.75,3.0625,1.75,-0.1474787431082491,-0.1350926361102302,1.5792922525292852e-14,5.6898930012039273e-16,2.796930332580676e-14,1.5792922525292852e-14,6.1339822110539899e-15,5.9506426507986273e-15,0,5.5649929109335972e-15,true,0,3.6082248300317588e-15,7.1945085356886682e-15,INCONSISTENT,true,0.0093129013270908858
77,0.097500000000000003,0.10000000000000001,2,-1.5,2.5,4.375,7.65625,1.75,0.71650236684420454,-0.22164015499600465,1.5792922525292852e-14,2.6645352591003757e-15,6.7976844292341418e-14,1.5792922525292852e-14,2.8727020762175925e-15,5.1087633581168328e-14,0,2.0816681711721685e-16,true,0,4.8711035205428743e-15,4.1770149753007362e-15,INCONSISTENT,true,0.0085861072897103919
78,0.097500000000000003,0.10000000000000001,0.40000000000000002,0.69999999999999996,0.34999999999999998,1.0499999999999998,3.1499999999999999,3,1.1339903035639434,2.2280184001535885,1.5792922525292852e-14,2.3314683517128287e-15,2.2947063771274452e-14,1.5792922525292852e-14,8.5764728652293343e-15,4.4387266356423135e-14,0,1.0907941216942163e-14,true,0,1.9290125052862095e-15,2.6700514087880144e-15,INCONSISTENT,true,0.010495982845670555
79,0.097500000000000003,0.10000000000000001,-1.2,0.29999999999999999,1,3,9,3,-7.2325771361364897,3.4190390418706382,1.5792922525292852e-14,2.6090241078691179e-15,2.8477653413833088e-14,1.5792922525292852e-14,1.7666423879347803e-14,2.9456072736254892e-13,0,1.5057399771478686e-14,true,0,2.9282132274488504e-15,1.3968597004087698e-15,INCONSISTENT,true,0.0095710046564811118
80,0.097500000000000003,0.10000000000000001,2,-1.5,2.5,7.5,22.5,3,-0.1474787431082491,-0.1350926361102302,1.5792922525292852e-14,1.2212453270876722e-15,6.4753704374981968e-14,1.5792922525292852e-14,9.2287288921966137e-15,1.5005940040598881e-14,0,1.0449974219284286e-14,true,0,5.4123372450476381e-15,2.5258498850756043e-15,INCONSISTENT,true,0.0088240678135272227
81,0.097500000000000003,0.10000000000000001,0.40000000000000002,0.69999999999999996,0.34999999999999998,2.0999999999999996,12.6,6,0.71650236684420454,-0.22164015499600465,1.5792922525292852e-14,4.5102810375396984e-15,2.4233653585089292e-14,1.5792922525292852e-14,3.9135361618036768e-15,1.7992208022261738e-14,0,5.9674487573602164e-16,true,0,6.1894933622852477e-15,3.0204558634657635e-15,INCONSISTENT,true,0.010882543943888165
82,0.097500000000000003,0.10000000000000001,-1.2,0.29999999999999999,1,6,36,6,1.1339903035639434,2.2280184001535885,1.5792922525292852e-14,3.7886360715333467e-15,2.7534034635494149e-14,1.5792922525292852e-14,9.5756735873919752e-16,6.9641344367399892e-14,0,4.7462034302725442e-15,true,0,7.2164496600635175e-16,4.7402654108250074e-16,INCONSISTENT,true,0.009923499332349978
83,0.097500000000000003,0.10000000000000001,2,-1.5,2.5,15,90,6,-7.2325771361364897,3.4190390418706382,1.5792922525292852e-14,1.1934897514720433e-15,6.6798162363618561e-14,1.5792922525292852e-14,1.0144662887512368e-14,6.08793020145745e-13,0,8.9511731360403246e-15,true,0,5.5233595475101538e-15,1.3011225810297801e-15,INCONSISTENT,true,0.009149053228888258
84,0.097500000000000003,1,0.40000000000000002,0.69999999999999996,0.34999999999999998,0.4375,0.546875,1.25,-0.1474787431082491,-0.1350926361102302,1.5792922525292852e-14,6.2061467076546251e-14,2.0369188945348805e-14,1.5792922525292852e-14,4.9960036108132044e-14,6.0489964314276309e-15,0,1.1202150318467829e-13,true,0,6.7168492989821971e-14,2.8979064592898786e-14,INCONSISTENT,true,0.051925461752425177
85,0.097500000000000003,1,-1.2,0.29999999999999999,1,1.25,1.5625,1.25,0.71650236684420454,-0.22164015499600465,1.5792922525292852e-14,6.3726801613483985e-14,4.0060479097820422e-14,1.5792922525292852e-14,1.5809575870662229e-13,7.2489997274820367e-14,0,9.4368957093138306e-14,true,0,1.4654943925052066e-14,3.4644677562248874e-14,INCONSISTENT,true,0.049461811815055115
86,0.097500000000000003,1,2,-1.5,2.5,3.125,3.90625,1.25,1.1339903035639434,2.2280184001535885,1.5792922525292852e-14,1.3788969965844444e-13,1.5458913793204201e-13,1.5792922525292852e-14,4.1966430330830917e-14,1.2420850503652047e-13,0,9.5923269327613525e-14,true,0,1.0880185641326534e-13,3.7928110160594361e-14,INCONSISTENT,true,0.047305392097761197
87,0.097500000000000003,1,0.40000000000000002,0.69999999999999996,0.34999999999999998,0.61249999999999993,1.0718749999999999,1.75,-7.2325771361364897,3.4190390418706382,1.5792922525292852e-14,2.0983215165415459e-14,8.5330227850089317e-15,1.5792922525292852e-14,1.2434497875801753e-14,1.2445912073817566e-13,0,3.3417713041217212e-14,true,0,3.0975222387041867e-14,8.9214093514454741e-15,INCONSISTENT,true,0.052800739941008951
88,0.097500000000000003,1,-1.2,0.29999999999999999,1,1.75,3.0625,1.75,-0.1474787431082491,-0.1350926361102302,1.5792922525292852e-14,7.4384942649885488e-15,1.5293699957761364e-14,1.5792922525292852e-14,2.6756374893466273e-14,4.1735240516897228e-15,0,1.9317880628477724e-14,true,0,1.1102230246251565e-15,1.0217948456587351e-14,INCONSISTENT,true,0.050295561647846009
89,0.097500000000000003,1,2,-1.5,2.5,4.375,7.65625,1.75,0.71650236684420454,-0.22164015499600465,1.5792922525292852e-14,3.3750779948604759e-14,4.3665510507941913e-14,1.5792922525292852e-14,2.9531932455029164e-14,3.0590623544125828e-14,0,4.2188474935755949e-15,true,0,4.3076653355456074e-14,1.3763224102414973e-14,INCONSISTENT,true,0.048102792381031996
90,0.097500000000000003,1,0.40000000000000002,0.69999999999999996,0.34999999999999998,1.0499999999999998,3.1499999999999999,3,1.1339903035639434,2.2280184001535885,1.5792922525292852e-14,2.8421709430404007e-14,9.5163989101421322e-15,1.5792922525292852e-14,7.5495165674510645e-15,2.3895342306823805e-14,0,2.0872192862952943e-14,true,0,2.3092638912203256e-14,6.7974453549920507e-15,INCONSISTENT,true,0.05426409129576943
91,0.097500000000000003,1,-1.2,0.29999999999999999,1,3,9,3,-7.2325771361364897,3.4190390418706382,1.5792922525292852e-14,1.7541523789077473e-14,2.0206059048177849e-14,1.5792922525292852e-14,2.5979218776228663e-14,1.6212601691882802e-13,0,4.3520742565306136e-14,true,0,3.6415315207705135e-14,4.9727001452801668e-15,INCONSISTENT,true,0.051689482989800591
92,0.097500000000000003,1,2,-1.5,2.5,7.5,22.5,3,-0.1474787431082491,-0.1350926361102302,1.5792922525292852e-14,2.4424906541753444e-15,3.9047665978550972e-14,1.5792922525292852e-14,1.5543122344752192e-15,7.6858172120149358e-15,0,8.8817841970012523e-16,true,0,2.120525977034049e-14,4.657735879784244e-15,INCONSISTENT,true,0.049435942001237368
93,0.097500000000000003,1,0.40000000000000002,0.69999999999999996,0.34999999999999998,2.0999999999999996,12.6,6,0.71650236684420454,-0.22164015499600465,1.5792922525292852e-14,1.021405182655144e-14,9.1344101159668264e-15,1.5792922525292852e-14,2.0872192862952943e-14,1.3957494966313178e-14,0,3.1086244689504383e-14,true,0,1.7541523789077473e-14,6.6644369535611339e-15,INCONSISTENT,true,0.056262607016833041
94,0.097500000000000003,1,-1.2,0.29999999999999999,1,6,36,6,1.1339903035639434,2.2280184001535885,1.5792922525292852e-14,2.042810365310288e-14,1.8311024496464668e-14,1.5792922525292852e-14,3.219646771412954e-14,5.7937900953880878e-14,0,1.1768364061026659e-14,true,0,1.3766765505351941e-14,4.7402654108250074e-16,INCONSISTENT,true,0.053593177346467312
95,0.097500000000000003,1,2,-1.5,2.5,15,90,6,-7.2325771361364897,3.4190390418706382,1.5792922525292852e-14,1.0658141036401503e-14,4.4071239559005864e-14,1.5792922525292852e-14,1.8207657603852567e-14,4.0146057567822829e-13,0,7.5495165674510645e-15,true,0,3.4305891460917337e-14,5.5407570842686142e-15,INCONSISTENT,true,0.051256639720782461
96,0.097500000000000003,10,0.40000000000000002,0.69999999999999996,0.34999999999999998,0.4375,0.546875,1.25,-0.1474787431082491,-0.1350926361102302,1.2628786905111156e-14,1.7745804825608502e-12,1.3018832553229993e-13,1.5792922525292852e-14,1.5454304502782179e-13,2.5643883861673952e-15,2.8421709430404007e-14,1.6200374375330284e-12,true,2.8421709430404007e-14,1.2239098623467726e-12,6.5277585730252768e-14,INCONSISTENT,true,0.088738686888228474
97,0.097500000000000003,10,-1.2,0.29999999999999999,1,1.25,1.5625,1.25,0.71650236684420454,-0.22164015499600465,4.1050496335515163e-14,2.9203306439740118e-12,3.2800717717285728e-13,4.1050496335515163e-14,5.666578317686799e-13,4.7374271512134336e-14,0,2.3536728122053319e-12,true,5.6843418860808015e-14,2.716049607442983e-12,8.1171559543815149e-14,INCONSISTENT,true,0.087994634383723597
98,0.097500000000000003,10,2,-1.5,2.5,3.125,3.90625,1.25,1.1339903035639434,2.2280184001535885,4.1050496335515163e-14,4.6114223550830502e-12,1.0473413520431277e-12,4.1050496335515163e-14,6.3486993440164952e-12,3.5974768942534769e-12,0,1.737276988933445e-12,true,5.6843418860808015e-14,6.517453243759519e-12,2.7939052215290828e-13,INCONSISTENT,true,0.087291510159212132
99,0.097500000000000003,10,0.40000000000000002,0.69999999999999996,0.34999999999999998,0.61249999999999993,1.0718749999999999,1.75,-7.2325771361364897,3.4190390418706382,1.5792922525292852e-14,8.7396756498492323e-13,6.3417451322077677e-14,1.5792922525292852e-14,5.3113069498067489e-13,3.2527829456139277e-13,0,1.4050982599655981e-12,true,0,9.4502183856093325e-13,8.4356021545086916e-14,INCONSISTENT,true,0.090234504826381887
100,0.097500000000000003,10,-1.2,0.29999999999999999,1,1.75,3.0625,1.75,-0.1474787431082491,-0.1350926361102302,1.2628786905111156e-14,1.2025935802739696e-12,1.3540225798822453e-13,4.1050496335515163e-14,1.6804335700726369e-12,3.7666159448685008e-14,2.8421709430404007e-14,4.7783998979866737e-13,true,2.8421709430404007e-14,1.3713474800169934e-12,3.6108823237768831e-14,INCONSISTENT,true,0.089477910248571796
101,0.097500000000000003,10,2,-1.5,2.5,4.375,7.65625,1.75,0.71650236684420454,-0.22164015499600465,1.5792922525292852e-14,7.567280135845067e-13,1.7363845513409077e-13,1.5792922525292852e-14,1.5276668818842154e-13,2.4258817681306622e-14,0,9.0949470177292824e-13,true,0,1.0480505352461478e-12,6.9746060903751121e-14,INCONSISTENT,true,0.088762933856343637
102,0.097500000000000003,10,0.40000000000000002,0.69999999999999996,0.34999999999999998,1.0499999999999998,3.1499999999999999,3,1.1339903035639434,2.2280184001535885,1.5792922525292852e-14,5.7909232964448165e-13,4.4167485064808181e-14,1.5792922525292852e-14,6.8745009684789693e-13,1.3038726922530119e-13,0,1.0835776720341528e-13,true,0,8.8640206286072498e-13,3.9222615538657739e-14,INCONSISTENT,true,0.092735317978336437
103,0.097500000000000003,10,-1.2,0.29999999999999999,1,3,9,3,-7.2325771361364897,3.4190390418706382,1.5792922525292852e-14,9.9475983006414026e-14,1.2068793252768621e-14,1.5792922525292852e-14,1.2967404927621828e-13,1.241830980293436e-13,0,3.0198066269804258e-14,true,0,1.4921397450962104e-13,5.8339089116220309e-15,INCONSISTENT,true,0.091957754685021292
104,0.097500000000000003,10,2,-1.5,2.5,7.5,22.5,3,-0.1474787431082491,-0.1350926361102302,1.5792922525292852e-14,1.2612133559741778e-13,3.1380645766916655e-14,1.5792922525292852e-14,7.815970093361102e-13,3.4731476414573618e-14,0,9.0771834493352799e-13,true,0,2.5579538487363607e-13,4.8363009599472748e-15,INCONSISTENT,true,0.091222963008471089
105,0.097500000000000003,10,0.40000000000000002,0.69999999999999996,0.34999999999999998,2.0999999999999996,12.6,6,0.71650236684420454,-0.22164015499600465,1.5792922525292852e-14,2.6645352591003757e-14,3.620161334190268e-15,1.5792922525292852e-14,2.0250467969162855e-13,1.0183384146222799e-14,0,2.2915003228263231e-13,true,0,1.865174681370263e-13,1.6019465753399527e-14,INCONSISTENT,true,0.096150707169453065
106,0.097500000000000003,10,-1.2,0.29999999999999999,1,6,36,6,1.1339903035639434,2.2280184001535885,1.5792922525292852e-14,5.6843418860808015e-14,7.4279230641415194e-15,1.5792922525292852e-14,3.7125857943465235e-13,1.0614010828834342e-13,0,3.1441516057384433e-13,true,0,3.5882408155885059e-13,1.8602657208496851e-14,INCONSISTENT,true,0.09534450666082693
107,0.097500000000000003,10,2,-1.5,2.5,15,90,6,-7.2325771361364897,3.4190390418706382,1.5792922525292852e-14,1.1901590823981678e-13,2.5492616077648538e-14,1.5792922525292852e-14,2.8421709430404007e-13,5.4005922338717096e-13,0,4.0323300254385686e-13,true,0,7.5850437042390695e-13,2.0746515858603372e-14,INCONSISTENT,true,0.094582653023378899
108,0.097500000000000003,100,0.40000000000000002,0.69999999999999996,0.34999999999999998,0.4375,0.546875,1.25,-0.1474787431082491,-0.1350926361102302,4.1050496335515163e-14,1.0598455446597654e-10,8.4726649029810511e-13,1.5792922525292852e-14,8.0177642303169705e-11,1.2807979609862312e-13,5.6843418860808015e-14,2.5806912162806839e-11,true,1.1368683772161603e-13,1.1553424883459229e-11,2.4800163376621287e-12,INCONSISTENT,true,0.095474186062581318
109,0.097500000000000003,100,-1.2,0.29999999999999999,1,1.25,1.5625,1.25,0.71650236684420454,-0.22164015499600465,1.2947976024690888e-13,7.0158989728952292e-11,8.5891390972576977e-13,2.4316659796852491e-13,1.8263790479977615e-10,1.6772995487290415e-12,1.1368683772161603e-13,1.1247891507082386e-10,true,0,4.2291503632441163e-11,8.8511639601418923e-13,INCONSISTENT,true,0.095387551959331268
110,0.097500000000000003,100,2,-1.5,2.5,3.125,3.90625,1.25,1.1339903035639434,2.2280184001535885,1.5792922525292852e-14,3.1008084988570772e-11,7.6725308336755828e-13,1.5792922525292852e-14,2.9089619602018502e-11,1.8003874435488973e-12,0,1.9184653865522705e-12,true,5.6843418860808015e-14,7.5857542469748296e-11,2.1551415130312565e-13,INCONSISTENT,true,0.095304485833709193
111,0.097500000000000003,100,0.40000000000000002,0.69999999999999996,0.34999999999999998,0.61249999999999993,1.0718749999999999,1.75,-7.2325771361364897,3.4190390418706382,4.1050496335515163e-14,2.1756818568974268e-11,1.7353748325614812e-13,1.2947976024690888e-13,1.6609646991128102e-10,1.060778230015162e-11,1.7053025658242404e-13,1.8785328848025529e-10,true,5.6843418860808015e-14,3.5939251574745867e-11,3.9709978547687583e-13,INCONSISTENT,true,0.097083540505536303
112,0.097500000000000003,100,-1.2,0.29999999999999999,1,1.75,3.0625,1.75,-0.1474787431082491,-0.1350926361102302,1.5792922525292852e-14,2.4741098059166688e-11,3.0284647711199749e-13,1.5473733405713119e-13,2.0136781131441239e-10,4.9318901543807786e-13,1.7053025658242404e-13,2.2610890937357908e-10,true,0,2.8990143619012088e-12,4.0871042019675194e-13,INCONSISTENT,true,0.096995446062452029
113,0.097500000000000003,100,2,-1.5,2.5,4.375,7.65625,1.75,0.71650236684420454,-0.22164015499600465,1.5792922525292852e-14,1.8758328224066645e-12,4.6901896955404349e-14,1.5473733405713119e-13,1.9895196601282805e-10,3.6922571073296739e-12,1.7053025658242404e-13,2.0082779883523472e-10,true,5.6843418860808015e-14,6.163247689983109e-11,1.6271896834400775e-13,INCONSISTENT,true,0.096910979737423769
114,0.097500000000000003,100,0.40000000000000002,0.69999999999999996,0.34999999999999998,1.0499999999999998,3.1499999999999999,3,1.1339903035639434,2.2280184001535885,1.5792922525292852e-14,5.9344529290683568e-11,4.74026346113745e-13,4.1050496335515163e-14,1.7408297026122455e-11,3.4709464060099398e-13,5.6843418860808015e-14,7.6752826316806022e-11,true,0,2.8578028832271229e-11,3.4594936857914681e-13,INCONSISTENT,true,0.099774171937599382
115,0.097500000000000003,100,-1.2,0.29999999999999999,1,3,9,3,-7.2325771361364897,3.4190390418706382,1.5792922525292852e-14,9.9618091553566046e-12,1.223431644888728e-13,4.1050496335515163e-14,3.5996094993606675e-11,3.5286125875865629e-12,5.6843418860808015e-14,2.6034285838250071e-11,true,0,3.0610181056545116e-11,1.8736089013057468e-13,INCONSISTENT,true,0.099683635992045327
116,0.097500000000000003,100,2,-1.5,2.5,7.5,22.5,3,-0.1474787431082491,-0.1350926361102302,7.2636341386100867e-14,7.0443206823256332e-11,1.7437607728275578e-12,4.1050496335515163e-14,4.0287773117597681e-11,1.9941269099529741e-13,1.1368683772161603e-13,1.1073097994085401e-10,true,5.6843418860808015e-14,5.1471715778461657e-11,1.7858199164587428e-13,INCONSISTENT,true,0.099596828717189362
117,0.097500000000000003,100,0.40000000000000002,0.69999999999999996,0.34999999999999998,2.0999999999999996,12.6,6,0.71650236684420454,-0.22164015499600465,1.5792922525292852e-14,2.1742607714259066e-11,1.7355115553133278e-13,7.2636341386100867e-14,5.1755932872765698e-11,3.0959813214969139e-13,5.6843418860808015e-14,3.0013325158506632e-11,true,0,1.6257217794191092e-11,6.1166370590455752e-14,INCONSISTENT,true,0.10344879812962603
118,0.097500000000000003,100,-1.2,0.29999999999999999,1,6,36,6,1.1339903035639434,2.2280184001535885,1.5792922525292852e-14,1.9042545318370685e-11,2.3301161969988845e-13,1.5792922525292852e-14,7.1196382123162039e-12,2.1753164968553127e-13,0,1.1922907106054481e-11,true,0,1.4352963262354024e-11,3.0339284581852023e-13,INCONSISTENT,true,0.10335492779715572
119,0.097500000000000003,100,2,-1.5,2.5,15,90,6,-7.2325771361364897,3.4190390418706382,1.5792922525292852e-14,6.7927885538665578e-12,1.6835506288182996e-13,1.5792922525292852e-14,1.588773557159584e-11,3.1466796398294007e-12,0,9.0949470177292824e-12,true,0,8.6686213762732223e-13,1.472666785047059e-13,INCONSISTENT,true,0.10326492345890714
120,0.14500000000000002,0.01,0.40000000000000002,0.69999999999999996,0.34999999999999998,0.4375,0.546875,1.25,-0.1474787431082491,-0.1350926361102302,1.1990408665951691e-14,1.3569007029090585e-14,1.2452327962373347e-14,1.1990408665951691e-14,1.7003759511524663e-14,2.552164418717227e-15,0,3.434752482434078e-15,true,0,6.0021432268797525e-16,8.9999398343017462e-16,INCONSISTENT,true,0.0011696317641796349
121,0.14500000000000002,0.01,-1.2,0.29999999999999999,1,1.25,1.5625,1.25,0.71650236684420454,-0.22164015499600465,1.1990408665951691e-14,8.5677992478494502e-15,2.732141342546872e-14,1.1990408665951691e-14,1.6453852169640015e-14,2.0533123873042273e-14,0,2.5021651417489466e-14,true,0,2.0278917434168875e-14,9.5808864663027494e-15,INCONSISTENT,true,0.0010061479715872239
122,0.14500000000000002,0.01,2,-1.5,2.5,3.125,3.90625,1.25,1.1339903035639434,2.2280184001535885,1.1990408665951691e-14,1.3797990527919524e-14,5.3225902771817392e-14,1.1990408665951691e-14,6.5052130349130266e-15,1.2898555619268944e-13,0,7.292777493006497e-15,true,2.8421709430404007e-14,1.2888995426507677e-15,9.5590668684893396e-16,INCONSISTENT,true,0.00088208059506831519
123,0.14500000000000002,0.01,0.40000000000000002,0.69999999999999996,0.34999999999999998,0.61249999999999993,1.0718749999999999,1.75,-7.2325771361364897,3.4190390418706382,1.1990408665951691e-14,7.5078832040276211e-15,1.3877787807814457e-14,1.1990408665951691e-14,4.4755865680201623e-15,1.2323935657175488e-13,0,3.0322966360074588e-15,true,0,6.0663279954908944e-15,3.6451809490203085e-15,INCONSISTENT,true,0.0011993445174283781
124,0.14500000000000002,0.01,-1.2,0.29999999999999999,1,1.75,3.0625,1.75,-0.1474787431082491,-0.1350926361102302,1.1990408665951691e-14,1.3877787807814457e-16,2.3103311667273311e-14,1.1990408665951691e-14,5.377642775528102e-16,4.6751463883884811e-15,0,3.9898639947466563e-16,true,0,4.6178338930502605e-15,3.4361735175906777e-15,INCONSISTENT,true,0.0010317076625376035
125,0.14500000000000002,0.01,2,-1.5,2.5,4.375,7.65625,1.75,0.71650236684420454,-0.22164015499600465,1.1990408665951691e-14,4.8398784979752918e-15,5.1853952553742891e-14,1.1990408665951691e-14,4.5102810375396984e-15,3.9009767879057008e-14,0,3.2959746043559335e-16,true,0,4.5970172113385388e-16,4.4430199752845029e-15,INCONSISTENT,true,0.00090448853906513536
126,0.14500000000000002,0.01,0.40000000000000002,0.69999999999999996,0.34999999999999998,1.0499999999999998,3.1499999999999999,3,1.1339903035639434,2.2280184001535885,1.1990408665951691e-14,4.6265075104301445e-15,1.5216537110460153e-14,1.1990408665951691e-14,2.9507646326365489e-15,4.0568588431493548e-14,0,1.6757428777935957e-15,true,0,1.9689111452336761e-15,1.7322904745850827e-15,INCONSISTENT,true,0.0012500683866431478
127,0.14500000000000002,0.01,-1.2,0.29999999999999999,1,3,9,3,-7.2325771361364897,3.4190390418706382,1.1990408665951691e-14,3.6567970873591094e-15,2.2544089339343049e-14,1.1990408665951691e-14,1.9775847626135601e-16,1.844847280802813e-13,0,3.8545555636204654e-15,true,0,1.2750217548429532e-15,1.5087137730138791e-15,INCONSISTENT,true,0.0010753416674331444
128,0.14500000000000002,0.01,2,-1.5,2.5,7.5,22.5,3,-0.1474787431082491,-0.1350926361102302,1.1990408665951691e-14,2.4598378889351125e-15,5.2650797949824196e-14,1.1990408665951691e-14,3.3653635433950058e-16,1.0874696866266023e-14,0,2.796374243274613e-15,true,2.8421709430404007e-14,1.9827889330414905e-15,3.5932773513577854e-15,INCONSISTENT,true,0.00094274206647085973
129,0.14500000000000002,0.01,0.40000000000000002,0.69999999999999996,0.34999999999999998,2.0999999999999996,12.6,6,0.71650236684420454,-0.22164015499600465,1.1990408665951691e-14,1.7676832220203664e-15,1.6986412276764895e-14,1.1990408665951691e-14,4.1945613649119196e-15,1.1742806416279503e-14,0,2.4268781428915531e-15,true,2.8421709430404007e-14,1.3183898417423734e-16,1.3384882728441334e-15,INCONSISTENT,true,0.0013214062093015798
130,0.14500000000000002,0.01,-1.2,0.29999999999999999,1,6,36,6,1.1339903035639434,2.2280184001535885,1.1990408665951691e-14,3.1658703436576729e-15,2.2557207491602249e-14,1.1990408665951691e-14,1.1084883011491797e-15,5.7151365496089407e-14,0,2.0573820425084932e-15,true,2.8421709430404007e-14,3.4382219293860317e-15,1.5092193062823246e-15,INCONSISTENT,true,0.0011367083366407883
131,0.14500000000000002,0.01,2,-1.5,2.5,15,90,6,-7.2325771361364897,3.4190390418706382,1.1990408665951691e-14,1.4831885719601701e-15,5.3128550954208536e-14,1.1990408665951691e-14,2.3227947343329447e-15,4.2330997193872398e-13,0,8.3960616237277463e-16,true,2.8421709430404007e-14,6.8868521996279242e-16,7.8346265706534329e-16,INCONSISTENT,true,0.00099654165621043895
132,0.14500000000000002,0.10000000000000001,0.40000000000000002,0.69999999999999996,0.34999999999999998,0.4375,0.546875,1.25,-0.1474787431082491,-0.1350926361102302,1.1990408665951691e-14,4.5657921887709563e-15,1.9443251230485932e-14,1.1990408665951691e-14,3.0947466811426239e-15,3.6734546269951694e-15,0,1.4710455076283324e-15,true,0,1.4682699500667695e-14,1.3728703824262317e-14,INCONSISTENT,true,0.010572784699833068
133,0.14500000000000002,0.10000000000000001,-1.2,0.29999999999999999,1,1.25,1.5625,1.25,0.71650236684420454,-0.22164015499600465,1.1990408665951691e-14,2.7450264283856995e-14,3.3416837023195798e-14,1.1990408665951691e-14,6.7029715111743826e-15,1.5553031891404222e-14,0,2.0747292772682613e-14,true,0,2.285671651947041e-14,1.1816285397588527e-14,INCONSISTENT,true,0.0092190720354779054
134,0.14500000000000002,0.10000000000000001,2,-1.5,2.5,3.125,3.90625,1.25,1.1339903035639434,2.2280184001535885,1.1990408665951691e-14,3.6637359812630166e-15,4.8745744984960894e-14,1.1990408665951691e-14,7.2580830234869609e-15,1.2042926447707094e-13,0,3.5943470422239443e-15,true,0,9.8393515557404498e-15,1.2879777311049998e-14,INCONSISTENT,true,0.0081667771362038573
135,0.14500000000000002,0.10000000000000001,0.40000000000000002,0.69999999999999996,0.34999999999999998,0.61249999999999993,1.0718749999999999,1.75,-7.2325771361364897,3.4190390418706382,1.1990408665951691e-14,4.0661918276896358e-15,1.4190565651066147e-14,1.1990408665951691e-14,3.8857805861880479e-16,1.3440358285359156e-13,0,4.4547698863084406e-15,true,0,3.0531133177191805e-15,1.8154909373108853e-15,INCONSISTENT,true,0.010841370550981888
136,0.14500000000000002,0.10000000000000001,-1.2,0.29999999999999999,1,1.75,3.0625,1.75,-0.1474787431082491,-0.1350926361102302,1.1990408665951691e-14,7.8409501114151681e-15,2.104985489710649e-14,1.6431300764452317e-14,2.4424906541753444e-15,5.6898930012039273e-15,2.8421709430404007e-14,1.0283440765590512e-14,true,0,1.8596235662471372e-15,1.6100367505546509e-15,INCONSISTENT,true,0.0094532688322227481
137,0.14500000000000002,0.10000000000000001,2,-1.5,2.5,4.375,7.65625,1.75,0.71650236684420454,-0.22164015499600465,1.1990408665951691e-14,5.4123372450476381e-15,5.4791502830564094e-14,1.1990408665951691e-14,4.8572257327350599e-15,4.0721430802234139e-14,0,5.5511151231257827e-16,true,0,3.1918911957973251e-15,6.398558638966966e-15,INCONSISTENT,true,0.0083742419480406869
138,0.14500000000000002,0.10000000000000001,0.40000000000000002,0.69999999999999996,0.34999999999999998,1.0499999999999998,3.1499999999999999,3,1.1339903035639434,2.2280184001535885,1.1990408665951691e-14,6.4392935428259079e-15,1.3074850088610312e-14,1.1990408665951691e-14,2.9976021664879227e-15,3.675492212195508e-14,0,3.4416913763379853e-15,true,2.8421709430404007e-14,6.0507154842071031e-15,3.382673794742668e-15,INCONSISTENT,true,0.011299884559269805
139,0.14500000000000002,0.10000000000000001,-1.2,0.29999999999999999,1,3,9,3,-7.2325771361364897,3.4190390418706382,1.1990408665951691e-14,3.219646771412954e-15,2.0668121870772122e-14,1.1990408665951691e-14,6.2727600891321345e-15,1.6628872875427284e-13,0,3.0531133177191805e-15,true,2.8421709430404007e-14,3.8163916471489756e-15,1.8112878495472967e-15,INCONSISTENT,true,0.0098530758642997249
140,0.14500000000000002,0.10000000000000001,2,-1.5,2.5,7.5,22.5,3,-0.1474787431082491,-0.1350926361102302,1.1990408665951691e-14,2.1788126858268697e-15,5.2102472015172247e-14,1.1990408665951691e-14,2.9143354396410359e-16,1.005703088870617e-14,0,2.4702462297909733e-15,true,2.8421709430404007e-14,6.1756155744774333e-15,4.0058582402260129e-15,INCONSISTENT,true,0.0087284137037180014
141,0.14500000000000002,0.10000000000000001,0.40000000000000002,0.69999999999999996,0.34999999999999998,2.0999999999999996,12.6,6,0.71650236684420454,-0.22164015499600465,1.1990408665951691e-14,3.1086244689504383e-15,1.4606185420691414e-14,1.6431300764452317e-14,2.1233015345956119e-15,1.7806018397294897e-14,2.8421709430404007e-14,9.8532293435482643e-16,true,2.8421709430404007e-14,4.4131365228849972e-15,2.3553839753253098e-15,INCONSISTENT,true,0.011944736608460528
142,0.14500000000000002,0.10000000000000001,-1.2,0.29999999999999999,1,6,36,6,1.1339903035639434,2.2280184001535885,1.6431300764452317e-14,2.3453461395206432e-15,2.8598588721807288e-14,1.6431300764452317e-14,1.0408340855860843e-15,7.1695311272217185e-14,0,1.3045120539345589e-15,true,0,1.2906342661267445e-15,1.4424034415343174e-15,INCONSISTENT,true,0.010415362684896541
143,0.14500000000000002,0.10000000000000001,2,-1.5,2.5,15,90,6,-7.2325771361364897,3.4190390418706382,1.6431300764452317e-14,4.98212582300539e-15,7.192874423269188e-14,1.6431300764452317e-14,3.9690473130349346e-15,5.6933275903613074e-13,0,1.0130785099704553e-15,true,0,3.1918911957973251e-16,1.5455584012786981e-15,INCONSISTENT,true,0.009226519275814896
144,0.14500000000000002,1,0.40000000000000002,0.69999999999999996,0.34999999999999998,0.4375,0.546875,1.25,-0.1474787431082491,-0.1350926361102302,1.6431300764452317e-14,6.1950444774083735e-14,2.0351102738686824e-14,1.6431300764452317e-14,2.19824158875781e-14,1.6385195581609048e-15,0,3.9968028886505635e-14,true,0,6.0840221749458578e-14,1.7547430155129223e-14,INCONSISTENT,true,0.053594127445286167
145,0.14500000000000002,1,-1.2,0.29999999999999999,1,1.25,1.5625,1.25,0.71650236684420454,-0.22164015499600465,1.6431300764452317e-14,1.8318679906315083e-14,2.1779621738467122e-14,1.6431300764452317e-14,1.1546319456101628e-14,1.4281909161387313e-14,0,6.7723604502134549e-15,true,0,1.4654943925052066e-14,7.0175978115700548e-15,INCONSISTENT,true,0.049905637372991828
146,0.14500000000000002,1,2,-1.5,2.5,3.125,3.90625,1.25,1.1339903035639434,2.2280184001535885,1.6431300764452317e-14,4.9737991503207013e-14,7.9183733745782069e-14,1.6431300764452317e-14,3.5083047578154947e-14,1.6175153167060392e-13,0,1.4654943925052066e-14,true,0,2.4424906541753444e-14,7.2086612730640032e-15,INCONSISTENT,true,0.046670371329795506
147,0.14500000000000002,1,0.40000000000000002,0.69999999999999996,0.34999999999999998,0.61249999999999993,1.0718749999999999,1.75,-7.2325771361364897,3.4190390418706382,1.6431300764452317e-14,3.3306690738754696e-15,1.2683417378403072e-14,1.6431300764452317e-14,1.9539925233402755e-14,1.5041977424377774e-13,0,1.6209256159527285e-14,true,0,3.3306690738754696e-15,1.9759953821459069e-14,INCONSISTENT,true,0.054955606444893307
148,0.14500000000000002,1,-1.2,0.29999999999999999,1,1.75,3.0625,1.75,-0.1474787431082491,-0.1350926361102302,1.6431300764452317e-14,1.7763568394002505e-14,1.7351120105244294e-14,1.6431300764452317e-14,1.1102230246251565e-15,3.1835838817813217e-15,0,1.6653345369377348e-14,true,0,3.7747582837255322e-15,2.5460709598810573e-15,INCONSISTENT,true,0.051173415774915527
149,0.14500000000000002,1,2,-1.5,2.5,4.375,7.65625,1.75,0.71650236684420454,-0.22164015499600465,1.6431300764452317e-14,6.2172489379008766e-15,3.7956640156452848e-14,1.6431300764452317e-14,3.907985046680551e-14,3.8408582329602697e-14,0,3.2862601528904634e-14,true,0,3.4638958368304884e-14,1.1664917403643789e-14,INCONSISTENT,true,0.047855962615617871
150,0.14500000000000002,1,0.40000000000000002,0.69999999999999996,0.34999999999999998,1.0499999999999998,3.1499999999999999,3,1.1339903035639434,2.2280184001535885,1.6431300764452317e-14,7.1054273576010019e-15,9.6691438721499008e-15,1.6431300764452317e-14,8.2156503822261584e-15,2.3536728122053319e-14,0,1.1102230246251565e-15,true,0,5.3290705182007514e-15,8.0370445786677939e-15,INCONSISTENT,true,0.057279843520829155
151,0.14500000000000002,1,-1.2,0.29999999999999999,1,3,9,3,-7.2325771361364897,3.4190390418706382,1.6431300764452317e-14,6.8833827526759706e-15,1.5628533449401317e-14,1.6431300764452317e-14,2.2204460492503131e-16,1.2861117937673295e-13,0,7.1054273576010019e-15,true,0,1.1324274851176597e-14,3.5400572457747628e-16,INCONSISTENT,true,0.053337692687519735
152,0.14500000000000002,1,2,-1.5,2.5,7.5,22.5,3,-0.1474787431082491,-0.1350926361102302,1.6431300764452317e-14,3.0642155479654321e-14,6.0630782761975908e-14,1.6431300764452317e-14,2.4646951146678475e-14,1.1114721901413877e-14,0,5.9952043329758453e-15,true,0,3.3306690738754696e-15,2.9852003112886848e-15,INCONSISTENT,true,0.049879934505149728
153,0.14500000000000002,1,0.40000000000000002,0.69999999999999996,0.34999999999999998,2.0999999999999996,12.6,6,0.71650236684420454,-0.22164015499600465,1.6431300764452317e-14,5.1070259132757201e-15,1.0105469280107123e-14,1.6431300764452317e-14,1.1102230246251565e-14,6.6858106193078782e-15,0,5.9952043329758453e-15,true,0,1.2656542480726785e-14,1.2421491978095068e-15,INCONSISTENT,true,0.060548640142437764
154,0.14500000000000002,1,-1.2,0.29999999999999999,1,6,36,6,1.1339903035639434,2.2280184001535885,1.6431300764452317e-14,9.9920072216264089e-15,1.5808889762893907e-14,1.6431300764452317e-14,2.0872192862952943e-14,4.581227388310366e-14,0,1.0880185641326534e-14,true,0,1.9984014443252818e-14,2.0535182831735269e-15,INCONSISTENT,true,0.056381522051311521
155,0.14500000000000002,1,2,-1.5,2.5,15,90,6,-7.2325771361364897,3.4190390418706382,1.6431300764452317e-14,2.7311486405778851e-14,5.779305384478107e-14,1.6431300764452317e-14,3.7525538232330291e-14,5.3410179282829728e-13,0,1.021405182655144e-14,true,0,1.7541523789077473e-14,2.3072107506774262e-15,INCONSISTENT,true,0.052726439512408955
156,0.14500000000000002,10,0.40000000000000002,0.69999999999999996,0.34999999999999998,0.4375,0.546875,1.25,-0.1474787431082491,-0.1350926361102302,1.6431300764452317e-14,1.3180567748349858e-12,9.6491411346446851e-14,1.6431300764452317e-14,9.4146912488213275e-13,1.3692004373050197e-14,0,3.765876499528531e-13,true,0,9.7699626167013776e-14,6.4061920406282023e-14,INCONSISTENT,true,0.089647017649587338
157,0.14500000000000002,10,-1.2,0.29999999999999999,1,1.25,1.5625,1.25,0.71650236684420454,-0.22164015499600465,1.6431300764452317e-14,4.6185277824406512e-13,5.1324614988433259e-14,1.6431300764452317e-14,1.4441781104324036e-12,1.2150863523020764e-13,0,9.8232533218833851e-13,true,0,2.2737367544323206e-13,1.137644874625544e-14,INCONSISTENT,true,0.088568098435252832
158,0.14500000000000002,10,2,-1.5,2.5,3.125,3.90625,1.25,1.1339903035639434,2.2280184001535885,1.6431300764452317e-14,1.900701818158268e-13,4.1360538884041881e-14,4.0412118096355698e-14,2.2097879082139116e-12,1.2569793484810748e-12,5.6843418860808015e-14,2.0197177263980848e-12,true,0,3.765876499528531e-13,2.3169643826721412e-14,INCONSISTENT,true,0.087507730038330456
159,0.14500000000000002,10,0.40000000000000002,0.69999999999999996,0.34999999999999998,0.61249999999999993,1.0718749999999999,1.75,-7.2325771361364897,3.4190390418706382,1.6431300764452317e-14,8.5442763975152047e-13,6.1995891538134545e-14,1.6431300764452317e-14,3.872457909892546e-13,2.1804961094622919e-13,0,4.6718184876226587e-13,true,0,4.4408920985006262e-13,2.1286165471323631e-14,INCONSISTENT,true,0.091924366637869889
160,0.14500000000000002,10,-1.2,0.29999999999999999,1,1.75,3.0625,1.75,-0.1474787431082491,-0.1350926361102302,1.6431300764452317e-14,1.5454304502782179e-13,1.6957361997218284e-14,4.0412118096355698e-14,1.3340439863895881e-12,2.9744861892635188e-14,5.6843418860808015e-14,1.4885870314174099e-12,true,0,1.758593271006248e-13,5.1320573939683664e-14,INCONSISTENT,true,0.090818039087400979
161,0.14500000000000002,10,2,-1.5,2.5,4.375,7.65625,1.75,0.71650236684420454,-0.22164015499600465,1.6431300764452317e-14,4.3876013933186186e-13,1.0075345822159299e-13,1.6431300764452317e-14,2.8066438062523957e-13,4.9254378511838854e-14,0,1.5809575870662229e-13,true,0,8.8817841970012523e-14,1.2698682682794257e-14,INCONSISTENT,true,0.089730733610405913
162,0.14500000000000002,10,0.40000000000000002,0.69999999999999996,0.34999999999999998,1.0499999999999998,3.1499999999999999,3,1.1339903035639434,2.2280184001535885,1.6431300764452317e-14,4.2277292777725961e-13,2.9878255124927938e-14,1.6431300764452317e-14,2.007283228522283e-13,3.384705673477702e-14,0,2.2204460492503131e-13,true,0,2.3803181647963356e-13,3.4838175792741161e-14,INCONSISTENT,true,0.095812123228031593
163,0.14500000000000002,10,-1.2,0.29999999999999999,1,3,9,3,-7.2325771361364897,3.4190390418706382,1.6431300764452317e-14,2.2559731860383181e-13,2.4714871225113529e-14,1.6431300764452317e-14,3.3928415632544784e-13,3.0253656868083422e-13,0,1.1368683772161603e-13,true,0,3.730349362740526e-14,1.5559239455579741e-14,INCONSISTENT,true,0.094659005774225882
164,0.14500000000000002,10,2,-1.5,2.5,7.5,22.5,3,-0.1474787431082491,-0.1350926361102302,1.6431300764452317e-14,4.9915627187147038e-13,1.1431308278139498e-13,1.6431300764452317e-14,5.2757798130187439e-13,2.4150321566048274e-14,0,2.8421709430404007e-14,true,0,8.8817841970012523e-15,1.0278067596495406e-14,INCONSISTENT,true,0.093525714894432357
165,0.14500000000000002,10,0.40000000000000002,0.69999999999999996,0.34999999999999998,2.0999999999999996,12.6,6,0.71650236684420454,-0.22164015499600465,1.6431300764452317e-14,1.1368683772161603e-13,1.0160967102530691e-14,1.6431300764452317e-14,4.6185277824406512e-14,3.8479279375332735e-15,0,6.7501559897209518e-14,true,0,3.1619151741324458e-13,1.6071825868819024e-14,INCONSISTENT,true,0.10127984669702167
166,0.14500000000000002,10,-1.2,0.29999999999999999,1,6,36,6,1.1339903035639434,2.2280184001535885,1.6431300764452317e-14,1.1901590823981678e-13,1.2893054927361129e-14,1.6431300764452317e-14,2.6467716907063732e-13,7.3009130501454241e-14,0,1.4566126083082054e-13,true,0,2.3980817331903381e-13,4.0808322206363963e-15,INCONSISTENT,true,0.1000609241326257
167,0.14500000000000002,10,2,-1.5,2.5,15,90,6,-7.2325771361364897,3.4190390418706382,1.6431300764452317e-14,4.8494541715626838e-13,1.10985214818822e-13,1.6431300764452317e-14,2.2382096176443156e-13,4.2469419276666843e-13,0,2.6112445539183682e-13,true,0,5.3290705182007514e-15,1.4076306252730596e-14,INCONSISTENT,true,0.09886295958800298
168,0.14500000000000002,100,0.40000000000000002,0.69999999999999996,0.34999999999999998,0.4375,0.546875,1.25,-0.1474787431082491,-0.1350926361102302,7.3274719625260332e-14,1.2519763004092965e-10,1.0002573995213386e-12,7.3274719625260332e-14,1.4779288903810084e-10,2.3617406208123821e-13,0,2.2595258997171186e-11,true,0,7.1096906140155625e-11,1.1992560974896109e-12,INCONSISTENT,true,0.096038668931630572
169,0.14500000000000002,100,-1.2,0.29999999999999999,1,1.25,1.5625,1.25,0.71650236684420454,-0.22164015499600465,4.0412118096355698e-14,8.0021322901302483e-11,9.7996388628736697e-13,4.0412118096355698e-14,4.3812065086967777e-11,4.0250512582679629e-13,0,3.6209257814334705e-11,true,0,3.0894398150849156e-11,5.1765274494424069e-13,INCONSISTENT,true,0.095913951308460241
170,0.14500000000000002,100,2,-1.5,2.5,3.125,3.90625,1.25,1.1339903035639434,2.2280184001535885,7.3274719625260332e-14,1.03554498309677e-10,2.5613307069065045e-12,1.3011813848606835e-13,1.0625456070556538e-10,6.5721329915664016e-12,5.6843418860808015e-14,2.7000623958883807e-12,true,0,1.446665010007564e-11,6.2262107907208761e-13,INCONSISTENT,true,0.095788767103433897
171,0.14500000000000002,100,0.40000000000000002,0.69999999999999996,0.34999999999999998,0.61249999999999993,1.0718749999999999,1.75,-7.2325771361364897,3.4190390418706382,4.0412118096355698e-14,2.2097879082139116e-11,1.7645674812839191e-13,7.3274719625260332e-14,2.8705926524708048e-11,1.8302657158107015e-12,1.1368683772161603e-13,5.0803805606847163e-11,true,5.6843418860808015e-14,5.2423843044380192e-11,5.1227831935497988e-13,INCONSISTENT,true,0.098478388303967129
172,0.14500000000000002,100,-1.2,0.29999999999999999,1,1.75,3.0625,1.75,-0.1474787431082491,-0.1350926361102302,1.6431300764452317e-14,8.0007112046587281e-12,9.7933061853571964e-14,1.6431300764452317e-14,2.6602720026858151e-11,6.5149856859156369e-14,0,1.8602008822199423e-11,true,0,2.9700686354772188e-12,1.3858470264765574e-13,INCONSISTENT,true,0.098350502413497465
173,0.14500000000000002,100,2,-1.5,2.5,4.375,7.65625,1.75,0.71650236684420454,-0.22164015499600465,1.6431300764452317e-14,8.6117779574124143e-12,2.1302966802621869e-13,4.0412118096355698e-14,5.7823967836156953e-11,1.0729017240858261e-12,5.6843418860808015e-14,6.6435745793569367e-11,true,0,2.886224592657527e-11,1.3315341709842071e-13,INCONSISTENT,true,0.098222138091698372
174,0.14500000000000002,100,0.40000000000000002,0.69999999999999996,0.34999999999999998,1.0499999999999998,3.1499999999999999,3,1.1339903035639434,2.2280184001535885,1.6431300764452317e-14,3.085176558670355e-11,2.4656313749541436e-13,4.0412118096355698e-14,1.7053025658242404e-13,2.8435583831733384e-15,5.6843418860808015e-14,3.1022295843285974e-11,true,0,1.2221335055073723e-11,2.6915094788238967e-13,INCONSISTENT,true,0.10264333408551167
175,0.14500000000000002,100,-1.2,0.29999999999999999,1,3,9,3,-7.2325771361364897,3.4190390418706382,1.6431300764452317e-14,7.815970093361102e-13,9.7144514654701197e-15,1.6431300764452317e-14,3.4248159863636829e-12,3.3596163221270131e-13,0,4.2064129956997931e-12,true,0,3.723243935382925e-12,3.2927532005182236e-14,INCONSISTENT,true,0.10251003951876607
176,0.14500000000000002,100,2,-1.5,2.5,7.5,22.5,3,-0.1474787431082491,-0.1350926361102302,7.3274719625260332e-14,6.205880254128715e-11,1.5352164626820976e-12,1.6431300764452317e-14,2.0804691303055733e-11,1.0295622242211134e-13,5.6843418860808015e-14,4.1254111238231417e-11,true,5.6843418860808015e-14,4.9112713895738125e-11,2.0082501246679106e-13,INCONSISTENT,true,0.10237624628528322
177,0.14500000000000002,100,0.40000000000000002,0.69999999999999996,0.34999999999999998,2.0999999999999996,12.6,6,0.71650236684420454,-0.22164015499600465,1.6431300764452317e-14,4.2206238504149951e-12,3.35592342242703e-14,1.6431300764452317e-14,2.34052777159377e-11,1.4021525636547767e-13,0,1.9184653865522705e-11,true,0,2.5153212845907547e-12,2.0311401316757628e-13,INCONSISTENT,true,0.10850089519391409
178,0.14500000000000002,100,-1.2,0.29999999999999999,1,6,36,6,1.1339903035639434,2.2280184001535885,1.6431300764452317e-14,3.4106051316484809e-13,4.0519338086785559e-15,1.6431300764452317e-14,3.3963942769332789e-12,1.0360992430010667e-13,0,3.0553337637684308e-12,true,0,6.7927885538665578e-12,7.6580661354441719e-14,INCONSISTENT,true,0.10835999388785275
179,0.14500000000000002,100,2,-1.5,2.5,15,90,6,-7.2325771361364897,3.4190390418706382,1.6431300764452317e-14,2.3646862246096134e-11,5.846441194185055e-13,4.0412118096355698e-14,2.0889956431346945e-11,4.138502777316431e-12,5.6843418860808015e-14,4.453681867744308e-11,true,0,1.624300693947589e-11,1.0027819988726404e-13,INCONSISTENT,true,0.10821856545760693
180,0.1925,0.01,0.40000000000000002,0.69999999999999996,0.34999999999999998,0.4375,0.546875,1.25,-0.1474787431082491,-0.1350926361102302,8.1601392309949006e-15,5.377642775528102e-16,1.1776740121916979e-14,8.1601392309949006e-15,9.6277152916712794e-16,2.2830648150541466e-15,0,4.2500725161431774e-16,true,0,3.0444397003392965e-15,7.8875901577652565e-15,INCONSISTENT,true,0.0012356509860713012
181,0.1925,0.01,-1.2,0.29999999999999999,1,1.25,1.5625,1.25,0.71650236684420454,-0.22164015499600465,8.1601392309949006e-15,2.5170837636423471e-15,1.691187103632218e-14,2.0261570199409107e-14,4.6698755973295647e-15,2.8359679586765798e-14,2.8421709430404007e-14,2.1527918336872176e-15,true,0,8.2919782151691379e-16,7.1230641896126214e-15,INCONSISTENT,true,0.0010117987408720954
182,0.1925,0.01,2,-1.5,2.5,3.125,3.90625,1.25,1.1339903035639434,2.2280184001535885,8.1601392309949006e-15,2.8536201179818477e-15,3.5782265900586546e-14,8.1601392309949006e-15,2.8362728832220796e-15,8.9353574196793387e-14,0,1.7347234759768071e-17,true,0,5.6794846603480664e-15,3.8807394337997325e-15,INCONSISTENT,true,0.00084954973449027872
183,0.1925,0.01,0.40000000000000002,0.69999999999999996,0.34999999999999998,0.61249999999999993,1.0718749999999999,1.75,-7.2325771361364897,3.4190390418706382,8.1601392309949006e-15,1.3825746103535153e-15,1.3206055043504248e-14,8.1601392309949006e-15,1.0061396160665481e-16,9.9955593039361334e-14,0,1.2819606487468604e-15,true,0,2.0209528495129803e-15,2.6305484184538796e-15,INCONSISTENT,true,0.0012778802935650389
184,0.1925,0.01,-1.2,0.29999999999999999,1,1.75,3.0625,1.75,-0.1474787431082491,-0.1350926361102302,8.1601392309949006e-15,4.9786563760534364e-16,1.5895974606912447e-14,8.1601392309949006e-15,1.4866580189121237e-15,3.2765983084575146e-15,0,9.8879238130678004e-16,true,0,4.1112946380650328e-16,8.4386790519977739e-15,INCONSISTENT,true,0.001046377728494353
185,0.1925,0.01,2,-1.5,2.5,4.375,7.65625,1.75,0.71650236684420454,-0.22164015499600465,8.1601392309949006e-15,9.298117831235686e-16,3.7112681666997423e-14,8.1601392309949006e-15,4.7340603659407066e-15,2.6719264945447427e-14,0,5.6638721490642752e-15,true,0,3.4694469519536142e-18,3.1086244689504383e-15,INCONSISTENT,true,0.00087858373953145111
186,0.1925,0.01,0.40000000000000002,0.69999999999999996,0.34999999999999998,1.0499999999999998,3.1499999999999999,3,1.1339903035639434,2.2280184001535885,8.1601392309949006e-15,9.1766871879173095e-16,1.2836886208488526e-14,8.1601392309949006e-15,1.5699247457590104e-15,3.36373758952718e-14,0,6.5225602696727947e-16,true,0,2.0469737016526324e-15,2.698069804024391e-15,INCONSISTENT,true,0.0013514950499550957
187,0.1925,0.01,-1.2,0.29999999999999999,1,3,9,3,-7.2325771361364897,3.4190390418706382,8.1601392309949006e-15,1.2836953722228372e-16,1.5727593509286903e-14,8.1601392309949006e-15,1.4831885719601701e-15,1.3058639357973942e-13,0,1.3548190347378863e-15,true,0,1.2333883914195098e-15,1.1604675688383683e-15,INCONSISTENT,true,0.0011066563335827536
188,0.1925,0.01,2,-1.5,2.5,7.5,22.5,3,-0.1474787431082491,-0.1350926361102302,8.1601392309949006e-15,9.4195484745540625e-16,3.7112681666997423e-14,8.1601392309949006e-15,5.8460181140418399e-16,7.3611559394104809e-15,0,3.5735303605122226e-16,true,0,7.1991024253037494e-16,3.1150715809885603e-15,INCONSISTENT,true,0.00092919624860787915
189,0.1925,0.01,0.40000000000000002,0.69999999999999996,0.34999999999999998,2.0999999999999996,12.6,6,0.71650236684420454,-0.22164015499600465,8.1601392309949006e-15,6.5746019739520989e-16,1.2715325702292301e-14,8.1601392309949006e-15,1.5456386170953351e-15,1.0084406975101118e-14,0,8.8817841970012523e-16,true,0,5.3429483060085659e-16,9.6983733119239963e-16,INCONSISTENT,true,0.0014581144838864155
190,0.1925,0.01,-1.2,0.29999999999999999,1,6,36,6,1.1339903035639434,2.2280184001535885,8.1601392309949006e-15,4.7357950894166834e-16,1.5895974606912447e-14,8.1601392309949006e-15,1.85268467234323e-15,4.1386160011060724e-14,0,1.3791051634015616e-15,true,0,4.7357950894166834e-16,1.8269732361873441e-15,INCONSISTENT,true,0.0011939604430914136
191,0.1925,0.01,2,-1.5,2.5,15,90,6,-7.2325771361364897,3.4190390418706382,8.1601392309949006e-15,1.3478801408339791e-15,3.743081980773455e-14,8.1601392309949006e-15,3.434752482434078e-16,2.9540979804192211e-13,0,1.0044048925905713e-15,true,0,1.8145207558717402e-15,2.8176914631606872e-15,INCONSISTENT,true,0.0010025005333978148
192,0.1925,0.10000000000000001,0.40000000000000002,0.69999999999999996,0.34999999999999998,0.4375,0.546875,1.25,-0.1474787431082491,-0.1350926361102302,8.1601392309949006e-15,1.0644263248593688e-14,1.9250207575906327e-14,8.1601392309949006e-15,1.6736612096224235e-14,4.8851587200300415e-15,0,6.0923488476305465e-15,true,0,9.145462165349727e-15,8.2381283176946115e-15,INCONSISTENT,true,0.011134853700665094
193,0.1925,0.10000000000000001,-1.2,0.29999999999999999,1,1.25,1.5625,1.25,0.71650236684420454,-0.22164015499600465,8.1601392309949006e-15,6.9805272673306717e-15,1.4328437879674091e-14,8.1601392309949006e-15,1.6542323066914832e-14,1.512849469098486e-14,0,9.5617957995841607e-15,true,0,6.7584826624056404e-15,7.3969383753303372e-15,INCONSISTENT,true,0.00928467030648885
194,0.1925,0.10000000000000001,2,-1.5,2.5,3.125,3.90625,1.25,1.1339903035639434,2.2280184001535885,8.1601392309949006e-15,1.4002687898084787e-14,4.8079194786627263e-14,8.1601392309949006e-15,5.1486592766991635e-15,9.4372875445994667e-14,0,8.8540286213856234e-15,true,0,1.6361911825413245e-14,1.0149895753564149e-14,INCONSISTENT,true,0.0079005455136000758
195,0.1925,0.10000000000000001,0.40000000000000002,0.69999999999999996,0.34999999999999998,0.61249999999999993,1.0718749999999999,1.75,-7.2325771361364897,3.4190390418706382,8.1601392309949006e-15,1.915134717478395e-15,1.2467290472261345e-14,8.1601392309949006e-15,7.4940054162198066e-16,8.5437270387321755e-14,0,2.6645352591003757e-15,true,0,5.2735593669694936e-16,2.227434645550107e-15,INCONSISTENT,true,0.011515395751807387
196,0.1925,0.10000000000000001,-1.2,0.29999999999999999,1,1.75,3.0625,1.75,-0.1474787431082491,-0.1350926361102302,8.1601392309949006e-15,2.3314683517128287e-15,1.3973051045856501e-14,8.1601392309949006e-15,1.3877787807814457e-16,2.9349142536489738e-15,0,2.4702462297909733e-15,true,0,7.9103390504542404e-16,1.0269274794731032e-15,INCONSISTENT,true,0.009601980940071482
197,0.1925,0.10000000000000001,2,-1.5,2.5,4.375,7.65625,1.75,0.71650236684420454,-0.22164015499600465,8.1601392309949006e-15,1.7902346272080649e-15,3.3628580276914703e-14,8.1601392309949006e-15,3.9412917374193057e-15,2.5003445110377325e-14,0,2.1510571102112408e-15,true,0,3.5665914666083154e-15,2.9006564263516011e-15,INCONSISTENT,true,0.0081705526349834922
198,0.1925,0.10000000000000001,0.40000000000000002,0.69999999999999996,0.34999999999999998,1.0499999999999998,3.1499999999999999,3,1.1339903035639434,2.2280184001535885,8.1601392309949006e-15,6.2450045135165055e-16,1.0623534945633305e-14,8.1601392309949006e-15,9.7144514654701197e-17,2.7585411918237118e-14,0,5.2735593669694936e-16,true,0,9.8532293435482643e-16,2.9190527813908642e-15,INCONSISTENT,true,0.012178762310716197
199,0.1925,0.10000000000000001,-1.2,0.29999999999999999,1,3,9,3,-7.2325771361364897,3.4190390418706382,8.1601392309949006e-15,7.4940054162198066e-16,1.4345632441180225e-14,8.1601392309949006e-15,1.6930901125533637e-15,1.1304665702523181e-13,0,9.4368957093138306e-16,true,0,1.3877787807814457e-16,4.6120531159891033e-16,INCONSISTENT,true,0.010155121552184997
200,0.1925,0.10000000000000001,2,-1.5,2.5,7.5,22.5,3,-0.1474787431082491,-0.1350926361102302,8.1601392309949006e-15,1.8596235662471372e-15,3.5319054491694725e-14,8.1601392309949006e-15,2.1094237467877974e-15,7.0608896949579587e-15,0,2.4980018054066022e-16,true,0,1.1934897514720433e-15,1.7876153072205497e-15,INCONSISTENT,true,0.0086412330616627859
201,0.1925,0.10000000000000001,0.40000000000000002,0.69999999999999996,0.34999999999999998,2.0999999999999996,12.6,6,0.71650236684420454,-0.22164015499600465,8.1601392309949006e-15,9.4368957093138306e-16,1.0390080172296499e-14,8.1601392309949006e-15,3.6082248300317588e-16,8.4808613554937899e-15,0,1.3045120539345589e-15,true,0,2.4980018054066022e-16,1.0631269344091169e-15,INCONSISTENT,true,0.013139544774216546
202,0.1925,0.10000000000000001,-1.2,0.29999999999999999,1,6,36,6,1.1339903035639434,2.2280184001535885,8.1601392309949006e-15,1.7069679003611782e-15,1.4009171408935143e-14,8.1601392309949006e-15,3.8857805861880479e-16,3.6342129417059194e-14,0,2.095545958979983e-15,true,0,3.1918911957973251e-16,1.5104864173226424e-15,INCONSISTENT,true,0.010956259012062571
203,0.1925,0.10000000000000001,2,-1.5,2.5,15,90,6,-7.2325771361364897,3.4190390418706382,8.1601392309949006e-15,1.7763568394002505e-15,3.504156535862919e-14,8.1601392309949006e-15,2.3731017151362721e-15,2.8513155716629732e-13,0,5.9674487573602164e-16,true,0,2.7755575615628914e-17,1.8344898145067264e-15,INCONSISTENT,true,0.0093229398703582808
204,0.1925,1,0.40000000000000002,0.69999999999999996,0.34999999999999998,0.4375,0.546875,1.25,-0.1474787431082491,-0.1350926361102302,8.1601392309949006e-15,2.8421709430404007e-14,1.7515241704223668e-14,8.1601392309949006e-15,5.5733195836182858e-14,5.8876218327349039e-15,0,2.7311486405778851e-14,true,0,4.4408920985006262e-15,2.3194396077713083e-14,INCONSISTENT,true,0.055358299277314393
205,0.1925,1,-1.2,0.29999999999999999,1,1.25,1.5625,1.25,0.71650236684420454,-0.22164015499600465,8.1601392309949006e-15,3.0198066269804258e-14,2.2591401799415137e-14,8.1601392309949006e-15,3.5971225997855072e-14,1.6185284992597328e-14,0,6.616929226765933e-14,true,0,9.7699626167013776e-15,6.909938419141653e-15,INCONSISTENT,true,0.050425881672263827
206,0.1925,1,2,-1.5,2.5,3.125,3.90625,1.25,1.1339903035639434,2.2280184001535885,8.1601392309949006e-15,2.5313084961453569e-14,3.1642719604227595e-14,8.1601392309949006e-15,2.2648549702353193e-14,7.3285484633527215e-14,0,2.6645352591003757e-15,true,0,1.8207657603852567e-14,6.4194886225325267e-15,INCONSISTENT,true,0.046087197803610633
207,0.1925,1,0.40000000000000002,0.69999999999999996,0.34999999999999998,0.61249999999999993,1.0718749999999999,1.75,-7.2325771361364897,3.4190390418706382,8.1601392309949006e-15,2.9753977059954195e-14,1.8057855139301642e-14,8.1601392309949006e-15,2.5091040356528538e-14,1.2828030128642749e-13,0,4.6629367034256575e-15,true,0,2.9087843245179101e-14,9.3864295699703237e-15,INCONSISTENT,true,0.057250211045579619
208,0.1925,1,-1.2,0.29999999999999999,1,1.75,3.0625,1.75,-0.1474787431082491,-0.1350926361102302,8.1601392309949006e-15,9.1038288019262836e-15,1.1086815200167266e-14,8.1601392309949006e-15,5.5511151231257827e-16,1.5826155226951365e-15,0,9.6589403142388619e-15,true,0,9.4368957093138306e-15,3.030162857611258e-15,INCONSISTENT,true,0.052149224336475855
209,0.1925,1,2,-1.5,2.5,4.375,7.65625,1.75,0.71650236684420454,-0.22164015499600465,8.1601392309949006e-15,8.8817841970012523e-16,2.0663275755573525e-14,8.1601392309949006e-15,2.6645352591003757e-15,1.5049973003682865e-14,0,3.5527136788005009e-15,true,0,5.6621374255882984e-15,1.5694016030108933e-15,INCONSISTENT,true,0.047662262663468929
210,0.1925,1,0.40000000000000002,0.69999999999999996,0.34999999999999998,1.0499999999999998,3.1499999999999999,3,1.1339903035639434,2.2280184001535885,8.1601392309949006e-15,3.5527136788005009e-15,6.9271155433121552e-15,8.1601392309949006e-15,1.2878587085651816e-14,2.6801252918666088e-14,0,9.3258734068513149e-15,true,0,4.4408920985006262e-15,2.2784650273676893e-15,INCONSISTENT,true,0.060548219756399312
211,0.1925,1,-1.2,0.29999999999999999,1,3,9,3,-7.2325771361364897,3.4190390418706382,8.1601392309949006e-15,6.6613381477509392e-16,8.0613583567220155e-15,8.1601392309949006e-15,2.9976021664879227e-15,6.0948716169298801e-14,0,3.6637359812630166e-15,true,0,1.0769163338864018e-14,4.2248481654235445e-15,INCONSISTENT,true,0.055153380879883057
212,0.1925,1,2,-1.5,2.5,7.5,22.5,3,-0.1474787431082491,-0.1350926361102302,8.1601392309949006e-15,3.9968028886505635e-15,2.1628557899130955e-14,8.1601392309949006e-15,6.7723604502134549e-15,4.6115201881726443e-15,0,2.7755575615628914e-15,true,0,1.2323475573339238e-14,2.2034311318364187e-15,INCONSISTENT,true,0.050407939134708868
213,0.1925,1,0.40000000000000002,0.69999999999999996,0.34999999999999998,2.0999999999999996,12.6,6,0.71650236684420454,-0.22164015499600465,8.1601392309949006e-15,2.4424906541753444e-15,6.4603151832437054e-15,8.1601392309949006e-15,4.8849813083506888e-15,5.5909402938488437e-15,0,2.4424906541753444e-15,true,0,8.992806499463768e-15,2.2543522797878572e-15,INCONSISTENT,true,0.065324868339725617
214,0.1925,1,-1.2,0.29999999999999999,1,6,36,6,1.1339903035639434,2.2280184001535885,8.1601392309949006e-15,5.2180482157382357e-15,7.704859804421632e-15,8.1601392309949006e-15,3.7747582837255322e-15,1.8935080708118194e-14,0,1.4432899320127035e-15,true,0,1.0769163338864018e-14,8.3895614097172491e-16,INCONSISTENT,true,0.05950443066640599
215,0.1925,1,2,-1.5,2.5,15,90,6,-7.2325771361364897,3.4190390418706382,8.1601392309949006e-15,1.4432899320127035e-14,2.8896526922390535e-14,8.1601392309949006e-15,2.3536728122053319e-14,2.993411640624194e-13,0,9.1038288019262836e-15,true,0,7.4384942649885488e-15,2.6743644967824272e-15,INCONSISTENT,true,0.054384621059048073
216,0.1925,10,0.40000000000000002,0.69999999999999996,0.34999999999999998,0.4375,0.546875,1.25,-0.1474787431082491,-0.1350926361102302,8.1601392309949006e-15,1.3731238368563936e-12,1.0199928955954734e-13,8.1601392309949006e-15,1.2239098623467726e-12,1.8178763166466779e-14,0,1.4921397450962104e-13,true,0,3.765876499528531e-13,4.2272693461126327e-14,INCONSISTENT,true,0.090577315228139235
217,0.1925,10,-1.2,0.29999999999999999,1,1.25,1.5625,1.25,0.71650236684420454,-0.22164015499600465,8.1601392309949006e-15,3.7125857943465235e-13,4.2364319852625713e-14,8.1601392309949006e-15,4.2277292777725961e-13,3.5633705814897194e-14,0,7.9403150721191196e-13,true,0,2.5934809855243657e-13,3.5771556022100815e-14,INCONSISTENT,true,0.089186666748732074
218,0.1925,10,2,-1.5,2.5,3.125,3.90625,1.25,1.1339903035639434,2.2280184001535885,8.1601392309949006e-15,5.4534154969587689e-13,1.2336811038374254e-13,8.1601392309949006e-15,1.6910917111090384e-12,9.501022696032827e-13,0,1.1457501614131615e-12,true,0,7.5495165674510645e-13,5.6907399609478595e-14,INCONSISTENT,true,0.087764357851249475
219,0.1925,10,0.40000000000000002,0.69999999999999996,0.34999999999999998,0.61249999999999993,1.0718749999999999,1.75,-7.2325771361364897,3.4190390418706382,8.1601392309949006e-15,2.0961010704922955e-13,1.5054067454612518e-14,8.1601392309949006e-15,8.1712414612411521e-14,5.5224417240786088e-14,0,2.9132252166164108e-13,true,0,5.3290705182007514e-14,5.1762756639807027e-14,INCONSISTENT,true,0.09367286351725547
220,0.1925,10,-1.2,0.29999999999999999,1,1.75,3.0625,1.75,-0.1474787431082491,-0.1350926361102302,8.1601392309949006e-15,1.2612133559741778e-13,1.4742261050337557e-14,8.1601392309949006e-15,7.638334409421077e-14,1.6516899727928723e-15,0,2.0250467969162855e-13,true,0,2.2026824808563106e-13,1.1398614913286824e-14,INCONSISTENT,true,0.092234688573871917
221,0.1925,10,2,-1.5,2.5,4.375,7.65625,1.75,0.71650236684420454,-0.22164015499600465,8.1601392309949006e-15,3.943512183468556e-13,8.7479938509060672e-14,8.1601392309949006e-15,4.9915627187147038e-13,8.3108184093239103e-14,0,1.0480505352461478e-13,true,0,1.5987211554602254e-13,1.8437674169082652e-14,INCONSISTENT,true,0.090763771193462822
222,0.1925,10,0.40000000000000002,0.69999999999999996,0.34999999999999998,1.0499999999999998,3.1499999999999999,3,1.1339903035639434,2.2280184001535885,8.1601392309949006e-15,7.2830630415410269e-14,4.847302891456679e-15,8.1601392309949006e-15,4.1922021409845911e-13,7.9892870766855739e-14,0,4.9205084451386938e-13,true,0,1.7763568394002505e-14,1.4322678692296748e-14,INCONSISTENT,true,0.099069069298980905
223,0.1925,10,-1.2,0.29999999999999999,1,3,9,3,-7.2325771361364897,3.4190390418706382,8.1601392309949006e-15,1.6342482922482304e-13,1.8104551571559053e-14,8.1601392309949006e-15,8.8817841970012523e-14,7.6635953960073034e-14,0,7.460698725481052e-14,true,0,3.0198066269804258e-14,9.294392141648098e-15,INCONSISTENT,true,0.097548045517035289
224,0.1925,10,2,-1.5,2.5,7.5,22.5,3,-0.1474787431082491,-0.1350926361102302,8.1601392309949006e-15,1.0835776720341528e-13,2.3437015788421226e-14,8.1601392309949006e-15,1.5631940186722204e-13,7.2143676915651041e-15,0,2.6467716907063732e-13,true,0,2.5757174171303632e-13,1.3190879760532425e-14,INCONSISTENT,true,0.095992393106934915
225,0.1925,10,0.40000000000000002,0.69999999999999996,0.34999999999999998,2.0999999999999996,12.6,6,0.71650236684420454,-0.22164015499600465,8.1601392309949006e-15,1.1368683772161603e-13,7.8199825827289097e-15,8.1601392309949006e-15,7.815970093361102e-14,3.9377718532503268e-15,0,3.5527136788005009e-14,true,0,5.6843418860808015e-14,6.6641846316425134e-15,INCONSISTENT,true,0.10688462740164692
226,0.1925,10,-1.2,0.29999999999999999,1,6,36,6,1.1339903035639434,2.2280184001535885,8.1601392309949006e-15,1.4210854715202004e-14,2.4024210408127191e-15,8.1601392309949006e-15,3.0553337637684308e-13,8.5404948011808894e-14,0,3.1974423109204508e-13,true,0,1.5809575870662229e-13,1.0406673388167958e-14,INCONSISTENT,true,0.10524361006539315
227,0.1925,10,2,-1.5,2.5,15,90,6,-7.2325771361364897,3.4190390418706382,8.1601392309949006e-15,6.7501559897209518e-14,1.6687357476335705e-14,8.1601392309949006e-15,7.9936057773011271e-14,1.5704441200128615e-13,0,1.2434497875801753e-14,true,0,1.6875389974302379e-13,5.5158089589078215e-15,INCONSISTENT,true,0.10356523224886313
228,0.1925,100,0.40000000000000002,0.69999999999999996,0.34999999999999998,0.4375,0.546875,1.25,-0.1474787431082491,-0.1350926361102302,1.2184697695261093e-13,1.439559582649963e-11,1.1406401584038916e-13,2.7605695507304517e-13,1.7212187231052667e-10,2.7480999497268716e-13,3.979039320256561e-13,1.865174681370263e-10,true,0,5.4569682106375694e-12,4.3942996813621877e-14,INCONSISTENT,true,0.096610254950049962
229,0.1925,100,-1.2,0.29999999999999999,1,1.25,1.5625,1.25,0.71650236684420454,-0.22164015499600465,1.2184697695261093e-13,1.4806289527768968e-10,1.8134729120427779e-12,1.2184697695261093e-13,7.3839601100189611e-11,6.7810462884851076e-13,0,7.4223294177500065e-11,true,5.6843418860808015e-14,1.0551559626037488e-10,1.4017219267835213e-12,INCONSISTENT,true,0.096450856714751301
230,0.1925,100,2,-1.5,2.5,3.125,3.90625,1.25,1.1339903035639434,2.2280184001535885,1.7869039581341895e-13,1.2771295132552041e-10,3.1591179368119521e-12,6.5003558091802915e-14,1.7706724975141697e-11,1.0964915122935096e-12,1.1368683772161603e-13,1.1000622635037871e-10,true,1.1368683772161603e-13,7.759126674500294e-11,4.5830191242600446e-13,INCONSISTENT,true,0.096283359134507737
231,0.1925,100,0.40000000000000002,0.69999999999999996,0.34999999999999998,0.61249999999999993,1.0718749999999999,1.75,-7.2325771361364897,3.4190390418706382,1.2184697695261093e-13,2.8705926524708048e-11,2.2862034287085896e-13,8.1601392309949006e-15,3.9392489270539954e-11,2.5207251512657224e-12,1.1368683772161603e-13,6.8098415795248002e-11,true,5.6843418860808015e-14,9.1802121460204944e-12,3.677371272402167e-13,INCONSISTENT,true,0.099911983519411232
232,0.1925,100,-1.2,0.29999999999999999,1,1.75,3.0625,1.75,-0.1474787431082491,-0.1350926361102302,8.1601392309949006e-15,2.0705215320049319e-11,2.5351711216568738e-13,6.5003558091802915e-14,5.6729732023086399e-11,1.389254294634001e-13,5.6843418860808015e-14,3.6024516703037079e-11,true,0,6.5654148784233257e-12,4.5963844040064544e-14,INCONSISTENT,true,0.099747137727729543
233,0.1925,100,2,-1.5,2.5,4.375,7.65625,1.75,0.71650236684420454,-0.22164015499600465,8.1601392309949006e-15,8.6117779574124143e-12,2.1280771617155744e-13,6.5003558091802915e-14,2.900435447372729e-11,5.3838362804855592e-13,5.6843418860808015e-14,2.0392576516314875e-11,true,0,1.4210854715202004e-12,1.8064076444595164e-13,INCONSISTENT,true,0.099573915792069645
234,0.1925,100,0.40000000000000002,0.69999999999999996,0.34999999999999998,1.0499999999999998,3.1499999999999999,3,1.1339903035639434,2.2280184001535885,8.1601392309949006e-15,9.6207486421917565e-12,7.6895749030038518e-14,4.8683279629813114e-14,2.9402258405752946e-11,5.8636132386256051e-13,5.6843418860808015e-14,1.9781509763561189e-11,true,0,1.6228796084760688e-11,3.3223220193643658e-13,INCONSISTENT,true,0.10566760582979844
235,0.1925,100,-1.2,0.29999999999999999,1,3,9,3,-7.2325771361364897,3.4190390418706382,8.1601392309949006e-15,1.8957280190079473e-11,2.3220431341508362e-13,4.8683279629813114e-14,2.5181634555337951e-11,2.4689353597478226e-12,5.6843418860808015e-14,4.4138914745417424e-11,true,0,8.5975671026972122e-12,9.2787271228552171e-14,INCONSISTENT,true,0.10549326377860201
236,0.1925,100,2,-1.5,2.5,7.5,22.5,3,-0.1474787431082491,-0.1350926361102302,8.1601392309949006e-15,6.7075234255753458e-12,1.6586746850316535e-13,8.1601392309949006e-15,2.3732127374387346e-11,1.1727327591522093e-13,0,1.7024603948812e-11,true,0,2.6147972675971687e-12,3.7403070983323903e-14,INCONSISTENT,true,0.10531006305953623
237,0.1925,100,0.40000000000000002,0.69999999999999996,0.34999999999999998,2.0999999999999996,12.6,6,0.71650236684420454,-0.22164015499600465,8.1601392309949006e-15,1.1510792319313623e-12,9.1303610255461759e-15,8.1601392309949006e-15,2.0463630789890885e-12,1.2259044229483178e-14,0,8.9528384705772623e-13,true,0,2.6147972675971687e-12,5.1608510848150824e-14,INCONSISTENT,true,0.11400372242799427
238,0.1925,100,-1.2,0.29999999999999999,1,6,36,6,1.1339903035639434,2.2280184001535885,8.1601392309949006e-15,8.4554585555451922e-12,1.0347999256394837e-13,8.1601392309949006e-15,1.4509282664221246e-11,4.4441771436362068e-13,0,6.0538241086760536e-12,true,0,1.5347723092418164e-12,6.7140953427086407e-14,INCONSISTENT,true,0.11381562653337378
239,0.1925,100,2,-1.5,2.5,15,90,6,-7.2325771361364897,3.4190390418706382,8.1601392309949006e-15,1.7507773009128869e-11,4.3285475747363675e-13,8.1601392309949006e-15,1.8516743693908211e-11,3.6597865723715841e-12,0,1.0089706847793423e-12,true,0,1.3585577107733116e-11,1.0535874801104158e-13,INCONSISTENT,true,0.11361797311112791
240,0.23999999999999999,0.01,0.40000000000000002,0.69999999999999996,0.34999999999999998,0.4375,0.546875,1.25,-0.1474787431082491,-0.1350926361102302,4.2188474935755949e-15,8.1670781248988078e-15,1.3769563162174884e-14,4.2188474935755949e-15,8.2590184691255786e-15,2.7871991625875901e-15,0,9.1940344226770776e-17,true,0,3.9985376121265404e-15,4.4723910709134377e-15,INCONSISTENT,true,0.0013055169752472422
241,0.23999999999999999,0.01,-1.2,0.29999999999999999,1,1.25,1.5625,1.25,0.71650236684420454,-0.22164015499600465,4.2188474935755949e-15,1.1535911115245767e-15,8.6853223349372154e-15,4.2188474935755949e-15,8.309325449928906e-16,5.8431914271309744e-15,0,1.9845236565174673e-15,true,0,3.6203678943635964e-15,4.0931216035158105e-15,INCONSISTENT,true,0.0010175655516054035
242,0.23999999999999999,0.01,2,-1.5,2.5,3.125,3.90625,1.25,1.1339903035639434,2.2280184001535885,4.2188474935755949e-15,2.1441182163073336e-15,2.0297354698375684e-14,4.2188474935755949e-15,2.6159630017730251e-15,5.1262977776534746e-14,0,4.7184478546569153e-16,true,0,6.9388939039072284e-18,2.6667172777441873e-15,INCONSISTENT,true,0.00081825299781219225
243,0.23999999999999999,0.01,0.40000000000000002,0.69999999999999996,0.34999999999999998,0.61249999999999993,1.0718749999999999,1.75,-7.2325771361364897,3.4190390418706382,4.2188474935755949e-15,2.0643209364124004e-15,8.0261139276653842e-15,4.2188474935755949e-15,5.2041704279304213e-16,5.3506760696881636e-14,0,1.5439038936193583e-15,true,0,1.3357370765021415e-15,3.0134964474455804e-15,INCONSISTENT,true,0.0013618859176610951
244,0.23999999999999999,0.01,-1.2,0.29999999999999999,1,1.75,3.0625,1.75,-0.1474787431082491,-0.1350926361102302,4.2188474935755949e-15,5.4296844798074062e-16,8.3229711185201232e-15,4.2188474935755949e-15,2.1389140458794031e-15,1.510640391060836e-15,0,2.6818824938601438e-15,true,0,3.2265856653168612e-16,9.0914256217093372e-16,INCONSISTENT,true,0.0010615014751223588
245,0.23999999999999999,0.01,2,-1.5,2.5,4.375,7.65625,1.75,0.71650236684420454,-0.22164015499600465,4.2188474935755949e-15,3.426078865054194e-15,2.1372874582740201e-14,4.2188474935755949e-15,3.0860730637627398e-15,1.5850936827610294e-14,0,3.4000580129145419e-16,true,0,2.5587171270657905e-15,1.6511570901457625e-15,INCONSISTENT,true,0.00085358310609767014
246,0.23999999999999999,0.01,0.40000000000000002,0.69999999999999996,0.34999999999999998,1.0499999999999998,3.1499999999999999,3,1.1339903035639434,2.2280184001535885,4.2188474935755949e-15,5.2562121322097255e-16,6.6513849639385682e-15,4.2188474935755949e-15,7.8236028766554e-16,1.3806104310196522e-14,0,1.3079815008865125e-15,true,0,3.660266534311063e-16,3.1406144886027928e-15,INCONSISTENT,true,0.0014622288331355535
247,0.23999999999999999,0.01,-1.2,0.29999999999999999,1,3,9,3,-7.2325771361364897,3.4190390418706382,4.2188474935755949e-15,2.1684043449710089e-16,8.1433174962751704e-15,4.2188474935755949e-15,1.6132928326584306e-16,6.3683073997265721e-14,0,3.7816971776294395e-16,true,0,3.1918911957973251e-16,3.1305597969727386e-15,INCONSISTENT,true,0.0011397122499120075
248,0.23999999999999999,0.01,2,-1.5,2.5,7.5,22.5,3,-0.1474787431082491,-0.1350926361102302,4.2188474935755949e-15,1.5126788710517758e-15,1.9656905456825264e-14,4.2188474935755949e-15,1.3652273755937472e-15,3.8894465579530542e-15,0,1.474514954580286e-16,true,0,9.3848540050345264e-16,1.0058169503169974e-15,INCONSISTENT,true,0.00091647458353749927
249,0.23999999999999999,0.01,0.40000000000000002,0.69999999999999996,0.34999999999999998,2.0999999999999996,12.6,6,0.71650236684420454,-0.22164015499600465,4.2188474935755949e-15,7.1297134862646772e-16,6.775317366032284e-15,4.2188474935755949e-15,4.0072112295064244e-16,4.9752982211341127e-15,0,3.1225022567582528e-16,true,0,1.474514954580286e-16,4.7458312402640842e-16,INCONSISTENT,true,0.0016118998513018246
250,0.23999999999999999,0.01,-1.2,0.29999999999999999,1,6,36,6,1.1339903035639434,2.2280184001535885,4.2188474935755949e-15,1.0026701691145945e-15,7.6693833680121693e-15,4.2188474935755949e-15,3.4520997171938461e-16,1.9805582170720156e-14,0,6.5746019739520989e-16,true,0,8.6215756756047313e-16,1.2162525163065638e-15,INCONSISTENT,true,0.0012563710717018255
251,0.23999999999999999,0.01,2,-1.5,2.5,15,90,6,-7.2325771361364897,3.4190390418706382,4.2188474935755949e-15,8.8644369622414843e-16,1.9524779959017565e-14,4.2188474935755949e-15,6.609296443471635e-16,1.5519504231194994e-13,0,2.2551405187698492e-16,true,0,3.6255720647915268e-16,4.7795106786403526e-16,INCONSISTENT,true,0.0010102832138526325
252,0.23999999999999999,0.10000000000000001,0.40000000000000002,0.69999999999999996,0.34999999999999998,0.4375,0.546875,1.25,-0.1474787431082491,-0.1350926361102302,4.2188474935755949e-15,8.0491169285323849e-16,6.445033517410433e-15,4.2188474935755949e-15,2.0400348077487251e-15,8.7201220765118326e-16,0,2.8449465006019636e-15,true,0,4.163336342344337e-17,7.9962168393454334e-15,INCONSISTENT,true,0.011732777368123625
253,0.23999999999999999,0.10000000000000001,-1.2,0.29999999999999999,1,1.25,1.5625,1.25,0.71650236684420454,-0.22164015499600465,4.2188474935755949e-15,3.5804692544161298e-15,7.1056441947268775e-15,4.2188474935755949e-15,1.2448375663609568e-14,1.3643665314598627e-14,0,1.6028844918025698e-14,true,0,5.6898930012039273e-16,9.2367212121435955e-16,INCONSISTENT,true,0.0093553742811964546
254,0.23999999999999999,0.10000000000000001,2,-1.5,2.5,3.125,3.90625,1.25,1.1339903035639434,2.2280184001535885,4.2188474935755949e-15,6.2311267257086911e-15,2.2559119918133004e-14,4.2188474935755949e-15,3.70536934468646e-15,4.4242074104630713e-14,0,9.936496070395151e-15,true,0,3.4972025275692431e-15,2.3080989554285755e-15,INCONSISTENT,true,0.0076443084924226025
255,0.23999999999999999,0.10000000000000001,0.40000000000000002,0.69999999999999996,0.34999999999999998,0.61249999999999993,1.0718749999999999,1.75,-7.2325771361364897,3.4190390418706382,4.2188474935755949e-15,7.0776717819853729e-16,5.3336944414291991e-15,4.2188474935755949e-15,2.2204460492503131e-16,4.7608765956767582e-14,0,9.298117831235686e-16,true,0,1.0824674490095276e-15,1.6295904085873024e-15,INCONSISTENT,true,0.012239369212060335
256,0.23999999999999999,0.10000000000000001,-1.2,0.29999999999999999,1,1.75,3.0625,1.75,-0.1474787431082491,-0.1350926361102302,4.2188474935755949e-15,4.4547698863084406e-15,7.1437050117145249e-15,4.2188474935755949e-15,1.9706458687096529e-15,1.3938716325034538e-15,0,2.4841240175987878e-15,true,0,1.9567680809018384e-15,1.7889482009054884e-15,INCONSISTENT,true,0.009759315833919242
257,0.23999999999999999,0.10000000000000001,2,-1.5,2.5,4.375,7.65625,1.75,0.71650236684420454,-0.22164015499600465,4.2188474935755949e-15,1.4016565685892601e-15,1.842301290428198e-14,4.2188474935755949e-15,5.5511151231257827e-16,1.3573810267411379e-14,0,8.4654505627668186e-16,true,0,1.0547118733938987e-15,1.8951661612371164e-15,INCONSISTENT,true,0.0079743705240526187
258,0.23999999999999999,0.10000000000000001,0.40000000000000002,0.69999999999999996,0.34999999999999998,1.0499999999999998,3.1499999999999999,3,1.1339903035639434,2.2280184001535885,4.2188474935755949e-15,1.4988010832439613e-15,4.7791200441584545e-15,4.2188474935755949e-15,7.9103390504542404e-16,1.2918722276634803e-14,0,7.0776717819853729e-16,true,0,1.0269562977782698e-15,2.8614969644703416e-15,INCONSISTENT,true,0.013141158395989365
259,0.23999999999999999,0.10000000000000001,-1.2,0.29999999999999999,1,3,9,3,-7.2325771361364897,3.4190390418706382,4.2188474935755949e-15,9.9920072216264089e-16,7.0429192032623901e-15,4.2188474935755949e-15,1.6792123247455493e-15,6.5568986063950339e-14,0,2.6784130469081902e-15,true,0,4.8572257327350599e-16,2.6900941805917699e-15,INCONSISTENT,true,0.010478376212692764
260,0.23999999999999999,0.10000000000000001,2,-1.5,2.5,7.5,22.5,3,-0.1474787431082491,-0.1350926361102302,4.2188474935755949e-15,1.3183898417423734e-15,1.8269832252148366e-14,4.2188474935755949e-15,8.0491169285323849e-16,3.6018140020540235e-15,0,5.134781488891349e-16,true,0,1.0685896612017132e-15,1.6328393570842084e-15,INCONSISTENT,true,0.0085619172319495764
261,0.23999999999999999,0.10000000000000001,0.40000000000000002,0.69999999999999996,0.34999999999999998,2.0999999999999996,12.6,6,0.71650236684420454,-0.22164015499600465,4.2188474935755949e-15,3.6082248300317588e-16,5.5688503603976495e-15,4.2188474935755949e-15,1.2490009027033011e-16,4.2457866502527571e-15,0,2.3592239273284576e-16,true,0,8.1878948066105295e-16,6.7032862392558164e-16,INCONSISTENT,true,0.01448626287791055
262,0.23999999999999999,0.10000000000000001,-1.2,0.29999999999999999,1,6,36,6,1.1339903035639434,2.2280184001535885,4.2188474935755949e-15,1.7347234759768071e-15,6.901489595777828e-15,4.2188474935755949e-15,1.1796119636642288e-15,1.7342238036525468e-14,0,5.5511151231257827e-16,true,0,7.3552275381416621e-16,1.0386358828719132e-15,INCONSISTENT,true,0.011550923273024817
263,0.23999999999999999,0.10000000000000001,2,-1.5,2.5,15,90,6,-7.2325771361364897,3.4190390418706382,4.2188474935755949e-15,8.1878948066105295e-16,1.8045820636273346e-14,4.2188474935755949e-15,1.3183898417423734e-15,1.472127263120673e-13,0,4.9960036108132044e-16,true,0,1.1102230246251565e-16,4.7795106786403526e-16,INCONSISTENT,true,0.0094382991227627833
264,0.23999999999999999,1,0.40000000000000002,0.69999999999999996,0.34999999999999998,0.4375,0.546875,1.25,-0.1474787431082491,-0.1350926361102302,4.2188474935755949e-15,9.7699626167013776e-15,7.1279430887802963e-15,4.2188474935755949e-15,2.4202861936828413e-14,2.7251396047830617e-15,0,1.4432899320127035e-14,true,0,2.2204460492503131e-15,8.0870729194415276e-15,INCONSISTENT,true,0.057222367189179515
265,0.23999999999999999,1,-1.2,0.29999999999999999,1,1.25,1.5625,1.25,0.71650236684420454,-0.22164015499600465,4.2188474935755949e-15,3.8857805861880479e-15,3.997188364167557e-15,4.2188474935755949e-15,1.8540724511240114e-14,7.9789435542347635e-15,0,1.4654943925052066e-14,true,0,1.1879386363489175e-14,4.8994399487138331e-15,INCONSISTENT,true,0.051025563887297017
266,0.23999999999999999,1,2,-1.5,2.5,3.125,3.90625,1.25,1.1339903035639434,2.2280184001535885,4.2188474935755949e-15,1.3988810110276972e-14,2.0784608565514448e-14,4.2188474935755949e-15,5.9952043329758453e-15,3.4559158127833666e-14,0,7.9936057773011271e-15,true,0,1.8429702208777599e-14,6.8094173966656141e-15,INCONSISTENT,true,0.045553702915198412
267,0.23999999999999999,1,0.40000000000000002,0.69999999999999996,0.34999999999999998,0.61249999999999993,1.0718749999999999,1.75,-7.2325771361364897,3.4190390418706382,4.2188474935755949e-15,4.8849813083506888e-15,4.9314402149642357e-15,4.2188474935755949e-15,6.6613381477509392e-15,4.5784283770727852e-14,0,1.7763568394002505e-15,true,0,7.8825834748386114e-15,3.2517095409480801e-15,INCONSISTENT,true,0.059693085212673309
268,0.23999999999999999,1,-1.2,0.29999999999999999,1,1.75,3.0625,1.75,-0.1474787431082491,-0.1350926361102302,4.2188474935755949e-15,4.9960036108132044e-15,4.20458037686513e-15,4.2188474935755949e-15,5.5511151231257827e-16,8.0059320849734419e-16,0,4.4408920985006262e-15,true,0,1.7763568394002505e-15,5.4548553730256016e-15,INCONSISTENT,true,0.053228719515892642
269,0.23999999999999999,1,2,-1.5,2.5,4.375,7.65625,1.75,0.71650236684420454,-0.22164015499600465,4.2188474935755949e-15,1.0769163338864018e-14,1.7462647098149164e-14,4.2188474935755949e-15,5.5511151231257827e-16,8.4054955132851551e-15,0,1.021405182655144e-14,true,0,1.2212453270876722e-15,1.876108117354646e-15,INCONSISTENT,true,0.047520597337048671
270,0.23999999999999999,1,0.40000000000000002,0.69999999999999996,0.34999999999999998,1.0499999999999998,3.1499999999999999,3,1.1339903035639434,2.2280184001535885,4.2188474935755949e-15,2.4424906541753444e-15,3.8234249894403411e-15,4.2188474935755949e-15,2.2204460492503131e-15,9.3258734068513149e-15,0,2.2204460492503131e-16,true,0,5.773159728050814e-15,3.6023847469397253e-15,INCONSISTENT,true,0.064091234959408355
271,0.23999999999999999,1,-1.2,0.29999999999999999,1,3,9,3,-7.2325771361364897,3.4190390418706382,4.2188474935755949e-15,5.773159728050814e-15,4.4744191754790019e-15,4.2188474935755949e-15,6.2172489379008766e-15,3.592459381734991e-14,0,4.4408920985006262e-16,true,0,0,4.4754278427677325e-15,INCONSISTENT,true,0.05715057878022102
272,0.23999999999999999,1,2,-1.5,2.5,7.5,22.5,3,-0.1474787431082491,-0.1350926361102302,4.2188474935755949e-15,2.3314683517128287e-15,1.1516390045942462e-14,4.2188474935755949e-15,3.4416913763379853e-15,2.4045945660938289e-15,0,1.1102230246251565e-15,true,0,7.8825834748386114e-15,1.8880967446567949e-15,INCONSISTENT,true,0.051021885675525173
273,0.23999999999999999,1,0.40000000000000002,0.69999999999999996,0.34999999999999998,2.0999999999999996,12.6,6,0.71650236684420454,-0.22164015499600465,4.2188474935755949e-15,2.2204460492503131e-16,2.9142032672361679e-15,4.2188474935755949e-15,2.2204460492503131e-15,1.6699540590904642e-15,0,2.4424906541753444e-15,true,0,5.9952043329758453e-15,3.1131270459560122e-15,INCONSISTENT,true,0.070651494321498767
274,0.23999999999999999,1,-1.2,0.29999999999999999,1,6,36,6,1.1339903035639434,2.2280184001535885,4.2188474935755949e-15,4.2188474935755949e-15,4.0523140398818214e-15,4.2188474935755949e-15,5.8841820305133297e-15,1.0805156823142815e-14,0,1.6653345369377348e-15,true,0,4.7739590058881731e-15,1.4708134673490581e-15,INCONSISTENT,true,0.063000405511272187
275,0.23999999999999999,1,2,-1.5,2.5,15,90,6,-7.2325771361364897,3.4190390418706382,4.2188474935755949e-15,7.6605388699135801e-15,1.49034777359612e-14,4.2188474935755949e-15,8.4376949871511897e-15,1.2405280544611435e-13,0,7.7715611723760958e-16,true,0,4.7739590058881731e-15,1.3322676295501878e-15,INCONSISTENT,true,0.056244390802571632
276,0.23999999999999999,10,0.40000000000000002,0.69999999999999996,0.34999999999999998,0.4375,0.546875,1.25,-0.1474787431082491,-0.1350926361102302,2.4202861936828413e-14,1.9184653865522705e-13,1.6742295730812572e-14,2.4202861936828413e-14,5.1514348342607263e-14,4.3885418357208762e-16,0,2.4336088699783431e-13,true,2.8421709430404007e-14,9.5923269327613525e-14,3.4537569573335257e-14,INCONSISTENT,true,0.091526450632019585
277,0.23999999999999999,10,-1.2,0.29999999999999999,1,1.25,1.5625,1.25,0.71650236684420454,-0.22164015499600465,4.2188474935755949e-15,4.6540549192286562e-13,5.2221213807169452e-14,2.4202861936828413e-14,5.6843418860808015e-14,4.695862805838358e-15,2.8421709430404007e-14,5.2224891078367364e-13,true,2.8421709430404007e-14,8.6153306710912148e-13,7.6181432611362536e-14,INCONSISTENT,true,0.089850812574949424
278,0.23999999999999999,10,2,-1.5,2.5,3.125,3.90625,1.25,1.1339903035639434,2.2280184001535885,2.4202861936828413e-14,4.7606363295926712e-13,1.0901304697378433e-13,2.4202861936828413e-14,2.9487523534044158e-13,1.7218982874354609e-13,0,1.8118839761882555e-13,true,2.8421709430404007e-14,7.6205708410270745e-13,3.4316205907075291e-14,INCONSISTENT,true,0.088065852209884748
279,0.23999999999999999,10,0.40000000000000002,0.69999999999999996,0.34999999999999998,0.61249999999999993,1.0718749999999999,1.75,-7.2325771361364897,3.4190390418706382,2.4202861936828413e-14,2.5224267119483557e-13,2.1256349861088063e-14,2.4202861936828413e-14,1.5809575870662229e-13,1.1322097734007352e-13,0,9.4146912488213275e-14,true,0,1.5987211554602254e-13,1.3501415968376382e-14,INCONSISTENT,true,0.095478332777282945
280,0.23999999999999999,10,-1.2,0.29999999999999999,1,1.75,3.0625,1.75,-0.1474787431082491,-0.1350926361102302,2.4202861936828413e-14,1.2967404927621828e-13,1.3768556071205303e-14,2.4202861936828413e-14,1.2789769243681803e-13,2.7298000184671209e-15,0,1.7763568394002505e-15,true,0,4.9737991503207013e-14,9.1663743884247046e-15,INCONSISTENT,true,0.093730344879427871
281,0.23999999999999999,10,2,-1.5,2.5,4.375,7.65625,1.75,0.71650236684420454,-0.22164015499600465,4.2188474935755949e-15,2.6645352591003757e-13,5.9597367607618428e-14,2.4202861936828413e-14,3.6415315207705135e-13,6.3377691800551265e-14,2.8421709430404007e-14,6.3060667798708891e-13,true,2.8421709430404007e-14,6.7679195581149543e-13,2.0026026790653753e-14,INCONSISTENT,true,0.091868314411261476
282,0.23999999999999999,10,0.40000000000000002,0.69999999999999996,0.34999999999999998,1.0499999999999998,3.1499999999999999,3,1.1339903035639434,2.2280184001535885,2.4202861936828413e-14,7.460698725481052e-14,7.9760465095809947e-15,2.4202861936828413e-14,5.3290705182007514e-15,7.7747325910644695e-15,0,6.9277916736609768e-14,true,0,1.3322676295501878e-13,1.4129524832366872e-15,INCONSISTENT,true,0.10251311752035527
283,0.23999999999999999,10,-1.2,0.29999999999999999,1,3,9,3,-7.2325771361364897,3.4190390418706382,2.4202861936828413e-14,1.8118839761882555e-13,1.9367664854610175e-14,2.4202861936828413e-14,2.0250467969162855e-13,1.7594229389711197e-13,0,2.1316282072803006e-14,true,0,1.3145040611561853e-13,4.9163984916024607e-15,INCONSISTENT,true,0.10063633895100156
284,0.23999999999999999,10,2,-1.5,2.5,7.5,22.5,3,-0.1474787431082491,-0.1350926361102302,4.2188474935755949e-15,1.9895196601282805e-13,4.4633174934301238e-14,2.4202861936828413e-14,3.6237679523765109e-13,1.6885338876288104e-14,2.8421709430404007e-14,5.6132876125047915e-13,true,2.8421709430404007e-14,7.5850437042390695e-13,1.2251582779408692e-14,INCONSISTENT,true,0.098637115224964683
285,0.23999999999999999,10,0.40000000000000002,0.69999999999999996,0.34999999999999998,2.0999999999999996,12.6,6,0.71650236684420454,-0.22164015499600465,2.4202861936828413e-14,1.0658141036401503e-14,3.3893637946200144e-15,2.4202861936828413e-14,3.0198066269804258e-14,3.5790704444182686e-15,0,1.9539925233402755e-14,true,0,3.4106051316484809e-13,7.9916649160672784e-15,INCONSISTENT,true,0.1130061691736058
286,0.23999999999999999,10,-1.2,0.29999999999999999,1,6,36,6,1.1339903035639434,2.2280184001535885,2.4202861936828413e-14,2.4691360067663481e-13,2.6639396041278332e-14,2.4202861936828413e-14,1.6164847238542279e-13,4.335047740755291e-14,0,8.5265128291212022e-14,true,0,2.5757174171303632e-13,2.0772717657438255e-16,INCONSISTENT,true,0.11093728704770557
287,0.23999999999999999,10,2,-1.5,2.5,15,90,6,-7.2325771361364897,3.4190390418706382,2.4202861936828413e-14,4.9205084451386938e-13,1.1282947033925561e-13,2.4202861936828413e-14,4.9382720135326963e-13,9.0910604066959625e-13,0,1.7763568394002505e-15,true,0,2.8066438062523957e-13,6.6987295713557363e-15,INCONSISTENT,true,0.10873342650705276
288,0.23999999999999999,100,0.40000000000000002,0.69999999999999996,0.34999999999999998,0.4375,0.546875,1.25,-0.1474787431082491,-0.1350926361102302,2.6001423236721166e-13,1.2238388080731966e-10,9.7709494668169072e-13,3.2640556923979602e-14,2.3021584638627246e-12,3.6251852589233533e-15,2.2737367544323206e-13,1.2008172234345693e-10,true,2.8421709430404007e-13,1.4793499758525286e-10,1.3412049067318991e-12,INCONSISTENT,true,0.097188542014438273
289,0.23999999999999999,100,-1.2,0.29999999999999999,1,1.25,1.5625,1.25,0.71650236684420454,-0.22164015499600465,2.4202861936828413e-14,6.8212102632969618e-12,8.3732476591559708e-14,2.4202861936828413e-14,3.5328184821992181e-11,3.2456701268939098e-13,0,4.2149395085289143e-11,true,5.6843418860808015e-14,9.2228447101661004e-12,8.8399411015001654e-14,INCONSISTENT,true,0.096998318009777013
290,0.23999999999999999,100,2,-1.5,2.5,3.125,3.90625,1.25,1.1339903035639434,2.2280184001535885,3.2640556923979602e-14,2.7569058147491887e-11,6.8194496531556332e-13,3.2640556923979602e-14,1.6370904631912708e-11,1.013100647271529e-12,0,1.1198153515579179e-11,true,5.6843418860808015e-14,3.8994585338514298e-11,2.4243379499407008e-13,INCONSISTENT,true,0.096789040469501375
291,0.23999999999999999,100,0.40000000000000002,0.69999999999999996,0.34999999999999998,0.61249999999999993,1.0718749999999999,1.75,-7.2325771361364897,3.4190390418706382,8.9483975784787617e-14,4.1680436879687477e-11,3.3286356810776221e-13,1.4632739464559563e-13,4.7862158680800349e-11,3.0533656145607782e-12,5.6843418860808015e-14,6.1817218011128716e-12,true,5.6843418860808015e-14,1.2278178473934531e-11,1.41392379395249e-13,INCONSISTENT,true,0.10138489903706367
292,0.23999999999999999,100,-1.2,0.29999999999999999,1,1.75,3.0625,1.75,-0.1474787431082491,-0.1350926361102302,3.2640556923979602e-14,1.9056756173085887e-11,2.3330803273119883e-13,8.9483975784787617e-14,5.9984017752867658e-11,1.4687804012768493e-13,5.6843418860808015e-14,4.0927261579781771e-11,true,5.6843418860808015e-14,2.2893686946190428e-11,1.8831986917598898e-13,INCONSISTENT,true,0.10118646163820878
293,0.23999999999999999,100,2,-1.5,2.5,4.375,7.65625,1.75,0.71650236684420454,-0.22164015499600465,2.4202861936828413e-14,2.3732127374387346e-12,5.9032553329670541e-14,8.1046280797636427e-14,4.1779912862693891e-11,7.7477115621088189e-13,5.6843418860808015e-14,3.9406700125255156e-11,true,0,4.4764192352886312e-12,4.7421554333765868e-14,INCONSISTENT,true,0.10096814801974145
294,0.23999999999999999,100,0.40000000000000002,0.69999999999999996,0.34999999999999998,1.0499999999999998,3.1499999999999999,3,1.1339903035639434,2.2280184001535885,3.2640556923979602e-14,1.1553424883459229e-11,9.2194313081023281e-14,8.9483975784787617e-14,3.3082869776990265e-11,6.5989194771403341e-13,5.6843418860808015e-14,2.1529444893531036e-11,true,0,6.4090954765561037e-12,1.1922186887217723e-13,INCONSISTENT,true,0.10885487594344659
295,0.23999999999999999,100,-1.2,0.29999999999999999,1,3,9,3,-7.2325771361364897,3.4190390418706382,2.4202861936828413e-14,1.666933258093195e-11,2.0401163735240124e-13,2.4202861936828413e-14,5.1869619710487314e-12,5.0756113505471028e-13,0,1.1482370609883219e-11,true,0,9.2654772743117064e-12,1.218685913627475e-13,INCONSISTENT,true,0.10864181779925262
296,0.23999999999999999,100,2,-1.5,2.5,7.5,22.5,3,-0.1474787431082491,-0.1350926361102302,2.4202861936828413e-14,1.0729195309977513e-11,2.652101356119631e-13,2.4202861936828413e-14,8.9954710347228684e-12,4.4519943287468777e-14,0,1.7337242752546445e-12,true,0,5.1869619710487314e-12,9.9649880712541761e-14,INCONSISTENT,true,0.10840741896816675
297,0.23999999999999999,100,0.40000000000000002,0.69999999999999996,0.34999999999999998,2.0999999999999996,12.6,6,0.71650236684420454,-0.22164015499600465,3.2640556923979602e-14,6.0964566728216596e-12,4.8527796336852406e-14,3.2640556923979602e-14,7.9580786405131221e-12,4.7556730804937212e-14,0,1.8616219676914625e-12,true,0,2.8279600883251987e-12,4.1867757142610706e-14,INCONSISTENT,true,0.11999705816963917
298,0.23999999999999999,100,-1.2,0.29999999999999999,1,6,36,6,1.1339903035639434,2.2280184001535885,2.4202861936828413e-14,1.3869794202037156e-11,1.6986819535067464e-13,2.4202861936828413e-14,9.9475983006414026e-12,3.040924982012382e-13,0,3.922195901395753e-12,true,0,9.6918029157677665e-12,1.6399388805348482e-13,INCONSISTENT,true,0.11976219179080495
299,0.23999999999999999,100,2,-1.5,2.5,15,90,6,-7.2325771361364897,3.4190390418706382,2.4202861936828413e-14,2.8705926524708048e-12,7.1242761486287079e-14,3.2640556923979602e-14,8.7823082139948383e-12,1.7395758319111463e-12,5.6843418860808015e-14,1.1652900866465643e-11,true,0,6.4090954765561037e-12,4.5495064844311075e-14,INCONSISTENT,true,0.11950380033241621
300,0.28749999999999998,0.01,0.40000000000000002,0.69999999999999996,0.34999999999999998,0.4375,0.546875,1.25,-0.1474787431082491,-0.1350926361102302,5.5511151231257827e-16,7.8929918156944723e-16,4.5775667985222375e-16,5.5511151231257827e-16,3.5197539327569416e-15,6.6703670468877582e-16,0,2.7304547511874944e-15,true,0,4.9786563760534364e-16,3.1987330134515998e-15,INCONSISTENT,true,0.0013794728701666493
301,0.28749999999999998,0.01,-1.2,0.29999999999999999,1,1.25,1.5625,1.25,0.71650236684420454,-0.22164015499600465,5.5511151231257827e-16,2.4806545706468341e-16,1.0778315928076987e-15,5.5511151231257827e-16,2.9056618222611519e-15,2.6013357054788202e-15,0,3.1537272793258353e-15,true,0,2.1805474093028465e-15,4.4635928139286164e-15,INCONSISTENT,true,0.001023448643755286
302,0.28749999999999998,0.01,2,-1.5,2.5,3.125,3.90625,1.25,1.1339903035639434,2.2280184001535885,2.8976820942716586e-14,6.8139938136368983e-15,1.3280513622413725e-13,2.8976820942716586e-14,4.649058915617843e-16,3.2830569486119001e-13,0,6.349087922075114e-15,true,2.8421709430404007e-14,5.5424415057458987e-15,1.2087688102748057e-14,INCONSISTENT,true,0.00078813834266183204
303,0.28749999999999998,0.01,0.40000000000000002,0.69999999999999996,0.34999999999999998,0.61249999999999993,1.0718749999999999,1.75,-7.2325771361364897,3.4190390418706382,5.5511151231257827e-16,9.1593399531575415e-16,1.6504651808933464e-15,5.5511151231257827e-16,5.8980598183211441e-17,6.1694844741610151e-15,0,8.569533971325427e-16,true,0,1.1969591984239969e-15,1.8528631816621427e-15,INCONSISTENT,true,0.0014517753017728595
304,0.28749999999999998,0.01,-1.2,0.29999999999999999,1,1.75,3.0625,1.75,-0.1474787431082491,-0.1350926361102302,5.5511151231257827e-16,4.8572257327350599e-16,1.0778315928076987e-15,5.5511151231257827e-16,3.903127820947816e-16,2.1000903724951387e-16,0,9.540979117872439e-17,true,0,2.2724877535296173e-16,3.1122830078516316e-15,INCONSISTENT,true,0.0010770907465979984
305,0.28749999999999998,0.01,2,-1.5,2.5,4.375,7.65625,1.75,0.71650236684420454,-0.22164015499600465,5.5511151231257827e-16,6.9388939039072284e-16,3.3380623550567164e-15,5.5511151231257827e-16,5.5858095926453188e-16,2.6829751694977971e-15,0,1.3530843112619095e-16,true,0,1.429412144204889e-15,2.4152943921347809e-15,INCONSISTENT,true,0.00082944710621624769
306,0.28749999999999998,0.01,0.40000000000000002,0.69999999999999996,0.34999999999999998,1.0499999999999998,3.1499999999999999,3,1.1339903035639434,2.2280184001535885,5.5511151231257827e-16,4.0245584642661925e-16,1.2412670766236366e-15,5.5511151231257827e-16,9.3675067702747583e-17,2.1868857395626282e-15,0,3.0878077872387166e-16,true,0,3.41740524767431e-16,5.3792526752399193e-16,INCONSISTENT,true,0.0015832100210664412
307,0.28749999999999998,0.01,-1.2,0.29999999999999999,1,3,9,3,-7.2325771361364897,3.4190390418706382,5.5511151231257827e-16,2.3245294578089215e-16,9.8209251913917337e-16,5.5511151231257827e-16,1.330532906074211e-15,1.1916163935586911e-14,0,1.0980799602933189e-15,true,0,2.3765711620882257e-16,5.2691779564086941e-16,INCONSISTENT,true,0.0011746038533139009
308,0.28749999999999998,0.01,2,-1.5,2.5,7.5,22.5,3,-0.1474787431082491,-0.1350926361102302,5.5511151231257827e-16,1.268082860939046e-15,4.2130001622920413e-15,5.5511151231257827e-16,1.6913553890773869e-15,9.2263808474350236e-16,0,4.2327252813834093e-16,true,0,1.1310397063368782e-15,9.9759934377372499e-16,INCONSISTENT,true,0.00090454009577716767
309,0.28749999999999998,0.01,0.40000000000000002,0.69999999999999996,0.34999999999999998,2.0999999999999996,12.6,6,0.71650236684420454,-0.22164015499600465,5.5511151231257827e-16,7.3725747729014302e-16,1.5100665727558131e-15,5.5511151231257827e-16,2.8275992658421956e-16,6.7532230144642595e-16,0,4.5449755070592346e-16,true,0,5.2215176626901894e-16,1.9866199964690135e-15,INCONSISTENT,true,0.0017851192075973891
310,0.28749999999999998,0.01,-1.2,0.29999999999999999,1,6,36,6,1.1339903035639434,2.2280184001535885,5.5511151231257827e-16,2.4633073358870661e-16,1.0778315928076987e-15,5.5511151231257827e-16,8.2052420413702976e-16,3.66205343881779e-15,0,5.7419347054832315e-16,true,0,8.6736173798840355e-18,8.8817841970012523e-16,INCONSISTENT,true,0.0013244028726248579
311,0.28749999999999998,0.01,2,-1.5,2.5,15,90,6,-7.2325771361364897,3.4190390418706382,5.5511151231257827e-16,4.2327252813834093e-16,3.1086244689504383e-15,5.5511151231257827e-16,7.7021722333370235e-16,2.8642893384395582e-14,0,3.4694469519536142e-16,true,0,1.214306433183765e-17,1.7819188226353829e-15,INCONSISTENT,true,0.0010198974725569106
312,0.28749999999999998,0.10000000000000001,0.40000000000000002,0.69999999999999996,0.34999999999999998,0.4375,0.546875,1.25,-0.1474787431082491,-0.1350926361102302,5.5511151231257827e-16,1.429412144204889e-15,9.9301366129890925e-16,5.5511151231257827e-16,3.1641356201816961e-15,4.7189580398619156e-16,0,1.7347234759768071e-15,true,0,2.1510571102112408e-15,3.1808319588016802e-15,INCONSISTENT,true,0.012369831857789981
313,0.28749999999999998,0.10000000000000001,-1.2,0.29999999999999999,1,1.25,1.5625,1.25,0.71650236684420454,-0.22164015499600465,5.5511151231257827e-16,7.6605388699135801e-15,8.2919985382644541e-15,5.5511151231257827e-16,8.9511731360403246e-15,7.2072631224381566e-15,0,1.2906342661267445e-15,true,0,6.7862382380212694e-15,5.7216151970341585e-15,INCONSISTENT,true,0.009431236232936414
314,0.28749999999999998,0.10000000000000001,2,-1.5,2.5,3.125,3.90625,1.25,1.1339903035639434,2.2280184001535885,5.5511151231257827e-16,4.1910919179599659e-15,8.1705173706643642e-15,5.5511151231257827e-16,5.4123372450476381e-15,2.5745686543806813e-14,0,1.2212453270876722e-15,true,0,4.1494585545365226e-15,4.1061625455375795e-15,INCONSISTENT,true,0.0073973655425774746
315,0.28749999999999998,0.10000000000000001,0.40000000000000002,0.69999999999999996,0.34999999999999998,0.61249999999999993,1.0718749999999999,1.75,-7.2325771361364897,3.4190390418706382,5.5511151231257827e-16,2.5673907444456745e-15,2.9893669801409084e-15,5.5511151231257827e-16,1.0130785099704553e-15,1.3330075727505561e-14,0,1.5543122344752192e-15,true,0,2.9004576518332215e-15,5.8112898428986503e-15,INCONSISTENT,true,0.013018172931590235
316,0.28749999999999998,0.10000000000000001,-1.2,0.29999999999999999,1,1.75,3.0625,1.75,-0.1474787431082491,-0.1350926361102302,5.5511151231257827e-16,2.2343238370581275e-15,2.2759572004815709e-15,5.5511151231257827e-16,1.124100812432971e-15,2.2377260456559048e-16,0,1.1102230246251565e-15,true,0,1.4016565685892601e-15,1.206898358725642e-15,INCONSISTENT,true,0.0099255564384821936
317,0.28749999999999998,0.10000000000000001,2,-1.5,2.5,4.375,7.65625,1.75,0.71650236684420454,-0.22164015499600465,5.5511151231257827e-16,2.2898349882893854e-15,4.4464397485068446e-15,5.5511151231257827e-16,4.8572257327350599e-16,1.9100999153570945e-15,0,1.8041124150158794e-15,true,0,3.2057689836051395e-15,2.0844344080633226e-15,INCONSISTENT,true,0.0077850843066148501
318,0.28749999999999998,0.10000000000000001,0.40000000000000002,0.69999999999999996,0.34999999999999998,1.0499999999999998,3.1499999999999999,3,1.1339903035639434,2.2280184001535885,5.5511151231257827e-16,4.163336342344337e-16,1.0532500405730103e-15,5.5511151231257827e-16,7.6327832942979512e-16,9.1551335970444749e-16,0,1.1796119636642288e-15,true,0,1.8041124150158794e-16,1.3448131688099791e-16,INCONSISTENT,true,0.014196757456959957
319,0.28749999999999998,0.10000000000000001,-1.2,0.29999999999999999,1,3,9,3,-7.2325771361364897,3.4190390418706382,5.5511151231257827e-16,1.1657341758564144e-15,1.1443916996305594e-15,5.5511151231257827e-16,6.3837823915946501e-16,7.944109290391274e-15,0,5.2735593669694936e-16,true,0,2.4980018054066022e-16,1.3621175330363589e-15,INCONSISTENT,true,0.010824154673848816
320,0.28749999999999998,0.10000000000000001,2,-1.5,2.5,7.5,22.5,3,-0.1474787431082491,-0.1350926361102302,5.5511151231257827e-16,2.9143354396410359e-16,2.4017796254920329e-15,5.5511151231257827e-16,6.5225602696727947e-16,5.1178752665209032e-16,0,9.4368957093138306e-16,true,0,3.6082248300317588e-16,5.1220816452559851e-16,INCONSISTENT,true,0.008489897488975889
321,0.28749999999999998,0.10000000000000001,0.40000000000000002,0.69999999999999996,0.34999999999999998,2.0999999999999996,12.6,6,0.71650236684420454,-0.22164015499600465,5.5511151231257827e-16,6.8001160258290838e-16,1.1957467920563633e-15,5.5511151231257827e-16,5.9674487573602164e-16,8.3451558876417909e-16,0,8.3266726846886741e-17,true,0,3.3306690738754696e-16,2.6686562821488683e-15,INCONSISTENT,true,0.016007291568905128
322,0.28749999999999998,0.10000000000000001,-1.2,0.29999999999999999,1,6,36,6,1.1339903035639434,2.2280184001535885,5.5511151231257827e-16,1.1518563880485999e-15,1.1443916996305594e-15,5.5511151231257827e-16,1.0547118733938987e-15,2.7012892057857038e-15,0,9.7144514654701197e-17,true,0,1.6653345369377348e-16,6.4585564495860048e-16,INCONSISTENT,true,0.01220457561358747
323,0.28749999999999998,0.10000000000000001,2,-1.5,2.5,15,90,6,-7.2325771361364897,3.4190390418706382,5.5511151231257827e-16,2.4980018054066022e-16,2.7012892057857038e-15,5.5511151231257827e-16,3.6082248300317588e-16,2.2469334198890888e-14,0,1.1102230246251565e-16,true,0,1.3877787807814457e-16,2.2248981386143381e-15,INCONSISTENT,true,0.0095726270529132816
324,0.28749999999999998,1,0.40000000000000002,0.69999999999999996,0.34999999999999998,0.4375,0.546875,1.25,-0.1474787431082491,-0.1350926361102302,5.5511151231257827e-16,3.3306690738754696e-15,1.8073121439532109e-15,5.5511151231257827e-16,2.886579864025407e-15,2.2591401799415137e-16,0,6.2172489379008766e-15,true,0,6.2172489379008766e-15,5.7891375704370878e-15,INCONSISTENT,true,0.059190547963367993
325,0.28749999999999998,1,-1.2,0.29999999999999999,1,1.25,1.5625,1.25,0.71650236684420454,-0.22164015499600465,5.5511151231257827e-16,9.1038288019262836e-15,5.7902148899581444e-15,5.5511151231257827e-16,2.9976021664879227e-14,1.4288704036143835e-14,0,2.0872192862952943e-14,true,0,1.021405182655144e-14,8.8845474028080112e-15,INCONSISTENT,true,0.051708327909869956
326,0.28749999999999998,1,2,-1.5,2.5,3.125,3.90625,1.25,1.1339903035639434,2.2280184001535885,5.5511151231257827e-16,2.9309887850104133e-14,3.2161994060864007e-14,5.5511151231257827e-16,1.9761969838327786e-14,5.464282685093744e-14,0,9.5479180117763462e-15,true,0,2.1316282072803006e-14,9.0359239901318821e-15,INCONSISTENT,true,0.045067701308330148
327,0.28749999999999998,1,0.40000000000000002,0.69999999999999996,0.34999999999999998,0.61249999999999993,1.0718749999999999,1.75,-7.2325771361364897,3.4190390418706382,5.5511151231257827e-16,3.7747582837255322e-15,2.0411201962889075e-15,5.5511151231257827e-16,1.0658141036401503e-14,4.3213782267749255e-14,0,6.8833827526759706e-15,true,0,1.3322676295501878e-15,2.2204460492503131e-15,INCONSISTENT,true,0.06229290730558245
328,0.28749999999999998,1,-1.2,0.29999999999999999,1,1.75,3.0625,1.75,-0.1474787431082491,-0.1350926361102302,5.5511151231257827e-16,7.9936057773011271e-15,4.989831893063952e-15,5.5511151231257827e-16,2.4424906541753444e-15,3.3422138886441676e-16,0,1.0436096431476471e-14,true,0,6.3282712403633923e-15,5.322019452786505e-15,INCONSISTENT,true,0.054418521001194715
329,0.28749999999999998,1,2,-1.5,2.5,4.375,7.65625,1.75,0.71650236684420454,-0.22164015499600465,5.5511151231257827e-16,1.5543122344752192e-15,1.831026719408895e-15,5.5511151231257827e-16,1.4876988529977098e-14,1.1743200032101477e-14,0,1.3322676295501878e-14,true,0,1.3322676295501878e-15,4.0731567979703646e-16,INCONSISTENT,true,0.047429838659611562
330,0.28749999999999998,1,0.40000000000000002,0.69999999999999996,0.34999999999999998,1.0499999999999998,3.1499999999999999,3,1.1339903035639434,2.2280184001535885,5.5511151231257827e-16,1.1102230246251565e-16,2.4825341532472731e-16,5.5511151231257827e-16,2.7755575615628914e-15,2.589462819655575e-15,0,2.6645352591003757e-15,true,0,1.2212453270876722e-15,9.2800959239719145e-16,INCONSISTENT,true,0.067932520250975695
331,0.28749999999999998,1,-1.2,0.29999999999999999,1,3,9,3,-7.2325771361364897,3.4190390418706382,5.5511151231257827e-16,1.1102230246251565e-15,8.9509041826236192e-16,5.5511151231257827e-16,1.1102230246251565e-15,9.0576781872058811e-15,0,0,true,0,6.6613381477509392e-16,8.3659119820637478e-16,INCONSISTENT,true,0.059345235915968512
332,0.28749999999999998,1,2,-1.5,2.5,7.5,22.5,3,-0.1474787431082491,-0.1350926361102302,5.5511151231257827e-16,2.4424906541753444e-15,2.6645352591003757e-15,5.5511151231257827e-16,2.2204460492503131e-16,2.8877805767053584e-16,0,2.6645352591003757e-15,true,0,1.3322676295501878e-15,1.7809348992199028e-15,INCONSISTENT,true,0.051723841679737009
333,0.28749999999999998,1,0.40000000000000002,0.69999999999999996,0.34999999999999998,2.0999999999999996,12.6,6,0.71650236684420454,-0.22164015499600465,5.5511151231257827e-16,1.1102230246251565e-15,7.1088959579333461e-16,5.5511151231257827e-16,1.1102230246251565e-15,6.3292450452841926e-16,0,0,true,0,2.7755575615628914e-15,2.1358953058960844e-15,INCONSISTENT,true,0.076596058076277243
334,0.28749999999999998,1,-1.2,0.29999999999999999,1,6,36,6,1.1339903035639434,2.2280184001535885,5.5511151231257827e-16,2.4424906541753444e-15,1.5700924586837751e-15,5.5511151231257827e-16,4.4408920985006262e-16,1.831026719408895e-15,0,1.9984014443252818e-15,true,0,2.9976021664879227e-15,2.0087560260426338e-15,INCONSISTENT,true,0.066913624284451606
335,0.28749999999999998,1,2,-1.5,2.5,15,90,6,-7.2325771361364897,3.4190390418706382,5.5511151231257827e-16,6.6613381477509392e-16,1.7901808365247238e-15,5.5511151231257827e-16,0,1.4210854715202004e-14,0,6.6613381477509392e-16,true,0,8.8817841970012523e-16,1.7819188226353829e-15,INCONSISTENT,true,0.058320262027559529
336,0.28749999999999998,10,0.40000000000000002,0.69999999999999996,0.34999999999999998,0.4375,0.546875,1.25,-0.1474787431082491,-0.1350926361102302,5.5511151231257827e-16,6.2527760746888816e-13,4.6993001058203956e-14,5.5511151231257827e-16,5.844214001626824e-13,8.796459639517316e-15,0,4.0856207306205761e-14,true,0,3.836930773104541e-13,7.16078273640478e-14,INCONSISTENT,true,0.092491348005970378
337,0.28749999999999998,10,-1.2,0.29999999999999999,1,1.25,1.5625,1.25,0.71650236684420454,-0.22164015499600465,5.5511151231257827e-16,6.2350125062948791e-13,7.0594842943529901e-14,5.5511151231257827e-16,1.0604850331219495e-12,9.0252067356676347e-14,0,4.3698378249246161e-13,true,0,5.5244697705347789e-13,7.6885119297169661e-14,INCONSISTENT,true,0.09056094339415785
338,0.28749999999999998,10,2,-1.5,2.5,3.125,3.90625,1.25,1.1339903035639434,2.2280184001535885,5.5511151231257827e-16,1.5276668818842154e-13,3.400691234225776e-14,5.5511151231257827e-16,4.6895820560166612e-13,2.6153235146596942e-13,0,6.2172489379008766e-13,true,0,4.0323300254385686e-13,4.831525896491238e-14,INCONSISTENT,true,0.088416912714734994
339,0.28749999999999998,10,0.40000000000000002,0.69999999999999996,0.34999999999999998,0.61249999999999993,1.0718749999999999,1.75,-7.2325771361364897,3.4190390418706382,5.5511151231257827e-16,2.3270274596143281e-13,1.7412548349651445e-14,5.5511151231257827e-16,1.7408297026122455e-13,1.0420210513558885e-13,0,5.8619775700208265e-14,true,0,1.900701818158268e-13,3.3529973640997008e-14,INCONSISTENT,true,0.09733910507918983
340,0.28749999999999998,10,-1.2,0.29999999999999999,1,1.75,3.0625,1.75,-0.1474787431082491,-0.1350926361102302,5.5511151231257827e-16,1.7763568394002505e-15,2.2204460492503131e-16,5.5511151231257827e-16,4.6185277824406512e-14,1.0429598422709816e-15,0,4.7961634663806763e-14,true,0,9.9475983006414026e-14,8.5365691786709602e-15,INCONSISTENT,true,0.095307522002526582
341,0.28749999999999998,10,2,-1.5,2.5,4.375,7.65625,1.75,0.71650236684420454,-0.22164015499600465,5.5511151231257827e-16,2.4691360067663481e-13,5.5298023361323896e-14,5.5511151231257827e-16,1.0302869668521453e-13,1.725245142874493e-14,0,1.4388490399142029e-13,true,0,2.4158453015843406e-13,2.5128153227891632e-14,INCONSISTENT,true,0.093051116056478853
342,0.28749999999999998,10,0.40000000000000002,0.69999999999999996,0.34999999999999998,1.0499999999999998,3.1499999999999999,3,1.1339903035639434,2.2280184001535885,5.5511151231257827e-16,6.3948846218409017e-14,4.6553307592694948e-15,5.5511151231257827e-16,3.0198066269804258e-14,5.2965900296249317e-15,0,3.3750779948604759e-14,true,0,3.0198066269804258e-14,1.076031052187721e-14,INCONSISTENT,true,0.10615158310982735
343,0.28749999999999998,10,-1.2,0.29999999999999999,1,3,9,3,-7.2325771361364897,3.4190390418706382,5.5511151231257827e-16,6.5725203057809267e-14,7.4279230641415194e-15,5.5511151231257827e-16,2.042810365310288e-13,1.8551026114548661e-13,0,1.3855583347321954e-13,true,0,6.7501559897209518e-14,8.8152875618369101e-15,INCONSISTENT,true,0.10393607311897345
344,0.28749999999999998,10,2,-1.5,2.5,7.5,22.5,3,-0.1474787431082491,-0.1350926361102302,5.5511151231257827e-16,3.730349362740526e-14,8.4843124412893541e-15,5.5511151231257827e-16,4.7961634663806763e-14,2.0618208375719618e-15,0,8.5265128291212022e-14,true,0,3.907985046680551e-14,5.862733567680748e-15,INCONSISTENT,true,0.10147538619244129
345,0.28749999999999998,10,0.40000000000000002,0.69999999999999996,0.34999999999999998,2.0999999999999996,12.6,6,0.71650236684420454,-0.22164015499600465,5.5511151231257827e-16,9.0594198809412774e-14,6.6260878168197364e-15,5.5511151231257827e-16,9.0594198809412774e-14,4.9557500593579202e-15,0,0,true,0,5.6843418860808015e-14,7.5607745562474478e-15,INCONSISTENT,true,0.11968925626091503
346,0.28749999999999998,10,-1.2,0.29999999999999999,1,6,36,6,1.1339903035639434,2.2280184001535885,5.5511151231257827e-16,1.7763568394002505e-15,2.2204460492503131e-16,5.5511151231257827e-16,1.0480505352461478e-13,2.9846627568635416e-14,0,1.0658141036401503e-13,true,0,3.5527136788005009e-15,2.8804616417447201e-15,INCONSISTENT,true,0.1171911989048777
347,0.28749999999999998,10,2,-1.5,2.5,15,90,6,-7.2325771361364897,3.4190390418706382,5.5511151231257827e-16,2.4868995751603507e-14,5.6523328512615901e-15,5.5511151231257827e-16,5.6843418860808015e-14,1.002973292933483e-13,0,3.1974423109204508e-14,true,0,7.1054273576010019e-14,7.4517617855169925e-15,INCONSISTENT,true,0.11441669682493
348,0.28749999999999998,100,0.40000000000000002,0.69999999999999996,0.34999999999999998,0.4375,0.546875,1.25,-0.1474787431082491,-0.1350926361102302,1.1313172620930345e-13,4.6910031414881814e-11,3.7460266126959303e-13,1.6997514507011147e-13,8.4241946751717478e-11,1.3457631731038574e-13,5.6843418860808015e-14,3.7331915336835664e-11,true,1.7053025658242404e-13,9.134737410931848e-11,1.0958896202923872e-12,INCONSISTENT,true,0.097773158175074468
349,0.28749999999999998,100,-1.2,0.29999999999999999,1,1.25,1.5625,1.25,0.71650236684420454,-0.22164015499600465,1.1313172620930345e-13,8.361666914424859e-11,1.023937372378699e-12,1.1313172620930345e-13,5.5450755098718219e-11,5.0884802666029868e-13,0,2.8165914045530371e-11,true,5.6843418860808015e-14,5.184119800105691e-11,4.908333511164776e-13,INCONSISTENT,true,0.097556360341213053
350,0.28749999999999998,100,2,-1.5,2.5,3.125,3.90625,1.25,1.1339903035639434,2.2280184001535885,5.7398530373120593e-14,2.0918378140777349e-11,5.1732013813875765e-13,1.1424194923392861e-13,4.8373749450547621e-11,2.9902396654523883e-12,5.6843418860808015e-14,2.7455371309770271e-11,true,5.6843418860808015e-14,3.9619862945983186e-11,3.020454111228152e-13,INCONSISTENT,true,0.097306621324577819
351,0.28749999999999998,100,0.40000000000000002,0.69999999999999996,0.34999999999999998,0.61249999999999993,1.0718749999999999,1.75,-7.2325771361364897,3.4190390418706382,1.1424194923392861e-13,4.0856207306205761e-11,3.2615739763738558e-13,5.7398530373120593e-14,2.9132252166164108e-12,1.811497533826915e-13,5.6843418860808015e-14,3.794298208958935e-11,true,5.6843418860808015e-14,2.8009594643663149e-11,3.1145399782047954e-13,INCONSISTENT,true,0.10289775122488826
352,0.28749999999999998,100,-1.2,0.29999999999999999,1,1.75,3.0625,1.75,-0.1474787431082491,-0.1350926361102302,5.6288307348495437e-14,2.2964741219766438e-11,2.8090116930708152e-13,5.5511151231257827e-16,2.5281110538344365e-11,6.1932580453326048e-14,5.6843418860808015e-14,2.3163693185779266e-12,true,5.6843418860808015e-14,7.2191141953226179e-12,6.8398674966707352e-14,INCONSISTENT,true,0.10266959034697827
353,0.28749999999999998,100,2,-1.5,2.5,4.375,7.65625,1.75,0.71650236684420454,-0.22164015499600465,5.5511151231257827e-16,1.4210854715202004e-12,3.5527136788005009e-14,5.5511151231257827e-16,2.4016344468691386e-12,4.4422796605087096e-14,0,3.822719918389339e-12,true,0,2.0179413695586845e-12,1.9818142184998025e-14,INCONSISTENT,true,0.10240676173728089
354,0.28749999999999998,100,0.40000000000000002,0.69999999999999996,0.34999999999999998,1.0499999999999998,3.1499999999999999,3,1.1339903035639434,2.2280184001535885,5.5511151231257827e-16,5.2011728257639334e-12,4.1628774248679794e-14,5.5511151231257827e-16,3.0411229090532288e-12,6.0785496367435306e-14,0,8.2422957348171622e-12,true,0,2.2453150450019166e-12,3.5212664793988863e-14,INCONSISTENT,true,0.11221347455448917
355,0.28749999999999998,100,-1.2,0.29999999999999999,1,3,9,3,-7.2325771361364897,3.4190390418706382,5.5511151231257827e-16,6.1390892369672656e-12,7.51672848220571e-14,5.5511151231257827e-16,5.2580162446247414e-13,5.106060410683998e-14,0,5.6132876125047915e-12,true,0,1.5063505998114124e-12,1.9423049140719884e-14,INCONSISTENT,true,0.11196465740791055
356,0.28749999999999998,100,2,-1.5,2.5,7.5,22.5,3,-0.1474787431082491,-0.1350926361102302,5.5511151231257827e-16,9.2370555648813024e-13,2.3182137340672758e-14,5.5511151231257827e-16,1.8474111129762605e-13,9.5103356940375954e-16,0,7.3896444519050419e-13,true,0,1.5205614545266144e-12,5.754596030094131e-14,INCONSISTENT,true,0.11167803392820157
357,0.28749999999999998,100,0.40000000000000002,0.69999999999999996,0.34999999999999998,2.0999999999999996,12.6,6,0.71650236684420454,-0.22164015499600465,5.5511151231257827e-16,5.8690829973784275e-12,4.6903079553267762e-14,5.5511151231257827e-16,9.9475983006414026e-13,5.9303475048656667e-15,0,4.8743231673142873e-12,true,0,1.7195134205394424e-12,6.5366378327310935e-14,INCONSISTENT,true,0.12652422995880899
358,0.28749999999999998,100,-1.2,0.29999999999999999,1,6,36,6,1.1339903035639434,2.2280184001535885,5.5511151231257827e-16,8.4554585555451922e-12,1.0357531458366367e-13,5.5511151231257827e-16,6.6933125708601438e-12,2.0453767473643069e-13,0,1.7621459846850485e-12,true,0,5.7127635955112055e-12,8.8413541778664795e-14,INCONSISTENT,true,0.12624368078234446
359,0.28749999999999998,100,2,-1.5,2.5,15,90,6,-7.2325771361364897,3.4190390418706382,5.5511151231257827e-16,1.3926637620897964e-12,3.4905524893830957e-14,5.5511151231257827e-16,1.2647660696529783e-12,2.4787657853426608e-13,0,2.6574298317427747e-12,true,0,2.3163693185779266e-12,4.8297057288520196e-14,INCONSISTENT,true,0.12592050377358338
360,0.33499999999999996,0.01,0.40000000000000002,0.69999999999999996,0.34999999999999998,0.4375,0.546875,1.25,-0.1474787431082491,-0.1350926361102302,3.3306690738754696e-15,2.0122792321330962e-16,4.7236695442942193e-15,3.3306690738754696e-15,1.1345091532888318e-15,1.2226835122311834e-15,0,1.3357370765021415e-15,true,0,3.9898639947466563e-16,2.7170851221793685e-15,INCONSISTENT,true,0.0014577793375518757
361,0.33499999999999996,0.01,-1.2,0.29999999999999999,1,1.25,1.5625,1.25,0.71650236684420454,-0.22164015499600465,3.3306690738754696e-15,1.2854300956988141e-15,5.8589909821366077e-15,3.3306690738754696e-15,2.4789198471708573e-15,6.2498752595619185e-15,0,3.7643499428696714e-15,true,0,9.8358821087884962e-16,2.0947069849843571e-15,INCONSISTENT,true,0.001029447970769996
362,0.33499999999999996,0.01,2,-1.5,2.5,3.125,3.90625,1.25,1.1339903035639434,2.2280184001535885,3.3306690738754696e-15,7.1123662515049091e-17,1.5338766736024339e-14,3.3306690738754696e-15,9.2113816574368457e-16,3.8201998307141893e-14,0,8.5001450322863548e-16,true,0,1.9203388879063255e-15,2.2386277907308645e-15,INCONSISTENT,true,0.00075915648922967823
363,0.33499999999999996,0.01,0.40000000000000002,0.69999999999999996,0.34999999999999998,0.61249999999999993,1.0718749999999999,1.75,-7.2325771361364897,3.4190390418706382,3.3306690738754696e-15,8.8297424927219481e-16,5.8959532837541931e-15,3.3306690738754696e-15,8.4134088584875144e-16,4.7092305314165389e-14,0,4.163336342344337e-17,true,0,8.1532003370909933e-17,8.9814870652165574e-16,INCONSISTENT,true,0.0015479969463165816
364,0.33499999999999996,0.01,-1.2,0.29999999999999999,1,1.75,3.0625,1.75,-0.1474787431082491,-0.1350926361102302,3.3306690738754696e-15,5.134781488891349e-16,6.1092537660723441e-15,3.3306690738754696e-15,2.0469737016526324e-16,1.2947314098277875e-15,0,7.1817551905439814e-16,true,0,8.6736173798840355e-18,0,INCONSISTENT,true,0.0010931574306854261
365,0.33499999999999996,0.01,2,-1.5,2.5,4.375,7.65625,1.75,0.71650236684420454,-0.22164015499600465,3.3306690738754696e-15,1.9654416982817224e-15,1.5543122344752192e-14,3.3306690738754696e-15,2.0660556598883772e-15,1.1656813068944672e-14,0,1.0061396160665481e-16,true,0,2.0539125955565396e-15,2.465280312291553e-15,INCONSISTENT,true,0.00080613841671771955
366,0.33499999999999996,0.01,0.40000000000000002,0.69999999999999996,0.34999999999999998,1.0499999999999998,3.1499999999999999,3,1.1339903035639434,2.2280184001535885,3.3306690738754696e-15,1.4988010832439613e-15,6.630039596465037e-15,3.3306690738754696e-15,1.0096090630185017e-15,1.5313030532097353e-14,0,4.891920202254596e-16,true,0,1.5681900222830336e-15,2.6354964380982399e-15,INCONSISTENT,true,0.0017154809500233841
367,0.33499999999999996,0.01,-1.2,0.29999999999999999,1,3,9,3,-7.2325771361364897,3.4190390418706382,3.3306690738754696e-15,3.2612801348363973e-16,6.2528328471994513e-15,3.3306690738754696e-15,6.591949208711867e-16,5.5672565026351674e-14,0,9.8532293435482643e-16,true,0,3.6429192995512949e-16,1.8306871881073265e-15,INCONSISTENT,true,0.0012114305213458978
368,0.33499999999999996,0.01,2,-1.5,2.5,7.5,22.5,3,-0.1474787431082491,-0.1350926361102302,3.3306690738754696e-15,7.9797279894933126e-17,1.5338766736024339e-14,3.3306690738754696e-15,5.377642775528102e-17,3.0551312381759151e-15,0,2.6020852139652106e-17,true,0,9.1766871879173095e-16,2.340337102836204e-15,INCONSISTENT,true,0.00089335776808496792
369,0.33499999999999996,0.01,0.40000000000000002,0.69999999999999996,0.34999999999999998,2.0999999999999996,12.6,6,0.71650236684420454,-0.22164015499600465,3.3306690738754696e-15,4.0766001685454967e-16,5.4256293657021965e-15,3.3306690738754696e-15,3.4000580129145419e-16,3.9522224407234767e-15,0,6.7654215563095477e-17,true,0,2.7061686225238191e-16,5.1850009043623981e-16,INCONSISTENT,true,0.001980471111997166
370,0.33499999999999996,0.01,-1.2,0.29999999999999999,1,6,36,6,1.1339903035639434,2.2280184001535885,3.3306690738754696e-15,5.4123372450476381e-16,6.1092537660723441e-15,3.3306690738754696e-15,1.1969591984239969e-16,1.637720085286689e-14,0,6.609296443471635e-16,true,0,1.6132928326584306e-16,1.3322676295501878e-15,INCONSISTENT,true,0.0013985600665998388
371,0.33499999999999996,0.01,2,-1.5,2.5,15,90,6,-7.2325771361364897,3.4190390418706382,3.3306690738754696e-15,7.3899220076611982e-16,1.5447667261737485e-14,3.3306690738754696e-15,4.8745729674948279e-16,1.2162532505487668e-13,0,2.5153490401663703e-16,true,0,8.5001450322863548e-16,1.9481470694838298e-15,INCONSISTENT,true,0.001031354648585182
372,0.33499999999999996,0.10000000000000001,0.40000000000000002,0.69999999999999996,0.34999999999999998,0.4375,0.546875,1.25,-0.1474787431082491,-0.1350926361102302,3.3306690738754696e-15,2.6367796834847468e-16,4.2973662923633039e-15,3.3306690738754696e-15,1.1934897514720433e-15,6.8943419575385863e-16,0,9.298117831235686e-16,true,0,5.4123372450476381e-16,1.9126435230046955e-15,INCONSISTENT,true,0.013049681588054349
373,0.33499999999999996,0.10000000000000001,-1.2,0.29999999999999999,1,1.25,1.5625,1.25,0.71650236684420454,-0.22164015499600465,3.3306690738754696e-15,1.4155343563970746e-15,5.3625036303609804e-15,3.3306690738754696e-15,3.9690473130349346e-15,4.1198101186700138e-15,0,2.55351295663786e-15,true,0,2.2204460492503131e-16,4.8849813083506888e-15,INCONSISTENT,true,0.009512301589838611
374,0.33499999999999996,0.10000000000000001,2,-1.5,2.5,3.125,3.90625,1.25,1.1339903035639434,2.2280184001535885,3.3306690738754696e-15,2.55351295663786e-15,1.4788904150494909e-14,3.3306690738754696e-15,3.2335245592207684e-15,3.8059766646842215e-14,0,6.8001160258290838e-16,true,0,3.0531133177191805e-15,4.5967400174259025e-15,INCONSISTENT,true,0.0071590818438703376
375,0.33499999999999996,0.10000000000000001,0.40000000000000002,0.69999999999999996,0.34999999999999998,0.61249999999999993,1.0718749999999999,1.75,-7.2325771361364897,3.4190390418706382,3.3306690738754696e-15,4.8572257327350599e-16,5.0196938799499604e-15,3.3306690738754696e-15,7.3552275381416621e-16,4.1907058954885841e-14,0,2.4980018054066022e-16,true,0,6.2450045135165055e-16,2.0070234471361081e-15,INCONSISTENT,true,0.013857287401672296
376,0.33499999999999996,0.10000000000000001,-1.2,0.29999999999999999,1,1.75,3.0625,1.75,-0.1474787431082491,-0.1350926361102302,3.3306690738754696e-15,1.9012569296705806e-15,5.2965900296249317e-15,3.3306690738754696e-15,0,1.1808358394528678e-15,0,1.9012569296705806e-15,true,0,2.3175905639050143e-15,2.6639468498745624e-15,INCONSISTENT,true,0.010100989521639538
377,0.33499999999999996,0.10000000000000001,2,-1.5,2.5,4.375,7.65625,1.75,0.71650236684420454,-0.22164015499600465,3.3306690738754696e-15,1.3877787807814457e-17,1.4113375874265714e-14,3.3306690738754696e-15,6.6613381477509392e-16,1.0660453750117863e-14,0,6.8001160258290838e-16,true,0,4.9960036108132044e-16,6.3640671927207231e-16,INCONSISTENT,true,0.0076021360347570486
378,0.33499999999999996,0.10000000000000001,0.40000000000000002,0.69999999999999996,0.34999999999999998,1.0499999999999998,3.1499999999999999,3,1.1339903035639434,2.2280184001535885,3.3306690738754696e-15,5.9674487573602164e-16,5.1493886505412912e-15,3.3306690738754696e-15,6.5225602696727947e-16,1.2932072993408848e-14,0,5.5511151231257827e-17,true,0,7.0776717819853729e-16,9.7317140694572674e-16,INCONSISTENT,true,0.01535656295261586
379,0.33499999999999996,0.10000000000000001,-1.2,0.29999999999999999,1,3,9,3,-7.2325771361364897,3.4190390418706382,3.3306690738754696e-15,4.9960036108132044e-16,5.7227662470448738e-15,3.3306690738754696e-15,7.3552275381416621e-16,4.9769702052493514e-14,0,1.2351231148954867e-15,true,0,6.9388939039072284e-16,1.5996327316019533e-15,INCONSISTENT,true,0.011193856126130563
380,0.33499999999999996,0.10000000000000001,2,-1.5,2.5,7.5,22.5,3,-0.1474787431082491,-0.1350926361102302,3.3306690738754696e-15,3.0531133177191805e-16,1.4106387324258476e-14,3.3306690738754696e-15,2.7755575615628914e-17,2.9058642859175989e-15,0,2.7755575615628914e-16,true,0,1.4849232954361469e-15,1.2439731841381856e-15,INCONSISTENT,true,0.0084246416494180229
381,0.33499999999999996,0.10000000000000001,0.40000000000000002,0.69999999999999996,0.34999999999999998,2.0999999999999996,12.6,6,0.71650236684420454,-0.22164015499600465,3.3306690738754696e-15,2.0816681711721685e-16,4.8013134726174106e-15,3.3306690738754696e-15,2.4980018054066022e-16,3.5803616730494477e-15,0,4.163336342344337e-17,true,0,5.2735593669694936e-16,2.6763242979343138e-16,INCONSISTENT,true,0.017728689617229128
382,0.33499999999999996,0.10000000000000001,-1.2,0.29999999999999999,1,6,36,6,1.1339903035639434,2.2280184001535885,3.3306690738754696e-15,4.9960036108132044e-16,5.7227662470448738e-15,3.3306690738754696e-15,2.0816681711721685e-16,1.5280799322856756e-14,0,7.0776717819853729e-16,true,0,9.5756735873919752e-16,8.4449781005069675e-16,INCONSISTENT,true,0.012922969904948513
383,0.33499999999999996,0.10000000000000001,2,-1.5,2.5,15,90,6,-7.2325771361364897,3.4190390418706382,3.3306690738754696e-15,6.9388939039072284e-17,1.4113375874265714e-14,3.3306690738754696e-15,1.3877787807814457e-17,1.1374233532693354e-13,0,5.5511151231257827e-17,true,0,1.3045120539345589e-15,1.615746818806591e-15,INCONSISTENT,true,0.0097259951591881048
384,0.33499999999999996,1,0.40000000000000002,0.69999999999999996,0.34999999999999998,0.4375,0.546875,1.25,-0.1474787431082491,-0.1350926361102302,3.3306690738754696e-15,1.9539925233402755e-14,1.162292691274871e-14,3.3306690738754696e-15,1.1768364061026659e-14,7.4220220448565037e-16,0,3.1308289294429414e-14,true,0,1.7985612998927536e-14,1.1738018089618861e-14,INCONSISTENT,true,0.061266787581305576
385,0.33499999999999996,1,-1.2,0.29999999999999999,1,1.25,1.5625,1.25,0.71650236684420454,-0.22164015499600465,3.3306690738754696e-15,7.7715611723760958e-15,7.1959240446778604e-15,3.3306690738754696e-15,8.2156503822261584e-15,5.4840971920226826e-15,0,4.4408920985006262e-16,true,0,8.8817841970012523e-15,9.4200934322743347e-15,INCONSISTENT,true,0.052478501693791715
386,0.33499999999999996,1,2,-1.5,2.5,3.125,3.90625,1.25,1.1339903035639434,2.2280184001535885,3.3306690738754696e-15,1.2212453270876722e-14,1.6215338432221465e-14,3.3306690738754696e-15,1.9872992140790302e-14,5.8486734395626952e-14,0,7.6605388699135801e-15,true,0,1.7097434579227411e-14,8.1603201936364902e-15,INCONSISTENT,true,0.044626966987982623
387,0.33499999999999996,1,0.40000000000000002,0.69999999999999996,0.34999999999999998,0.61249999999999993,1.0718749999999999,1.75,-7.2325771361364897,3.4190390418706382,3.3306690738754696e-15,3.7747582837255322e-15,3.9110747871015174e-15,3.3306690738754696e-15,4.1078251911130792e-15,3.249143127675386e-14,0,3.3306690738754696e-16,true,0,1.4432899320127035e-15,4.4119418985981359e-15,INCONSISTENT,true,0.06505840605858923
388,0.33499999999999996,1,-1.2,0.29999999999999999,1,1.75,3.0625,1.75,-0.1474787431082491,-0.1350926361102302,3.3306690738754696e-15,1.9984014443252818e-15,4.0412728104402654e-15,3.3306690738754696e-15,3.5527136788005009e-15,9.6946057829133563e-16,0,1.5543122344752192e-15,true,0,2.886579864025407e-15,1.6392846225692733e-15,INCONSISTENT,true,0.05572623940844311
389,0.33499999999999996,1,2,-1.5,2.5,4.375,7.65625,1.75,0.71650236684420454,-0.22164015499600465,3.3306690738754696e-15,4.4408920985006262e-16,9.0167608953737111e-15,3.3306690738754696e-15,4.4408920985006262e-16,6.8402713718770882e-15,0,8.8817841970012523e-16,true,0,6.2172489379008766e-15,4.3930861483922341e-15,INCONSISTENT,true,0.047388796672493093
390,0.33499999999999996,1,0.40000000000000002,0.69999999999999996,0.34999999999999998,1.0499999999999998,3.1499999999999999,3,1.1339903035639434,2.2280184001535885,3.3306690738754696e-15,1.8873791418627661e-15,3.0847422370805075e-15,3.3306690738754696e-15,3.7747582837255322e-15,9.8603806502837258e-15,0,1.8873791418627661e-15,true,0,2.55351295663786e-15,2.4741064946499714e-16,INCONSISTENT,true,0.072097336172366994
391,0.33499999999999996,1,-1.2,0.29999999999999999,1,3,9,3,-7.2325771361364897,3.4190390418706382,3.3306690738754696e-15,2.2204460492503131e-16,3.3380623550567164e-15,3.3306690738754696e-15,3.3306690738754696e-15,3.6458615241084034e-14,0,3.1086244689504383e-15,true,0,2.6645352591003757e-15,1.7763568394002505e-15,INCONSISTENT,true,0.061755484950462299
392,0.33499999999999996,1,2,-1.5,2.5,7.5,22.5,3,-0.1474787431082491,-0.1350926361102302,3.3306690738754696e-15,5.773159728050814e-15,1.1102230246251565e-14,3.3306690738754696e-15,2.6645352591003757e-15,1.9361876553551709e-15,0,3.1086244689504383e-15,true,0,1.3322676295501878e-15,1.3322676295501878e-15,INCONSISTENT,true,0.052515980816121757
393,0.33499999999999996,1,0.40000000000000002,0.69999999999999996,0.34999999999999998,2.0999999999999996,12.6,6,0.71650236684420454,-0.22164015499600465,3.3306690738754696e-15,0,2.1868857395626282e-15,3.3306690738754696e-15,1.2212453270876722e-15,1.9523832989275485e-15,0,1.2212453270876722e-15,true,0,3.1086244689504383e-15,2.6763242979343138e-16,INCONSISTENT,true,0.083234204110188281
394,0.33499999999999996,1,-1.2,0.29999999999999999,1,6,36,6,1.1339903035639434,2.2280184001535885,3.3306690738754696e-15,4.4408920985006262e-15,3.0867394805640034e-15,3.3306690738754696e-15,5.3290705182007514e-15,8.4493734633108481e-15,0,8.8817841970012523e-16,true,0,2.2204460492503131e-15,2.1410417570687608e-15,INCONSISTENT,true,0.071294848217435758
395,0.33499999999999996,1,2,-1.5,2.5,15,90,6,-7.2325771361364897,3.4190390418706382,3.3306690738754696e-15,5.5511151231257827e-15,1.1104450470300608e-14,3.3306690738754696e-15,3.5527136788005009e-15,7.7592437960453094e-14,0,1.9984014443252818e-15,true,0,4.2188474935755949e-15,9.5204060973793811e-16,INCONSISTENT,true,0.060628118850962698
396,0.33499999999999996,10,0.40000000000000002,0.69999999999999996,0.34999999999999998,0.4375,0.546875,1.25,-0.1474787431082491,-0.1350926361102302,2.5091040356528538e-14,1.2452261444195756e-12,9.2297217788520216e-14,3.1752378504279477e-14,3.5171865420124959e-13,4.7526104813853096e-15,5.6843418860808015e-14,1.5969447986208252e-12,true,0,5.7553961596568115e-13,6.0588672212344414e-14,INCONSISTENT,true,0.093468994854551762
397,0.33499999999999996,10,-1.2,0.29999999999999999,1,1.25,1.5625,1.25,0.71650236684420454,-0.22164015499600465,2.5091040356528538e-14,4.2632564145606011e-14,4.8202094196297753e-15,3.1752378504279477e-14,5.7553961596568115e-13,4.7027479984991229e-14,5.6843418860808015e-14,6.1817218011128716e-13,true,0,5.3290705182007514e-15,1.0753284452721709e-14,INCONSISTENT,true,0.09131739244097635
398,0.33499999999999996,10,2,-1.5,2.5,3.125,3.90625,1.25,1.1339903035639434,2.2280184001535885,2.5091040356528538e-14,6.5902838741749292e-13,1.4796236775662294e-13,3.3306690738754696e-15,5.3290705182007514e-15,6.7641653219609209e-15,2.8421709430404007e-14,6.5369931689929217e-13,true,2.8421709430404007e-14,1.0249578963339445e-12,6.8936721853726966e-14,INCONSISTENT,true,0.088822515359759491
399,0.33499999999999996,10,0.40000000000000002,0.69999999999999996,0.34999999999999998,0.61249999999999993,1.0718749999999999,1.75,-7.2325771361364897,3.4190390418706382,2.5091040356528538e-14,1.723066134218243e-13,1.0849696755617591e-14,2.5091040356528538e-14,5.1514348342607263e-14,4.9977303260140286e-14,0,2.2382096176443156e-13,true,0,6.9277916736609768e-14,2.4701554010041744e-14,INCONSISTENT,true,0.099253511750761247
400,0.33499999999999996,10,-1.2,0.29999999999999999,1,1.75,3.0625,1.75,-0.1474787431082491,-0.1350926361102302,2.5091040356528538e-14,1.8474111129762605e-13,1.9168314807471478e-14,2.5091040356528538e-14,3.5704772471945034e-13,7.7260774456601196e-15,0,1.723066134218243e-13,true,0,4.6185277824406512e-14,6.6613381477509392e-15,INCONSISTENT,true,0.096968753090791712
401,0.33499999999999996,10,2,-1.5,2.5,4.375,7.65625,1.75,0.71650236684420454,-0.22164015499600465,3.3306690738754696e-15,1.971756091734278e-13,4.3837363845525214e-14,3.3306690738754696e-15,6.2172489379008766e-14,1.0235750533041807e-14,0,1.3500311979441904e-13,true,0,9.2370555648813024e-14,1.0633942680418798e-14,INCONSISTENT,true,0.094319475519224247
402,0.33499999999999996,10,0.40000000000000002,0.69999999999999996,0.34999999999999998,1.0499999999999998,3.1499999999999999,3,1.1339903035639434,2.2280184001535885,2.5091040356528538e-14,3.0198066269804258e-14,1.1430445635548515e-15,2.5091040356528538e-14,3.5527136788005009e-15,6.9723420228962417e-15,0,3.3750779948604759e-14,true,0,1.1901590823981678e-13,4.9617872041634014e-15,INCONSISTENT,true,0.10999214761791863
403,0.33499999999999996,10,-1.2,0.29999999999999999,1,3,9,3,-7.2325771361364897,3.4190390418706382,2.5091040356528538e-14,2.5934809855243657e-13,2.7618680589300172e-14,2.5091040356528538e-14,2.7711166694643907e-13,2.3452788025421424e-13,0,1.7763568394002505e-14,true,0,8.7041485130612273e-14,1.3980414309446985e-14,INCONSISTENT,true,0.10746019174687331
404,0.33499999999999996,10,2,-1.5,2.5,7.5,22.5,3,-0.1474787431082491,-0.1350926361102302,3.3306690738754696e-15,1.1013412404281553e-13,2.4781610414066267e-14,2.5091040356528538e-14,4.9382720135326963e-13,2.2161407369400927e-14,2.8421709430404007e-14,6.0396132539608516e-13,true,0,1.4210854715202004e-14,4.4260580257647955e-15,INCONSISTENT,true,0.10452427819990451
405,0.33499999999999996,10,0.40000000000000002,0.69999999999999996,0.34999999999999998,2.0999999999999996,12.6,6,0.71650236684420454,-0.22164015499600465,2.5091040356528538e-14,6.3948846218409017e-14,2.8026260337742e-15,2.5091040356528538e-14,6.0396132539608516e-14,1.8452761694870047e-15,0,3.5527136788005009e-15,true,0,3.0375701953744283e-13,3.9044443361813855e-15,INCONSISTENT,true,0.12698262309526173
406,0.33499999999999996,10,-1.2,0.29999999999999999,1,6,36,6,1.1339903035639434,2.2280184001535885,3.3306690738754696e-15,7.9936057773011271e-14,8.671119018262734e-15,2.5091040356528538e-14,2.8421709430404007e-13,7.6207571698861317e-14,2.8421709430404007e-14,3.6415315207705135e-13,true,2.8421709430404007e-14,6.8034466949029593e-13,3.9238309977216801e-15,INCONSISTENT,true,0.12405955626702937
407,0.33499999999999996,10,2,-1.5,2.5,15,90,6,-7.2325771361364897,3.4190390418706382,3.3306690738754696e-15,9.5923269327613525e-14,2.1683198553528097e-14,3.3306690738754696e-15,6.7501559897209518e-14,1.2033424606585149e-13,0,2.8421709430404007e-14,true,0,1.0658141036401503e-14,3.8741233081680529e-15,INCONSISTENT,true,0.12067013246317748
408,0.33499999999999996,100,0.40000000000000002,0.69999999999999996,0.34999999999999998,0.4375,0.546875,1.25,-0.1474787431082491,-0.1350926361102302,8.1934459217336553e-14,8.1143980423803441e-12,6.4364048794022763e-14,8.8595797365087492e-14,3.3423930290155113e-11,5.3359948395052349e-14,1.7053025658242404e-13,4.1538328332535457e-11,true,0,9.7770680440589786e-12,1.6464699528761187e-13,INCONSISTENT,true,0.098363762165770419
409,0.33499999999999996,100,-1.2,0.29999999999999999,1,1.25,1.5625,1.25,0.71650236684420454,-0.22164015499600465,2.5091040356528538e-14,6.1959326558280736e-12,7.6193842624883447e-14,8.1934459217336553e-14,1.0814460438268725e-11,9.9960340526265783e-14,5.6843418860808015e-14,4.6185277824406512e-12,true,0,8.2565065895323642e-12,2.3453184709974793e-13,INCONSISTENT,true,0.098124983901733742
410,0.33499999999999996,100,2,-1.5,2.5,3.125,3.90625,1.25,1.1339903035639434,2.2280184001535885,3.1752378504279477e-14,2.7938540370087139e-11,6.8985367321261894e-13,1.3877787807814457e-13,7.4933836913260166e-11,4.6292275886049007e-12,1.7053025658242404e-13,1.028723772833473e-10,true,5.6843418860808015e-14,3.9619862945983186e-11,4.730016461714485e-13,INCONSISTENT,true,0.097836941631685576
411,0.33499999999999996,100,0.40000000000000002,0.69999999999999996,0.34999999999999998,0.61249999999999993,1.0718749999999999,1.75,-7.2325771361364897,3.4190390418706382,3.1752378504279477e-14,1.5447199075424578e-11,1.2344022575250475e-13,3.1752378504279477e-14,1.1951328815484885e-11,7.6353710882778301e-13,0,3.4958702599396929e-12,true,5.6843418860808015e-14,1.1070255823142361e-11,1.5498199191376903e-13,INCONSISTENT,true,0.10445120159021241
412,0.33499999999999996,100,-1.2,0.29999999999999999,1,1.75,3.0625,1.75,-0.1474787431082491,-0.1350926361102302,3.1752378504279477e-14,2.241051788587356e-11,2.7439939176262767e-13,3.1752378504279477e-14,2.5707436179800425e-11,6.2984226445145295e-14,0,3.2969182939268649e-12,true,0,1.0501821634534281e-11,1.3811853557607138e-13,INCONSISTENT,true,0.10419764605291416
413,0.33499999999999996,100,2,-1.5,2.5,4.375,7.65625,1.75,0.71650236684420454,-0.22164015499600465,3.1752378504279477e-14,1.5546675058430992e-11,3.8369410529335911e-13,3.1752378504279477e-14,1.6001422409317456e-11,2.9617154753837636e-13,0,4.5474735088646412e-13,true,5.6843418860808015e-14,1.9426238395681139e-11,1.173304258022533e-13,INCONSISTENT,true,0.10389177770704687
414,0.33499999999999996,100,0.40000000000000002,0.69999999999999996,0.34999999999999998,1.0499999999999998,3.1499999999999999,3,1.1339903035639434,2.2280184001535885,3.3306690738754696e-15,5.6132876125047915e-12,4.4837377783946857e-14,3.1752378504279477e-14,1.5475620784854982e-11,3.0898095191907513e-13,2.8421709430404007e-14,9.8623331723501906e-12,true,2.8421709430404007e-14,5.5706550483591855e-12,8.9658205577714946e-14,INCONSISTENT,true,0.11575219638620499
415,0.33499999999999996,100,-1.2,0.29999999999999999,1,3,9,3,-7.2325771361364897,3.4190390418706382,2.5091040356528538e-14,3.652189661806915e-12,4.4577943038527653e-14,3.3306690738754696e-15,3.907985046680551e-12,3.8232960353267637e-13,2.8421709430404007e-14,7.560174708487466e-12,true,0,1.3926637620897964e-12,4.601499891555434e-14,INCONSISTENT,true,0.1154712076575609
416,0.33499999999999996,100,2,-1.5,2.5,7.5,22.5,3,-0.1474787431082491,-0.1350926361102302,2.5091040356528538e-14,5.8975047068088315e-12,1.4615073053007951e-13,2.5091040356528538e-14,9.0523144535836764e-12,4.473677265670367e-14,0,3.1548097467748448e-12,true,0,9.9475983006414026e-14,2.2806795251599309e-14,INCONSISTENT,true,0.11513224618743408
417,0.33499999999999996,100,0.40000000000000002,0.69999999999999996,0.34999999999999998,2.0999999999999996,12.6,6,0.71650236684420454,-0.22164015499600465,3.1752378504279477e-14,5.4853899200679734e-12,4.3611561476185964e-14,3.1752378504279477e-14,7.489120434911456e-12,4.4734583497136139e-14,0,2.0037305148434825e-12,true,5.6843418860808015e-14,9.1091578724444844e-12,1.0407793222300834e-13,INCONSISTENT,true,0.13363242599114139
418,0.33499999999999996,100,-1.2,0.29999999999999999,1,6,36,6,1.1339903035639434,2.2280184001535885,2.5091040356528538e-14,2.6005864128819667e-12,3.1747914006926748e-14,2.5091040356528538e-14,3.4390268410788849e-12,1.0486243070376534e-13,0,8.3844042819691822e-13,true,5.6843418860808015e-14,1.2349232747510541e-11,2.2957745901254478e-14,INCONSISTENT,true,0.13330803296313035
419,0.33499999999999996,100,2,-1.5,2.5,15,90,6,-7.2325771361364897,3.4190390418706382,3.1752378504279477e-14,8.9102059064316563e-12,2.1969100392833229e-13,2.5091040356528538e-14,2.4868995751603507e-12,4.9621122178445741e-13,5.6843418860808015e-14,1.1397105481592007e-11,true,5.6843418860808015e-14,1.6612489162071142e-11,2.4291980969442157e-14,INCONSISTENT,true,0.13291671215029194
420,0.38249999999999995,0.01,0.40000000000000002,0.69999999999999996,0.34999999999999998,0.4375,0.546875,1.25,-0.1474787431082491,-0.1350926361102302,3.5638159090467525e-14,8.4654505627668186e-16,5.2578203813194251e-14,3.5638159090467525e-14,3.6255720647915268e-16,1.0637251932849991e-14,0,4.8398784979752918e-16,true,5.6843418860808015e-14,5.134781488891349e-16,5.115971681465836e-15,INCONSISTENT,true,0.0015407159763328321
421,0.38249999999999995,0.01,-1.2,0.29999999999999999,1,1.25,1.5625,1.25,0.71650236684420454,-0.22164015499600465,3.5638159090467525e-14,2.0122792321330962e-16,6.8556091977165288e-14,3.5638159090467525e-14,1.0460382560140147e-15,5.1040473541286761e-14,0,8.4481033280070505e-16,true,5.6843418860808015e-14,1.2004286453759505e-15,3.100960136768278e-15,INCONSISTENT,true,0.0010355631972754466
422,0.38249999999999995,0.01,2,-1.5,2.5,3.125,3.90625,1.25,1.1339903035639434,2.2280184001535885,3.5638159090467525e-14,8.4134088584875144e-16,1.610679178469468e-13,2.120525977034049e-14,1.6115581091824538e-15,2.3923675565535508e-13,5.6843418860808015e-14,2.4528989950312052e-15,true,5.6843418860808015e-14,9.280770596475918e-16,3.1113368584865739e-15,INCONSISTENT,true,0.00073126074282133522
423,0.38249999999999995,0.01,0.40000000000000002,0.69999999999999996,0.34999999999999998,0.61249999999999993,1.0718749999999999,1.75,-7.2325771361364897,3.4190390418706382,2.120525977034049e-14,5.5337678883660146e-16,3.2556805121652004e-14,2.120525977034049e-14,2.6194324487249787e-16,2.5754762194559256e-13,0,2.9143354396410359e-16,true,0,2.1337098754514727e-16,1.3559219871560042e-15,INCONSISTENT,true,0.0016510370860931237
424,0.38249999999999995,0.01,-1.2,0.29999999999999999,1,1.75,3.0625,1.75,-0.1474787431082491,-0.1350926361102302,2.120525977034049e-14,2.9490299091605721e-16,4.1038662384734168e-14,2.120525977034049e-14,5.6898930012039273e-16,8.2264852593819576e-15,0,2.7408630920433552e-16,true,0,7.2858385991025898e-17,1.3322676295501878e-15,INCONSISTENT,true,0.0011097134513805161
425,0.38249999999999995,0.01,2,-1.5,2.5,4.375,7.65625,1.75,0.71650236684420454,-0.22164015499600465,2.120525977034049e-14,1.5439038936193583e-16,9.5602258088902997e-14,2.120525977034049e-14,2.6367796834847468e-16,7.1629607226090787e-14,0,4.1806835771041051e-16,true,0,3.0531133177191805e-16,1.786913141873642e-15,INCONSISTENT,true,0.00078362178658956819
426,0.38249999999999995,0.01,0.40000000000000002,0.69999999999999996,0.34999999999999998,1.0499999999999998,3.1499999999999999,3,1.1339903035639434,2.2280184001535885,2.120525977034049e-14,1.2663481374630692e-16,3.2094663932560198e-14,2.120525977034049e-14,6.2450045135165055e-17,7.9664207662557211e-14,0,6.4184768611141862e-17,true,0,4.2500725161431774e-16,4.6095730857564053e-16,INCONSISTENT,true,0.0018601977025183966
427,0.38249999999999995,0.01,-1.2,0.29999999999999999,1,3,9,3,-7.2325771361364897,3.4190390418706382,2.120525977034049e-14,1.3704315460216776e-16,4.065967313934373e-14,2.120525977034049e-14,4.2674197509029455e-16,3.2364934002678278e-13,0,2.8969882048812678e-16,true,0,4.0766001685454967e-16,1.1868343476355482e-15,INCONSISTENT,true,0.001250296816529902
428,0.38249999999999995,0.01,2,-1.5,2.5,7.5,22.5,3,-0.1474787431082491,-0.1350926361102302,2.120525977034049e-14,2.6541269182445149e-16,9.5342757596411197e-14,2.120525977034049e-14,1.5144135945277526e-15,1.90910144972898e-14,0,1.2490009027033011e-15,true,0,2.6194324487249787e-16,4.528476956708604e-16,INCONSISTENT,true,0.00088289443001618158
429,0.38249999999999995,0.01,0.40000000000000002,0.69999999999999996,0.34999999999999998,2.0999999999999996,12.6,6,0.71650236684420454,-0.22164015499600465,2.120525977034049e-14,2.3765711620882257e-16,3.1744225470311572e-14,2.120525977034049e-14,6.7654215563095477e-17,2.4030174034111608e-14,0,3.0531133177191805e-16,true,2.8421709430404007e-14,5.9327542878406803e-16,2.0278961694048589e-15,INCONSISTENT,true,0.0022010468493151021
430,0.38249999999999995,0.01,-1.2,0.29999999999999999,1,6,36,6,1.1339903035639434,2.2280184001535885,2.120525977034049e-14,3.6429192995512949e-17,4.0714808929880965e-14,2.120525977034049e-14,2.4980018054066022e-16,1.0235750533041807e-13,0,2.8622937353617317e-16,true,2.8421709430404007e-14,4.5796699765787707e-16,1.3485343902845191e-15,INCONSISTENT,true,0.0014793921447177666
431,0.38249999999999995,0.01,2,-1.5,2.5,15,90,6,-7.2325771361364897,3.4190390418706382,2.120525977034049e-14,1.7347234759768071e-18,9.5515320074221603e-14,2.120525977034049e-14,1.7347234759768071e-18,7.6613716528177112e-13,0,0,true,2.8421709430404007e-14,4.8572257327350599e-16,9.6456034656377335e-16,INCONSISTENT,true,0.0010446696073369761
432,0.38249999999999995,0.10000000000000001,0.40000000000000002,0.69999999999999996,0.34999999999999998,0.4375,0.546875,1.25,-0.1474787431082491,-0.1350926361102302,2.120525977034049e-14,4.4131365228849972e-15,3.3073653844922085e-14,2.120525977034049e-14,2.4147350785597155e-15,6.2132864651086122e-15,0,1.9984014443252818e-15,true,0,2.9837243786801082e-15,4.7365594957849591e-15,INCONSISTENT,true,0.013776434234794533
433,0.38249999999999995,0.10000000000000001,-1.2,0.29999999999999999,1,1.25,1.5625,1.25,0.71650236684420454,-0.22164015499600465,2.120525977034049e-14,3.4139358007223564e-15,3.5997986467761663e-14,2.120525977034049e-14,7.8270723236073536e-15,2.5379283098639077e-14,0,4.4131365228849972e-15,true,0,1.9706458687096529e-15,7.3485690968377978e-15,INCONSISTENT,true,0.0095986077706461167
434,0.38249999999999995,0.10000000000000001,2,-1.5,2.5,3.125,3.90625,1.25,1.1339903035639434,2.2280184001535885,2.120525977034049e-14,2.0816681711721685e-15,9.0389337841218973e-14,2.120525977034049e-14,9.4368957093138306e-16,2.2643368068833303e-13,0,1.1379786002407855e-15,true,0,7.9103390504542404e-16,7.7932951227926516e-16,INCONSISTENT,true,0.0069288831461280353
435,0.38249999999999995,0.10000000000000001,0.40000000000000002,0.69999999999999996,0.34999999999999998,0.61249999999999993,1.0718749999999999,1.75,-7.2325771361364897,3.4190390418706382,2.120525977034049e-14,1.429412144204889e-15,3.0042766336301891e-14,2.120525977034049e-14,6.2450045135165055e-16,2.343747859181101e-13,0,8.0491169285323849e-16,true,0,6.3837823915946501e-16,4.4408920985006262e-16,INCONSISTENT,true,0.014762879197234827
436,0.38249999999999995,0.10000000000000001,-1.2,0.29999999999999999,1,1.75,3.0625,1.75,-0.1474787431082491,-0.1350926361102302,2.120525977034049e-14,1.8457457784393227e-15,3.6944954496474435e-14,2.120525977034049e-14,3.9968028886505635e-15,7.1515190855628492e-15,0,2.1510571102112408e-15,true,0,4.5796699765787707e-16,2.1532317954540775e-16,INCONSISTENT,true,0.010285904506529726
437,0.38249999999999995,0.10000000000000001,2,-1.5,2.5,4.375,7.65625,1.75,0.71650236684420454,-0.22164015499600465,2.120525977034049e-14,1.6514567491299204e-15,9.0324950578574966e-14,2.120525977034049e-14,2.4980018054066022e-15,6.7747988618129113e-14,0,8.4654505627668186e-16,true,0,1.5265566588595902e-15,1.1178748198033548e-15,INCONSISTENT,true,0.007425017469295434
438,0.38249999999999995,0.10000000000000001,0.40000000000000002,0.69999999999999996,0.34999999999999998,1.0499999999999998,3.1499999999999999,3,1.1339903035639434,2.2280184001535885,2.120525977034049e-14,6.5225602696727947e-16,2.9222495715687758e-14,2.120525977034049e-14,7.7715611723760958e-16,7.3519568899406938e-14,0,1.2490009027033011e-16,true,0,1.8041124150158794e-15,1.1255863342995659e-15,INCONSISTENT,true,0.016633105456297159
439,0.38249999999999995,0.10000000000000001,-1.2,0.29999999999999999,1,3,9,3,-7.2325771361364897,3.4190390418706382,2.120525977034049e-14,2.4286128663675299e-15,3.6513722995899576e-14,2.120525977034049e-14,3.5804692544161298e-15,2.8692424796253241e-13,0,1.1518563880485999e-15,true,0,8.6042284408449632e-16,7.8721970472447283e-16,INCONSISTENT,true,0.01158896798414063
440,0.38249999999999995,0.10000000000000001,2,-1.5,2.5,7.5,22.5,3,-0.1474787431082491,-0.1350926361102302,2.120525977034049e-14,2.9837243786801082e-15,9.0299838022097188e-14,2.120525977034049e-14,3.4416913763379853e-15,1.8073121439532109e-14,0,4.5796699765787707e-16,true,0,2.1371793224034263e-15,7.6298746752083723e-16,INCONSISTENT,true,0.0083656512345362984
441,0.38249999999999995,0.10000000000000001,0.40000000000000002,0.69999999999999996,0.34999999999999998,2.0999999999999996,12.6,6,0.71650236684420454,-0.22164015499600465,2.120525977034049e-14,4.3021142204224816e-16,2.8151762162594778e-14,2.120525977034049e-14,5.5511151231257827e-16,2.1081451419833469e-14,0,1.2490009027033011e-16,true,2.8421709430404007e-14,1.6237011735142914e-15,4.4408920985006262e-16,INCONSISTENT,true,0.019680835165716566
442,0.38249999999999995,0.10000000000000001,-1.2,0.29999999999999999,1,6,36,6,1.1339903035639434,2.2280184001535885,2.120525977034049e-14,2.3592239273284576e-15,3.6621249626005489e-14,2.120525977034049e-14,2.7061686225238191e-15,9.0873500928927889e-14,0,3.4694469519536142e-16,true,2.8421709430404007e-14,4.2049697057677804e-15,6.0962864633833157e-16,INCONSISTENT,true,0.013712446496289471
443,0.38249999999999995,0.10000000000000001,2,-1.5,2.5,15,90,6,-7.2325771361364897,3.4190390418706382,2.120525977034049e-14,4.6629367034256575e-15,9.026188297228726e-14,2.120525977034049e-14,4.1078251911130792e-15,7.2195521519083706e-13,0,5.5511151231257827e-16,true,2.8421709430404007e-14,7.7576833845682813e-15,7.1807080390810755e-16,INCONSISTENT,true,0.0098985125437552803
444,0.38249999999999995,1,0.40000000000000002,0.69999999999999996,0.34999999999999998,0.4375,0.546875,1.25,-0.1474787431082491,-0.1350926361102302,7.2164496600635175e-15,1.5099033134902129e-14,3.8125291443186827e-15,7.2164496600635175e-15,5.773159728050814e-15,4.3316708650580371e-16,0,9.3258734068513149e-15,true,0,1.4654943925052066e-14,1.457291439585572e-14,INCONSISTENT,true,0.063454638596099483
445,0.38249999999999995,1,-1.2,0.29999999999999999,1,1.25,1.5625,1.25,0.71650236684420454,-0.22164015499600465,7.2164496600635175e-15,6.6613381477509392e-15,6.1437077910720006e-15,7.2164496600635175e-15,1.9317880628477724e-14,7.7078587768885243e-15,0,1.2656542480726785e-14,true,0,1.1102230246251565e-15,2.7603668853596449e-15,INCONSISTENT,true,0.053341170745667466
446,0.38249999999999995,1,2,-1.5,2.5,3.125,3.90625,1.25,1.1339903035639434,2.2280184001535885,7.2164496600635175e-15,2.2870594307278225e-14,3.0867394805640034e-14,7.2164496600635175e-15,9.5479180117763462e-15,5.5211916766222624e-14,0,1.3322676295501878e-14,true,0,8.4376949871511897e-15,4.9357535777686903e-15,INCONSISTENT,true,0.044229203176767415
447,0.38249999999999995,1,0.40000000000000002,0.69999999999999996,0.34999999999999998,0.61249999999999993,1.0718749999999999,1.75,-7.2325771361364897,3.4190390418706382,7.2164496600635175e-15,0,4.5711671949977669e-15,7.2164496600635175e-15,3.6637359812630166e-15,4.9051256466313747e-14,0,3.6637359812630166e-15,true,0,1.6653345369377348e-15,3.6523710257892439e-15,INCONSISTENT,true,0.067998231482327628
448,0.38249999999999995,1,-1.2,0.29999999999999999,1,1.75,3.0625,1.75,-0.1474787431082491,-0.1350926361102302,7.2164496600635175e-15,7.7715611723760958e-15,6.1296477956781255e-15,7.2164496600635175e-15,1.1324274851176597e-14,1.3401230067203149e-15,0,3.5527136788005009e-15,true,0,3.1086244689504383e-15,3.876163820476029e-15,INCONSISTENT,true,0.057160600960765411
449,0.38249999999999995,1,2,-1.5,2.5,4.375,7.65625,1.75,0.71650236684420454,-0.22164015499600465,7.2164496600635175e-15,1.6875389974302379e-14,2.6801252918666088e-14,7.2164496600635175e-15,2.042810365310288e-14,2.1566921691352688e-14,0,3.5527136788005009e-15,true,0,2.6645352591003757e-15,3.0387840228022833e-15,INCONSISTENT,true,0.047396181940855688
450,0.38249999999999995,1,0.40000000000000002,0.69999999999999996,0.34999999999999998,1.0499999999999998,3.1499999999999999,3,1.1339903035639434,2.2280184001535885,7.2164496600635175e-15,1.3322676295501878e-15,5.2630309548923407e-15,7.2164496600635175e-15,1.2212453270876722e-15,1.3322676295501878e-14,0,1.1102230246251565e-16,true,0,5.9952043329758453e-15,1.454947132125126e-15,INCONSISTENT,true,0.076612545559478454
451,0.38249999999999995,1,-1.2,0.29999999999999999,1,3,9,3,-7.2325771361364897,3.4190390418706382,7.2164496600635175e-15,5.1070259132757201e-15,6.2174967506015312e-15,7.2164496600635175e-15,4.4408920985006262e-15,4.9650683064945459e-14,0,6.6613381477509392e-16,true,0,6.2172489379008766e-15,2.2976009811004439e-15,INCONSISTENT,true,0.064401956489888099
452,0.38249999999999995,1,2,-1.5,2.5,7.5,22.5,3,-0.1474787431082491,-0.1350926361102302,7.2164496600635175e-15,1.6875389974302379e-14,2.6801252918666088e-14,7.2164496600635175e-15,1.5099033134902129e-14,5.0542590735292047e-15,0,1.7763568394002505e-15,true,0,1.9984014443252818e-15,2.902994987349504e-15,INCONSISTENT,true,0.053400538060063937
453,0.38249999999999995,1,0.40000000000000002,0.69999999999999996,0.34999999999999998,2.0999999999999996,12.6,6,0.71650236684420454,-0.22164015499600465,7.2164496600635175e-15,3.3306690738754696e-15,3.1249376297809592e-15,7.2164496600635175e-15,1.5543122344752192e-15,2.9441850304792448e-15,0,1.7763568394002505e-15,true,0,7.7715611723760958e-15,1.4192134617449167e-15,INCONSISTENT,true,0.090650473223034309
454,0.38249999999999995,1,-1.2,0.29999999999999999,1,6,36,6,1.1339903035639434,2.2280184001535885,7.2164496600635175e-15,8.659739592076221e-15,6.1657372923478121e-15,7.2164496600635175e-15,8.4376949871511897e-15,1.6011864169946884e-14,0,2.2204460492503131e-16,true,0,9.7699626167013776e-15,1.6926713096659848e-15,INCONSISTENT,true,0.076202504298269622
455,0.38249999999999995,1,2,-1.5,2.5,15,90,6,-7.2325771361364897,3.4190390418706382,7.2164496600635175e-15,1.8207657603852567e-14,2.6911403062632485e-14,7.2164496600635175e-15,1.7985612998927536e-14,2.1628557899130955e-13,0,2.2204460492503131e-16,true,0,7.1054273576010019e-15,1.7460179979677212e-15,INCONSISTENT,true,0.063185265678860625
456,0.38249999999999995,10,0.40000000000000002,0.69999999999999996,0.34999999999999998,0.4375,0.546875,1.25,-0.1474787431082491,-0.1350926361102302,7.2164496600635175e-15,2.2737367544323206e-13,1.8077553925779014e-14,7.2164496600635175e-15,6.7501559897209518e-14,9.1551335970444749e-16,0,2.9487523534044158e-13,true,0,2.6822988274943782e-13,3.7367696495345314e-14,INCONSISTENT,true,0.09445645458464684
457,0.38249999999999995,10,-1.2,0.29999999999999999,1,1.25,1.5625,1.25,0.71650236684420454,-0.22164015499600465,7.2164496600635175e-15,9.0594198809412774e-14,1.1277510831363054e-14,7.2164496600635175e-15,3.7125857943465235e-13,3.1072165459282198e-14,0,4.6185277824406512e-13,true,0,1.2789769243681803e-13,1.9906789845932096e-14,INCONSISTENT,true,0.092120408501272497
458,0.38249999999999995,10,2,-1.5,2.5,3.125,3.90625,1.25,1.1339903035639434,2.2280184001535885,7.2164496600635175e-15,4.0856207306205761e-14,1.0329251542640534e-14,7.2164496600635175e-15,1.2789769243681803e-13,7.3134630323976931e-14,0,8.7041485130612273e-14,true,0,4.6185277824406512e-13,5.3377637122197007e-14,INCONSISTENT,true,0.089287954771297834
459,0.38249999999999995,10,0.40000000000000002,0.69999999999999996,0.34999999999999998,0.61249999999999993,1.0718749999999999,1.75,-7.2325771361364897,3.4190390418706382,7.2164496600635175e-15,3.3750779948604759e-14,1.8149684782055937e-15,7.2164496600635175e-15,5.6843418860808015e-14,2.9581141950851178e-14,0,2.3092638912203256e-14,true,0,5.5067062021407764e-14,3.2180759560155946e-14,INCONSISTENT,true,0.10121989512421982
460,0.38249999999999995,10,-1.2,0.29999999999999999,1,1.75,3.0625,1.75,-0.1474787431082491,-0.1350926361102302,7.2164496600635175e-15,1.9539925233402755e-14,1.6326319374041212e-15,7.2164496600635175e-15,2.1138646388862981e-13,4.6809101456132121e-15,0,1.9184653865522705e-13,true,0,2.4868995751603507e-14,4.1542967694292807e-15,INCONSISTENT,true,0.098716579277778813
461,0.38249999999999995,10,2,-1.5,2.5,4.375,7.65625,1.75,0.71650236684420454,-0.22164015499600465,7.2164496600635175e-15,2.4868995751603507e-13,5.5245840045202452e-14,7.2164496600635175e-15,1.6875389974302379e-13,2.7985549261444482e-14,0,7.9936057773011271e-14,true,0,9.7699626167013776e-14,1.4242028723006136e-14,INCONSISTENT,true,0.095681311113656561
462,0.38249999999999995,10,0.40000000000000002,0.69999999999999996,0.34999999999999998,1.0499999999999998,3.1499999999999999,3,1.1339903035639434,2.2280184001535885,7.2164496600635175e-15,4.7961634663806763e-14,2.9790409838967277e-15,7.2164496600635175e-15,4.9737991503207013e-14,7.9503132033168089e-15,0,1.7763568394002505e-15,true,0,2.1316282072803006e-14,1.2157895623887297e-14,INCONSISTENT,true,0.11404287519959348
463,0.38249999999999995,10,-1.2,0.29999999999999999,1,3,9,3,-7.2325771361364897,3.4190390418706382,7.2164496600635175e-15,8.7041485130612273e-14,9.2650422954929008e-15,7.2164496600635175e-15,8.5265128291212022e-14,7.2483195492279027e-14,0,1.7763568394002505e-15,true,0,5.3290705182007514e-15,8.9599357679054143e-15,INCONSISTENT,true,0.11122242832683377
464,0.38249999999999995,10,2,-1.5,2.5,7.5,22.5,3,-0.1474787431082491,-0.1350926361102302,7.2164496600635175e-15,1.5276668818842154e-13,3.4117643081845195e-14,7.2164496600635175e-15,1.0658141036401503e-13,4.7630541014042537e-15,0,4.6185277824406512e-14,true,0,5.3290705182007514e-14,1.7490539600329341e-15,INCONSISTENT,true,0.10780263908468835
465,0.38249999999999995,10,0.40000000000000002,0.69999999999999996,0.34999999999999998,2.0999999999999996,12.6,6,0.71650236684420454,-0.22164015499600465,7.2164496600635175e-15,5.8619775700208265e-14,3.7489553694543088e-15,7.2164496600635175e-15,6.3948846218409017e-14,3.1796795178217619e-15,0,5.3290705182007514e-15,true,0,4.0856207306205761e-14,9.1504368333117385e-15,INCONSISTENT,true,0.13493926522167793
466,0.38249999999999995,10,-1.2,0.29999999999999999,1,6,36,6,1.1339903035639434,2.2280184001535885,7.2164496600635175e-15,9.4146912488213275e-14,9.9612746284168573e-15,7.2164496600635175e-15,7.815970093361102e-14,2.1228207463361171e-14,0,1.5987211554602254e-14,true,0,8.5265128291212022e-14,3.767182133201907e-15,INCONSISTENT,true,0.13160202010275962
467,0.38249999999999995,10,2,-1.5,2.5,15,90,6,-7.2325771361364897,3.4190390418706382,7.2164496600635175e-15,1.4566126083082054e-13,3.2394169524317967e-14,7.2164496600635175e-15,1.5631940186722204e-13,2.7938541273625701e-13,0,1.0658141036401503e-14,true,0,1.0480505352461478e-13,4.1059599135420606e-15,INCONSISTENT,true,0.12755561346193309
468,0.38249999999999995,100,0.40000000000000002,0.69999999999999996,0.34999999999999998,0.4375,0.546875,1.25,-0.1474787431082491,-0.1350926361102302,7.2164496600635175e-15,1.9483081814541947e-11,1.5625667311365695e-13,4.9626969200744497e-14,5.9472426983120386e-11,9.5282798078389096e-14,5.6843418860808015e-14,3.9989345168578438e-11,true,0,4.8743231673142873e-12,5.8163176618713766e-14,INCONSISTENT,true,0.098960043723255758
469,0.38249999999999995,100,-1.2,0.29999999999999999,1,1.25,1.5625,1.25,0.71650236684420454,-0.22164015499600465,1.6331380692236053e-13,8.0518702816334553e-11,9.8582368969976753e-13,1.0647038806155251e-13,4.2362557906017173e-11,3.8879098863603772e-13,5.6843418860808015e-14,3.815614491031738e-11,true,1.7053025658242404e-13,7.9964479482441675e-11,9.0901013243990442e-13,INCONSISTENT,true,0.098704163758793581
470,0.38249999999999995,100,2,-1.5,2.5,3.125,3.90625,1.25,1.1339903035639434,2.2280184001535885,4.9626969200744497e-14,2.0293100533308461e-11,5.0124399477600171e-13,4.9626969200744497e-14,1.1496581464598421e-11,7.0921213659149233e-13,0,8.7965190687100403e-12,true,0,4.0358827391173691e-12,7.3465196328543624e-14,INCONSISTENT,true,0.098380868757252771
471,0.38249999999999995,100,0.40000000000000002,0.69999999999999996,0.34999999999999998,0.61249999999999993,1.0718749999999999,1.75,-7.2325771361364897,3.4190390418706382,4.9626969200744497e-14,2.1898927116126288e-11,1.7509421793196432e-13,7.2164496600635175e-15,6.9491079557337798e-12,4.4643778265310405e-13,5.6843418860808015e-14,1.4949819160392508e-11,true,0,1.3528733688872308e-11,2.3373515020677036e-13,INCONSISTENT,true,0.10604595833306957
472,0.38249999999999995,100,-1.2,0.29999999999999999,1,1.75,3.0625,1.75,-0.1474787431082491,-0.1350926361102302,4.9626969200744497e-14,1.6285639503621496e-11,1.9897632034955728e-13,7.2164496600635175e-15,1.0842882147699129e-11,2.6598024888319703e-14,5.6843418860808015e-14,2.7128521651320625e-11,true,5.6843418860808015e-14,9.5923269327613525e-12,7.3970509069815013e-14,INCONSISTENT,true,0.10577175639125701
473,0.38249999999999995,100,2,-1.5,2.5,4.375,7.65625,1.75,0.71650236684420454,-0.22164015499600465,4.9626969200744497e-14,1.7507773009128869e-11,4.3249849059278717e-13,2.120525977034049e-14,8.7680973592796363e-12,1.6282638524858425e-13,2.8421709430404007e-14,8.7396756498492323e-12,true,5.6843418860808015e-14,1.5418777365994174e-11,9.457782231978283e-14,INCONSISTENT,true,0.10542531224165627
474,0.38249999999999995,100,0.40000000000000002,0.69999999999999996,0.34999999999999998,1.0499999999999998,3.1499999999999999,3,1.1339903035639434,2.2280184001535885,7.2164496600635175e-15,1.0260237104375847e-11,8.2321745873568995e-14,7.2164496600635175e-15,5.4143356464919634e-12,1.0870597246145691e-13,0,4.8459014578838833e-12,true,0,6.9064753915881738e-12,1.8828807939077927e-13,INCONSISTENT,true,0.11948032525371211
475,0.38249999999999995,100,-1.2,0.29999999999999999,1,3,9,3,-7.2325771361364897,3.4190390418706382,7.2164496600635175e-15,4.3769432522822171e-12,5.3653099931434862e-14,7.2164496600635175e-15,2.4584778657299466e-12,2.3960742676339312e-13,0,1.9184653865522705e-12,true,0,3.5385028240852989e-12,4.2813742295902317e-14,INCONSISTENT,true,0.11917138620778878
476,0.38249999999999995,100,2,-1.5,2.5,7.5,22.5,3,-0.1474787431082491,-0.1350926361102302,7.2164496600635175e-15,2.5153212845907547e-12,6.2172489379008766e-14,7.2164496600635175e-15,3.4532376957940869e-12,1.7059927918720959e-14,0,9.3791641120333225e-13,true,0,2.7284841053187847e-12,4.7709103918028141e-14,INCONSISTENT,true,0.11878105299449522
477,0.38249999999999995,100,0.40000000000000002,0.69999999999999996,0.34999999999999998,2.0999999999999996,12.6,6,0.71650236684420454,-0.22164015499600465,7.2164496600635175e-15,0,1.1102230246251565e-16,7.2164496600635175e-15,3.723243935382925e-12,2.2349771181472631e-14,0,3.723243935382925e-12,true,0,1.7053025658242404e-13,3.5226803530563579e-14,INCONSISTENT,true,0.14137303422011827
478,0.38249999999999995,100,-1.2,0.29999999999999999,1,6,36,6,1.1339903035639434,2.2280184001535885,7.2164496600635175e-15,9.9475983006414026e-13,1.2172014572856101e-14,7.2164496600635175e-15,2.5153212845907547e-12,7.7078587768885237e-14,0,1.5205614545266144e-12,true,0,2.3305801732931286e-12,2.4770111063255033e-14,INCONSISTENT,true,0.14100748742240288
479,0.38249999999999995,100,2,-1.5,2.5,15,90,6,-7.2325771361364897,3.4190390418706382,7.2164496600635175e-15,2.1316282072803006e-13,5.4207996383820243e-15,7.2164496600635175e-15,3.680611371237319e-12,7.2855971586017013e-13,0,3.4674485505092889e-12,true,0,9.6633812063373625e-13,1.1371604634766376e-14,INCONSISTENT,true,0.14054563237978837
480,0.42999999999999999,0.01,0.40000000000000002,0.69999999999999996,0.34999999999999998,0.4375,0.546875,1.25,-0.1474787431082491,-0.1350926361102302,1.0935696792557792e-14,6.7307270867900115e-16,1.7399359135617823e-14,1.0935696792557792e-14,3.1398494915180208e-16,3.3653635433950058e-15,0,3.5908775952719907e-16,true,0,2.931682674400804e-16,2.724404561529891e-15,INCONSISTENT,true,0.0016285828318367886
481,0.42999999999999999,0.01,-1.2,0.29999999999999999,1,1.25,1.5625,1.25,0.71650236684420454,-0.22164015499600465,1.0935696792557792e-14,9.9920072216264089e-16,2.1893150461263909e-14,1.0935696792557792e-14,5.2041704279304213e-17,1.5841602680077366e-14,0,1.0512424264419451e-15,true,0,5.4123372450476381e-16,9.2721500884204332e-16,INCONSISTENT,true,0.0010417936977996293
482,0.42999999999999999,0.01,2,-1.5,2.5,3.125,3.90625,1.25,1.1339903035639434,2.2280184001535885,1.0935696792557792e-14,2.8570895649338013e-15,4.9013045932937961e-14,1.0935696792557792e-14,3.2421981766006525e-15,1.2222138649390043e-13,0,3.8510861166685117e-16,true,0,2.1441182163073336e-15,2.1086237489181653e-15,INCONSISTENT,true,0.00070440682709772145
483,0.42999999999999999,0.01,0.40000000000000002,0.69999999999999996,0.34999999999999998,0.61249999999999993,1.0718749999999999,1.75,-7.2325771361364897,3.4190390418706382,1.0935696792557792e-14,4.163336342344337e-17,1.6595884715402486e-14,1.0935696792557792e-14,1.8388068845354155e-16,1.336324867938719e-13,0,1.4224732503009818e-16,true,0,1.0234868508263162e-16,5.7195479418262629e-16,INCONSISTENT,true,0.0017614231318248471
484,0.42999999999999999,0.01,-1.2,0.29999999999999999,1,1.75,3.0625,1.75,-0.1474787431082491,-0.1350926361102302,1.0935696792557792e-14,4.4755865680201623e-16,2.1440890233510725e-14,1.0935696792557792e-14,1.5612511283791264e-17,4.2122915360460471e-15,0,4.3194614551822497e-16,true,0,9.1766871879173095e-16,1.7964977060486126e-15,INCONSISTENT,true,0.0011267707616832167
485,0.42999999999999999,0.01,2,-1.5,2.5,4.375,7.65625,1.75,0.71650236684420454,-0.22164015499600465,1.0935696792557792e-14,7.2858385991025898e-16,4.9397813666951848e-14,1.0935696792557792e-14,9.7317987002298878e-16,3.7193631241359005e-14,0,2.445960101127298e-16,true,0,7.4593109467002705e-17,8.3284732816040684e-17,INCONSISTENT,true,0.00076186390720328536
486,0.42999999999999999,0.01,0.40000000000000002,0.69999999999999996,0.34999999999999998,1.0499999999999998,3.1499999999999999,3,1.1339903035639434,2.2280184001535885,1.0935696792557792e-14,1.3877787807814457e-17,1.6595884715402486e-14,1.0935696792557792e-14,1.6306400674181987e-16,4.1728437987248631e-14,0,1.4918621893400541e-16,true,0,7.8062556418956319e-17,1.0826197690614853e-16,INCONSISTENT,true,0.0020186431963542927
487,0.42999999999999999,0.01,-1.2,0.29999999999999999,1,3,9,3,-7.2325771361364897,3.4190390418706382,1.0935696792557792e-14,2.0469737016526324e-16,2.0895285129053704e-14,1.0935696792557792e-14,1.1796119636642288e-16,1.6773643923015835e-13,0,8.6736173798840355e-17,true,0,1.8735013540549517e-16,9.5911277512635186e-16,INCONSISTENT,true,0.0012913127407181923
488,0.42999999999999999,0.01,2,-1.5,2.5,7.5,22.5,3,-0.1474787431082491,-0.1350926361102302,1.0935696792557792e-14,5.4817261840867104e-16,4.9567199732391998e-14,1.0935696792557792e-14,5.8980598183211441e-17,9.9171335848660716e-15,0,4.891920202254596e-16,true,0,6.7654215563095477e-17,8.8817841970012523e-16,INCONSISTENT,true,0.00087311865334238766
489,0.42999999999999999,0.01,0.40000000000000002,0.69999999999999996,0.34999999999999998,2.0999999999999996,12.6,6,0.71650236684420454,-0.22164015499600465,1.0935696792557792e-14,3.1225022567582528e-17,1.6595884715402486e-14,1.0935696792557792e-14,3.1225022567582528e-17,1.2295062116593288e-14,0,6.2450045135165055e-17,true,0,1.3530843112619095e-16,4.4408920985006262e-16,INCONSISTENT,true,0.0024503893177336492
490,0.42999999999999999,0.01,-1.2,0.29999999999999999,1,6,36,6,1.1339903035639434,2.2280184001535885,1.0935696792557792e-14,1.214306433183765e-17,2.1110665293429443e-14,1.0935696792557792e-14,4.5623227418190027e-16,5.1890071157646512e-14,0,4.6837533851373792e-16,true,0,5.7245874707234634e-16,8.7441751196662922e-16,INCONSISTENT,true,0.001567497887405921
491,0.42999999999999999,0.01,2,-1.5,2.5,15,90,6,-7.2325771361364897,3.4190390418706382,1.0935696792557792e-14,7.0082828429463007e-16,4.9397813666951848e-14,1.0935696792557792e-14,7.7021722333370235e-16,3.9492691386262431e-13,0,6.9388939039072284e-17,true,0,8.5001450322863548e-17,9.4149182961258657e-16,INCONSISTENT,true,0.0010598607149227917
492,0.42999999999999999,0.10000000000000001,0.40000000000000002,0.69999999999999996,0.34999999999999998,0.4375,0.546875,1.25,-0.1474787431082491,-0.1350926361102302,1.0935696792557792e-14,1.6792123247455493e-15,1.6504651808933463e-14,1.0935696792557792e-14,3.70536934468646e-15,3.737745840053015e-15,0,2.0261570199409107e-15,true,0,4.8572257327350599e-16,5.8191669340897255e-15,INCONSISTENT,true,0.014554705456742298
493,0.42999999999999999,0.10000000000000001,-1.2,0.29999999999999999,1,1.25,1.5625,1.25,0.71650236684420454,-0.22164015499600465,1.0935696792557792e-14,1.6792123247455493e-15,2.0904352743806929e-14,1.0935696792557792e-14,2.2204460492503131e-15,1.6039553070930702e-14,0,5.4123372450476381e-16,true,0,1.3045120539345589e-15,6.289351111820729e-15,INCONSISTENT,true,0.0096901828017155831
494,0.42999999999999999,0.10000000000000001,2,-1.5,2.5,3.125,3.90625,1.25,1.1339903035639434,2.2280184001535885,1.0935696792557792e-14,3.0531133177191805e-15,4.6631481696829228e-14,1.0935696792557792e-14,4.1494585545365226e-15,1.1666706164942033e-13,0,1.0963452368173421e-15,true,0,1.9706458687096529e-15,2.2393613965471033e-15,INCONSISTENT,true,0.0067062511229339017
495,0.42999999999999999,0.10000000000000001,0.40000000000000002,0.69999999999999996,0.34999999999999998,0.61249999999999993,1.0718749999999999,1.75,-7.2325771361364897,3.4190390418706382,1.0935696792557792e-14,1.1102230246251565e-15,1.5918058548306632e-14,1.0935696792557792e-14,1.0269562977782698e-15,1.2603999726015841e-13,0,8.3266726846886741e-17,true,0,6.9388939039072284e-16,2.3743855783610526e-15,INCONSISTENT,true,0.015741904167996978
496,0.42999999999999999,0.10000000000000001,-1.2,0.29999999999999999,1,1.75,3.0625,1.75,-0.1474787431082491,-0.1350926361102302,1.0935696792557792e-14,7.9103390504542404e-16,2.0301301562290197e-14,1.0935696792557792e-14,6.9388939039072284e-17,3.9276836500082027e-15,0,8.6042284408449632e-16,true,0,1.7486012637846216e-15,2.0141776461312876e-15,INCONSISTENT,true,0.01048059196307973
497,0.42999999999999999,0.10000000000000001,2,-1.5,2.5,4.375,7.65625,1.75,0.71650236684420454,-0.22164015499600465,1.0935696792557792e-14,1.6930901125533637e-15,4.7006376115629826e-14,1.0935696792557792e-14,1.8179902028236938e-15,3.4980306911331436e-14,0,1.2490009027033011e-16,true,0,1.8041124150158794e-16,4.1642366408020308e-16,INCONSISTENT,true,0.0072532668433251844
498,0.42999999999999999,0.10000000000000001,0.40000000000000002,0.69999999999999996,0.34999999999999998,1.0499999999999998,3.1499999999999999,3,1.1339903035639434,2.2280184001535885,1.0935696792557792e-14,1.3877787807814457e-16,1.4839242774530613e-14,1.0935696792557792e-14,2.0816681711721685e-16,3.7425550644265514e-14,0,6.9388939039072284e-17,true,0,7.7715611723760958e-16,1.3366591534085659e-15,INCONSISTENT,true,0.018040689469919602
499,0.42999999999999999,0.10000000000000001,-1.2,0.29999999999999999,1,3,9,3,-7.2325771361364897,3.4190390418706382,1.0935696792557792e-14,1.3739009929736312e-15,1.86877282710251e-14,1.0935696792557792e-14,9.8532293435482643e-16,1.5230382437097189e-13,0,3.8857805861880479e-16,true,0,3.3306690738754696e-16,9.5911277512635186e-16,INCONSISTENT,true,0.012011069502711448
500,0.42999999999999999,0.10000000000000001,2,-1.5,2.5,7.5,22.5,3,-0.1474787431082491,-0.1350926361102302,1.0935696792557792e-14,2.1926904736346842e-15,4.6677980035777411e-14,1.0935696792557792e-14,2.0261570199409107e-15,9.3840529839288643e-15,0,1.6653345369377348e-16,true,0,7.6327832942979512e-16,8.9134328866956439e-16,INCONSISTENT,true,0.0083124591133602391
501,0.42999999999999999,0.10000000000000001,0.40000000000000002,0.69999999999999996,0.34999999999999998,2.0999999999999996,12.6,6,0.71650236684420454,-0.22164015499600465,1.0935696792557792e-14,6.9388939039072284e-17,1.4839242774530613e-14,1.0935696792557792e-14,6.9388939039072284e-17,1.1100564786795799e-14,0,0,true,0,1.429412144204889e-15,2.2527919670936557e-16,INCONSISTENT,true,0.021899220645577335
502,0.42999999999999999,0.10000000000000001,-1.2,0.29999999999999999,1,6,36,6,1.1339903035639434,2.2280184001535885,1.0935696792557792e-14,1.4432899320127035e-15,1.86877282710251e-14,1.0935696792557792e-14,1.6237011735142914e-15,4.6213025065013698e-14,0,1.8041124150158794e-16,true,0,1.5404344466674047e-15,4.8236619775673959e-16,INCONSISTENT,true,0.014579989399395752
503,0.42999999999999999,0.10000000000000001,2,-1.5,2.5,15,90,6,-7.2325771361364897,3.4190390418706382,1.0935696792557792e-14,2.7478019859472624e-15,4.6781378413952193e-14,1.0935696792557792e-14,2.581268532253489e-15,3.7440276095957536e-13,0,1.6653345369377348e-16,true,0,1.2351231148954867e-15,9.0180230384634354e-16,INCONSISTENT,true,0.010090322575215201
504,0.42999999999999999,1,0.40000000000000002,0.69999999999999996,0.34999999999999998,0.4375,0.546875,1.25,-0.1474787431082491,-0.1350926361102302,1.0935696792557792e-14,5.773159728050814e-15,4.1792192428322018e-15,1.0935696792557792e-14,2.886579864025407e-15,1.1188630228279524e-15,0,2.886579864025407e-15,true,0,9.2148511043887993e-15,9.47274305223474e-15,INCONSISTENT,true,0.065757109310657799
505,0.42999999999999999,1,-1.2,0.29999999999999999,1,1.25,1.5625,1.25,0.71650236684420454,-0.22164015499600465,1.0935696792557792e-14,6.6613381477509392e-15,9.1579941294051851e-15,1.0935696792557792e-14,2.6645352591003757e-15,7.7238336308687426e-15,0,3.9968028886505635e-15,true,0,2.4424906541753444e-15,3.5939149210404168e-15,INCONSISTENT,true,0.054302268234994053
506,0.42999999999999999,1,2,-1.5,2.5,3.125,3.90625,1.25,1.1339903035639434,2.2280184001535885,1.0935696792557792e-14,2.2870594307278225e-14,3.6883473684749854e-14,1.0935696792557792e-14,2.6423307986078726e-14,9.681144774731365e-14,0,3.5527136788005009e-15,true,0,9.1038288019262836e-15,7.0478969556387507e-15,INCONSISTENT,true,0.043872005687695038
507,0.42999999999999999,1,0.40000000000000002,0.69999999999999996,0.34999999999999998,0.61249999999999993,1.0718749999999999,1.75,-7.2325771361364897,3.4190390418706382,1.0935696792557792e-14,1.1102230246251565e-15,6.4066698818325867e-15,1.0935696792557792e-14,1.5543122344752192e-15,4.8857886765585572e-14,0,4.4408920985006262e-16,true,0,8.8817841970012523e-16,4.7917725455388248e-15,INCONSISTENT,true,0.071120787446330588
508,0.42999999999999999,1,-1.2,0.29999999999999999,1,1.75,3.0625,1.75,-0.1474787431082491,-0.1350926361102302,1.0935696792557792e-14,4.4408920985006262e-15,9.6954003901670922e-15,1.0935696792557792e-14,9.3258734068513149e-15,1.7652633373008536e-15,0,4.8849813083506888e-15,true,0,6.8833827526759706e-15,5.0314520124936349e-15,INCONSISTENT,true,0.058731597503001477
509,0.42999999999999999,1,2,-1.5,2.5,4.375,7.65625,1.75,0.71650236684420454,-0.22164015499600465,1.0935696792557792e-14,1.8873791418627661e-14,3.4724965045869994e-14,1.0935696792557792e-14,2.4202861936828413e-14,2.8121754167975801e-14,0,5.3290705182007514e-15,true,0,1.7763568394002505e-15,3.1264240973484745e-15,INCONSISTENT,true,0.047450558944398404
510,0.42999999999999999,1,0.40000000000000002,0.69999999999999996,0.34999999999999998,1.0499999999999998,3.1499999999999999,3,1.1339903035639434,2.2280184001535885,1.0935696792557792e-14,2.2204460492503131e-16,6.8582673813291089e-15,1.0935696792557792e-14,1.7763568394002505e-15,1.5322686674222755e-14,0,1.5543122344752192e-15,true,0,7.1054273576010019e-15,1.4008809824697156e-15,INCONSISTENT,true,0.081506533611355056
511,0.42999999999999999,1,-1.2,0.29999999999999999,1,3,9,3,-7.2325771361364897,3.4190390418706382,1.0935696792557792e-14,9.1038288019262836e-15,8.7898888726191452e-15,1.0935696792557792e-14,1.0880185641326534e-14,7.1607233460988954e-14,0,1.7763568394002505e-15,true,0,7.3274719625260332e-15,4.4408920985006262e-16,INCONSISTENT,true,0.0673081541671436
512,0.42999999999999999,1,2,-1.5,2.5,7.5,22.5,3,-0.1474787431082491,-0.1350926361102302,1.0935696792557792e-14,2.0206059048177849e-14,3.5100610002327475e-14,1.0935696792557792e-14,2.19824158875781e-14,7.2929590507677781e-15,0,1.7763568394002505e-15,true,0,8.659739592076221e-15,6.878814760066712e-16,INCONSISTENT,true,0.054379749104964618
513,0.42999999999999999,1,0.40000000000000002,0.69999999999999996,0.34999999999999998,2.0999999999999996,12.6,6,0.71650236684420454,-0.22164015499600465,1.0935696792557792e-14,5.9952043329758453e-15,4.0412728104402654e-15,1.0935696792557792e-14,7.7715611723760958e-15,2.4732071290884353e-15,0,1.7763568394002505e-15,true,0,1.0880185641326534e-14,3.3482168658945166e-15,INCONSISTENT,true,0.09893909911741508
514,0.42999999999999999,1,-1.2,0.29999999999999999,1,6,36,6,1.1339903035639434,2.2280184001535885,1.0935696792557792e-14,1.2878587085651816e-14,8.9207300879513543e-15,1.0935696792557792e-14,1.3100631690576847e-14,2.2613692352411646e-14,0,2.2204460492503131e-16,true,0,1.5765166949677223e-14,2.8743626165190009e-15,INCONSISTENT,true,0.081703979319096065
515,0.42999999999999999,1,2,-1.5,2.5,15,90,6,-7.2325771361364897,3.4190390418706382,1.0935696792557792e-14,2.5979218776228663e-14,3.8423983238697418e-14,1.0935696792557792e-14,2.6201263381153694e-14,3.0804813911277886e-13,0,2.2204460492503131e-16,true,0,1.3100631690576847e-14,5.4291913422856731e-16,INCONSISTENT,true,0.066010455214927613
516,0.42999999999999999,10,0.40000000000000002,0.69999999999999996,0.34999999999999998,0.4375,0.546875,1.25,-0.1474787431082491,-0.1350926361102302,1.7486012637846216e-14,1.936228954946273e-13,1.6412160774195557e-14,1.7486012637846216e-14,1.4921397450962104e-13,2.5829094694466907e-15,0,4.4408920985006262e-14,true,0,2.8954616482224083e-13,3.6580796661052011e-14,INCONSISTENT,true,0.09545088088465388
517,0.42999999999999999,10,-1.2,0.29999999999999999,1,1.25,1.5625,1.25,0.71650236684420454,-0.22164015499600465,1.7486012637846216e-14,2.5934809855243657e-13,2.7949905988863472e-14,1.7486012637846216e-14,3.0198066269804258e-13,2.452613080235669e-14,0,4.2632564145606011e-14,true,0,2.1316282072803006e-14,6.3759312912649834e-15,INCONSISTENT,true,0.092970143929719265
518,0.42999999999999999,10,2,-1.5,2.5,3.125,3.90625,1.25,1.1339903035639434,2.2280184001535885,1.7486012637846216e-14,1.1546319456101628e-13,2.9196121521494591e-14,1.7486012637846216e-14,4.1033842990145786e-13,2.2648549702353193e-13,0,5.2580162446247414e-13,true,0,3.2684965844964609e-13,4.1370204036400724e-14,INCONSISTENT,true,0.089818894206664571
519,0.42999999999999999,10,0.40000000000000002,0.69999999999999996,0.34999999999999998,0.61249999999999993,1.0718749999999999,1.75,-7.2325771361364897,3.4190390418706382,1.7486012637846216e-14,1.0835776720341528e-13,9.8865968127329328e-15,1.0935696792557792e-14,2.1849189124623081e-13,1.258779462713606e-13,2.8421709430404007e-14,1.1013412404281553e-13,true,0,1.1546319456101628e-13,8.0073671185567769e-15,INCONSISTENT,true,0.10323662159310965
520,0.42999999999999999,10,-1.2,0.29999999999999999,1,1.75,3.0625,1.75,-0.1474787431082491,-0.1350926361102302,1.7486012637846216e-14,2.3980817331903381e-13,2.5639242082594708e-14,1.7486012637846216e-14,2.2204460492503131e-13,4.6768144912334719e-15,0,1.7763568394002505e-14,true,0,1.0658141036401503e-14,8.9631778679881059e-15,INCONSISTENT,true,0.1005535358015915
521,0.42999999999999999,10,2,-1.5,2.5,4.375,7.65625,1.75,0.71650236684420454,-0.22164015499600465,1.7486012637846216e-14,3.1974423109204508e-13,7.0763981762781368e-14,1.7486012637846216e-14,2.007283228522283e-13,3.3285960124096029e-14,0,1.1901590823981678e-13,true,0,3.5527136788005009e-14,1.1397426531202737e-14,INCONSISTENT,true,0.09714524483368249
522,0.42999999999999999,10,0.40000000000000002,0.69999999999999996,0.34999999999999998,1.0499999999999998,3.1499999999999999,3,1.1339903035639434,2.2280184001535885,1.7486012637846216e-14,1.7763568394002505e-14,2.9504581591051763e-15,1.7486012637846216e-14,2.1316282072803006e-14,1.1322097734007351e-15,0,3.907985046680551e-14,true,0,1.2967404927621828e-13,2.742740418554481e-15,INCONSISTENT,true,0.11831223289183426
523,0.42999999999999999,10,-1.2,0.29999999999999999,1,3,9,3,-7.2325771361364897,3.4190390418706382,1.7486012637846216e-14,2.078337502098293e-13,2.2155070026032358e-14,1.7486012637846216e-14,1.829647544582258e-13,1.5208612889407531e-13,0,2.4868995751603507e-14,true,0,9.9475983006414026e-14,3.5073036268327327e-15,INCONSISTENT,true,0.11523733692820498
524,0.42999999999999999,10,2,-1.5,2.5,7.5,22.5,3,-0.1474787431082491,-0.1350926361102302,1.7486012637846216e-14,2.8599345114344032e-13,6.3455049251216798e-14,1.7486012637846216e-14,3.1974423109204508e-13,1.4125871905208748e-14,0,3.3750779948604759e-14,true,0,1.5809575870662229e-13,7.2181226367584476e-15,INCONSISTENT,true,0.11133133430495401
525,0.42999999999999999,10,0.40000000000000002,0.69999999999999996,0.34999999999999998,2.0999999999999996,12.6,6,0.71650236684420454,-0.22164015499600465,1.7486012637846216e-14,8.7041485130612273e-14,5.1887339379253245e-15,1.7486012637846216e-14,7.460698725481052e-14,3.1441076983065966e-15,0,1.2434497875801753e-14,true,0,1.9184653865522705e-13,4.9561423276060396e-15,INCONSISTENT,true,0.143616777922419
526,0.42999999999999999,10,-1.2,0.29999999999999999,1,6,36,6,1.1339903035639434,2.2280184001535885,1.7486012637846216e-14,2.5046631435543532e-13,2.6794411002089525e-14,1.7486012637846216e-14,2.1138646388862981e-13,5.5971098522888965e-14,0,3.907985046680551e-14,true,0,2.0250467969162855e-13,2.7689598960472077e-15,INCONSISTENT,true,0.13988422516815435
527,0.42999999999999999,10,2,-1.5,2.5,15,90,6,-7.2325771361364897,3.4190390418706382,1.7486012637846216e-14,3.872457909892546e-13,8.573481208604623e-14,1.7486012637846216e-14,3.9968028886505635e-13,7.050592798014028e-13,0,1.2434497875801753e-14,true,0,2.2204460492503131e-13,2.7054069115390306e-15,INCONSISTENT,true,0.13514280919115271
528,0.42999999999999999,100,0.40000000000000002,0.69999999999999996,0.34999999999999998,0.4375,0.546875,1.25,-0.1474787431082491,-0.1350926361102302,9.6200825083769814e-14,1.2420287021086551e-11,9.8666601432558067e-14,1.8801626922027026e-13,4.9723780648491811e-11,7.9437027468385265e-14,2.8421709430404007e-13,6.2144067669578362e-11,true,5.6843418860808015e-14,1.0757617019407917e-11,3.0873510698631803e-13,INCONSISTENT,true,0.099561723720672707
529,0.42999999999999999,100,-1.2,0.29999999999999999,1,1.25,1.5625,1.25,0.71650236684420454,-0.22164015499600465,1.7486012637846216e-14,1.3187673175707459e-11,1.6154947705133767e-13,3.9357406222961799e-14,8.9670493252924643e-12,8.2255014562989413e-14,5.6843418860808015e-14,2.2154722500999924e-11,true,0,9.8054897534893826e-13,1.1046550587329962e-14,INCONSISTENT,true,0.099293849770818024
530,0.42999999999999999,100,2,-1.5,2.5,3.125,3.90625,1.25,1.1339903035639434,2.2280184001535885,1.7486012637846216e-14,6.4801497501321137e-12,1.6000544091326799e-13,7.432943149865423e-14,2.3575807972520124e-11,1.4561977049067323e-12,5.6843418860808015e-14,1.709565822238801e-11,true,0,3.751665644813329e-12,5.847623055520219e-14,INCONSISTENT,true,0.098939294847806614
531,0.42999999999999999,100,0.40000000000000002,0.69999999999999996,0.34999999999999998,0.61249999999999993,1.0718749999999999,1.75,-7.2325771361364897,3.4190390418706382,3.9357406222961799e-14,2.2737367544323206e-13,1.3653937842860002e-15,3.9357406222961799e-14,2.0037305148434825e-12,1.3155838346737541e-13,0,2.2311041902867146e-12,true,5.6843418860808015e-14,2.6858515411731787e-12,6.1025885800887041e-14,INCONSISTENT,true,0.10768277779774514
532,0.42999999999999999,100,-1.2,0.29999999999999999,1,1.75,3.0625,1.75,-0.1474787431082491,-0.1350926361102302,1.7486012637846216e-14,6.3380412029800937e-12,7.7428664264262438e-14,1.7486012637846216e-14,1.425348727934761e-11,3.4924756535501773e-14,0,7.9154460763675161e-12,true,0,5.6132876125047915e-12,1.0544741039871016e-13,INCONSISTENT,true,0.1073930538963813
533,0.42999999999999999,100,2,-1.5,2.5,4.375,7.65625,1.75,0.71650236684420454,-0.22164015499600465,1.7486012637846216e-14,4.1069370126933791e-12,1.0125331372097693e-13,1.7486012637846216e-14,1.2079226507921703e-12,2.2298629763331177e-14,0,2.8990143619012088e-12,true,0,2.2026824808563106e-12,4.1450714553665668e-14,INCONSISTENT,true,0.10700957862555105
534,0.42999999999999999,100,0.40000000000000002,0.69999999999999996,0.34999999999999998,1.0499999999999998,3.1499999999999999,3,1.1339903035639434,2.2280184001535885,1.7486012637846216e-14,3.2400748750660568e-12,2.6164543839174979e-14,1.7486012637846216e-14,1.8758328224066645e-12,3.7505167665565993e-14,0,5.1159076974727213e-12,true,0,2.7284841053187847e-12,8.8543803349222624e-14,INCONSISTENT,true,0.12340765988490257
535,0.42999999999999999,100,-1.2,0.29999999999999999,1,3,9,3,-7.2325771361364897,3.4190390418706382,1.7486012637846216e-14,3.2258640203508548e-12,3.936707446729124e-14,1.7486012637846216e-14,4.007461029686965e-12,3.905168102120973e-13,0,7.815970093361102e-13,true,0,1.7053025658242404e-13,2.4260362022059949e-14,INCONSISTENT,true,0.12307562769365733
536,0.42999999999999999,100,2,-1.5,2.5,7.5,22.5,3,-0.1474787431082491,-0.1350926361102302,1.7486012637846216e-14,1.9753088054130785e-12,4.8501881645722091e-14,1.7486012637846216e-14,2.4726887204451486e-12,1.2122452200796271e-14,0,4.9737991503207013e-13,true,0,1.6058265828178264e-12,6.3952873519963903e-15,INCONSISTENT,true,0.12263615365000796
537,0.42999999999999999,100,0.40000000000000002,0.69999999999999996,0.34999999999999998,2.0999999999999996,12.6,6,0.71650236684420454,-0.22164015499600465,3.9357406222961799e-14,6.2669869294040836e-12,4.983615433023346e-14,1.7486012637846216e-14,2.2453150450019166e-12,1.3633272033116916e-14,5.6843418860808015e-14,4.0216718844021671e-12,true,5.6843418860808015e-14,7.602807272633072e-12,7.2759625687720375e-14,INCONSISTENT,true,0.14980201159609996
538,0.42999999999999999,100,-1.2,0.29999999999999999,1,6,36,6,1.1339903035639434,2.2280184001535885,1.7486012637846216e-14,2.8137492336099967e-12,3.4318329811918202e-14,1.7486012637846216e-14,4.7748471843078732e-12,1.4571608469951099e-13,0,1.9610979506978765e-12,true,0,1.6200374375330284e-12,1.6432379825646811e-14,INCONSISTENT,true,0.14939896457112256
539,0.42999999999999999,100,2,-1.5,2.5,15,90,6,-7.2325771361364897,3.4190390418706382,1.7486012637846216e-14,2.7569058147491887e-12,6.7994249335226083e-14,1.7486012637846216e-14,3.993250174971763e-12,7.8598721843316234e-13,0,1.2363443602225743e-12,true,0,3.4248159863636829e-12,2.5835618242584227e-14,INCONSISTENT,true,0.14886549609891669
540,0.47749999999999992,0.01,0.40000000000000002,0.69999999999999996,0.34999999999999998,0.4375,0.546875,1.25,-0.1474787431082491,-0.1350926361102302,1.354472090042691e-14,9.8879238130678004e-17,2.0542501356324064e-14,1.354472090042691e-14,9.1940344226770776e-17,4.0399441665651521e-15,0,1.9081958235744878e-16,true,0,1.231653667943533e-16,3.1244155224539578e-15,INCONSISTENT,true,0.0017217020271512405
541,0.47749999999999992,0.01,-1.2,0.29999999999999999,1,1.25,1.5625,1.25,0.71650236684420454,-0.22164015499600465,1.354472090042691e-14,1.8110513089197866e-15,2.7730306539152799e-14,1.354472090042691e-14,8.2572837456496018e-16,2.0133030567093351e-14,0,9.8532293435482643e-16,true,0,1.4502288259166107e-15,2.7117627747392223e-15,INCONSISTENT,true,0.0010481385567502703
542,0.47749999999999992,0.01,2,-1.5,2.5,3.125,3.90625,1.25,1.1339903035639434,2.2280184001535885,1.354472090042691e-14,1.8058471384918562e-15,6.2471925031659031e-14,1.354472090042691e-14,5.2041704279304213e-18,1.5402406955638943e-13,0,1.8110513089197866e-15,true,0,1.5612511283791264e-16,2.2253117875384983e-15,INCONSISTENT,true,0.00067855272728725886
543,0.47749999999999992,0.01,0.40000000000000002,0.69999999999999996,0.34999999999999998,0.61249999999999993,1.0718749999999999,1.75,-7.2325771361364897,3.4190390418706382,1.354472090042691e-14,3.677613769070831e-16,2.0772522010871967e-14,1.354472090042691e-14,4.4755865680201623e-16,1.6876850730849093e-13,0,7.9797279894933126e-17,true,0,2.2551405187698492e-16,1.4096457292539665e-15,INCONSISTENT,true,0.0018797274333037333
544,0.47749999999999992,0.01,-1.2,0.29999999999999999,1,1.75,3.0625,1.75,-0.1474787431082491,-0.1350926361102302,1.354472090042691e-14,9.3675067702747583e-16,2.6945789820192465e-14,1.354472090042691e-14,6.2103100439969694e-16,5.3843670601891492e-15,0,3.1571967262777889e-16,true,0,1.3895135042574225e-15,2.8715493923620046e-15,INCONSISTENT,true,0.0011443413366322712
545,0.47749999999999992,0.01,2,-1.5,2.5,4.375,7.65625,1.75,0.71650236684420454,-0.22164015499600465,1.354472090042691e-14,6.9215466691474603e-16,6.1931739268308233e-14,1.354472090042691e-14,2.8622937353617317e-16,4.6442899673691256e-14,0,4.0592529337857286e-16,true,0,4.4929338027799304e-16,1.8281026459558412e-15,INCONSISTENT,true,0.00074083328956301786
546,0.47749999999999992,0.01,0.40000000000000002,0.69999999999999996,0.34999999999999998,1.0499999999999998,3.1499999999999999,3,1.1339903035639434,2.2280184001535885,1.354472090042691e-14,1.7347234759768071e-17,2.0431799034092794e-14,1.354472090042691e-14,1.3357370765021415e-16,5.0557952372919374e-14,0,1.5092094240998222e-16,true,0,8.6736173798840355e-17,4.4408920985006262e-16,INCONSISTENT,true,0.0021922418367976127
547,0.47749999999999992,0.01,-1.2,0.29999999999999999,1,3,9,3,-7.2325771361364897,3.4190390418706382,1.354472090042691e-14,1.1275702593849246e-16,2.6011520892378775e-14,1.354472090042691e-14,5.0306980803327406e-17,2.0947457839082422e-13,0,6.2450045135165055e-17,true,0,3.3306690738754696e-16,9.4572692254497794e-16,INCONSISTENT,true,0.0013345939997974089
548,0.47749999999999992,0.01,2,-1.5,2.5,7.5,22.5,3,-0.1474787431082491,-0.1350926361102302,1.354472090042691e-14,1.5092094240998222e-16,6.1868815467557276e-14,1.354472090042691e-14,9.6277152916712794e-16,1.2239957092650593e-14,0,1.1136924715771102e-15,true,0,9.3675067702747583e-17,0,INCONSISTENT,true,0.00086400065387220494
549,0.47749999999999992,0.01,0.40000000000000002,0.69999999999999996,0.34999999999999998,2.0999999999999996,12.6,6,0.71650236684420454,-0.22164015499600465,1.354472090042691e-14,9.0205620750793969e-17,2.0431799034092794e-14,1.354472090042691e-14,5.7245874707234634e-17,1.5311621835919e-14,0,1.474514954580286e-16,true,0,2.9837243786801082e-16,7.6739368411052931e-16,INCONSISTENT,true,0.0027325609658002434
550,0.47749999999999992,0.01,-1.2,0.29999999999999999,1,6,36,6,1.1339903035639434,2.2280184001535885,1.354472090042691e-14,2.4980018054066022e-16,2.6391626645424645e-14,1.354472090042691e-14,1.7867651802561113e-16,6.5172266562827414e-14,0,4.2847669856627135e-16,true,0,3.3653635433950058e-16,1.1193423066983589e-15,INCONSISTENT,true,0.0016635297291663139
551,0.47749999999999992,0.01,2,-1.5,2.5,15,90,6,-7.2325771361364897,3.4190390418706382,1.354472090042691e-14,3.4000580129145419e-16,6.1868815467557276e-14,1.354472090042691e-14,1.5959455978986625e-16,4.9414658671136348e-13,0,1.8041124150158794e-16,true,0,6.1929628092372013e-16,1.1017973409406971e-15,INCONSISTENT,true,0.0010769498244051112
552,0.47749999999999992,0.10000000000000001,0.40000000000000002,0.69999999999999996,0.34999999999999998,0.4375,0.546875,1.25,-0.1474787431082491,-0.1350926361102302,1.354472090042691e-14,3.6082248300317588e-16,1.8690036639696008e-14,1.354472090042691e-14,1.5265566588595902e-16,3.6802116636353144e-15,0,2.0816681711721685e-16,true,0,5.134781488891349e-16,1.4799821462370984e-15,INCONSISTENT,true,0.015389695420636996
553,0.47749999999999992,0.10000000000000001,-1.2,0.29999999999999999,1,1.25,1.5625,1.25,0.71650236684420454,-0.22164015499600465,1.354472090042691e-14,8.3266726846886741e-17,2.4538942839253643e-14,1.354472090042691e-14,2.0122792321330962e-15,1.7370644669874431e-14,0,1.9290125052862095e-15,true,0,1.6653345369377348e-15,6.0083983119766132e-15,INCONSISTENT,true,0.0097870437059062228
554,0.47749999999999992,0.10000000000000001,2,-1.5,2.5,3.125,3.90625,1.25,1.1339903035639434,2.2280184001535885,1.354472090042691e-14,1.0130785099704553e-15,5.898534582824172e-14,1.354472090042691e-14,4.7184478546569153e-16,1.4668126100152628e-13,0,1.4849232954361469e-15,true,0,1.1379786002407855e-15,2.3390549396696305e-15,INCONSISTENT,true,0.0064907191304406807
555,0.47749999999999992,0.10000000000000001,0.40000000000000002,0.69999999999999996,0.34999999999999998,0.61249999999999993,1.0718749999999999,1.75,-7.2325771361364897,3.4190390418706382,1.354472090042691e-14,9.0205620750793969e-16,1.9274763513572983e-14,1.354472090042691e-14,7.0776717819853729e-16,1.5384983412781588e-13,0,1.9428902930940239e-16,true,0,6.6613381477509392e-16,1.4096457292539665e-15,INCONSISTENT,true,0.016802229547386523
556,0.47749999999999992,0.10000000000000001,-1.2,0.29999999999999999,1,1.75,3.0625,1.75,-0.1474787431082491,-0.1350926361102302,1.354472090042691e-14,1.5543122344752192e-15,2.3480363947093723e-14,1.354472090042691e-14,2.0122792321330962e-15,4.6551652746433374e-15,0,4.5796699765787707e-16,true,0,4.163336342344337e-16,4.4408920985006262e-16,INCONSISTENT,true,0.010685341746045558
557,0.47749999999999992,0.10000000000000001,2,-1.5,2.5,4.375,7.65625,1.75,0.71650236684420454,-0.22164015499600465,1.354472090042691e-14,1.3739009929736312e-15,5.8312819619318449e-14,1.354472090042691e-14,9.5756735873919752e-16,4.3794041556113371e-14,0,4.163336342344337e-16,true,0,2.7755575615628914e-17,5.7161174975912124e-16,INCONSISTENT,true,0.0070864659615716063
558,0.47749999999999992,0.10000000000000001,0.40000000000000002,0.69999999999999996,0.34999999999999998,1.0499999999999998,3.1499999999999999,3,1.1339903035639434,2.2280184001535885,1.354472090042691e-14,9.7144514654701197e-17,1.8343222944184309e-14,1.354472090042691e-14,1.3877787807814457e-16,4.6136679998881273e-14,0,4.163336342344337e-17,true,0,1.0685896612017132e-15,5.1139560595728408e-16,INCONSISTENT,true,0.019595687072853373
559,0.47749999999999992,0.10000000000000001,-1.2,0.29999999999999999,1,3,9,3,-7.2325771361364897,3.4190390418706382,1.354472090042691e-14,1.7486012637846216e-15,2.3372765708523897e-14,1.354472090042691e-14,1.9984014443252818e-15,1.8536349583401363e-13,0,2.4980018054066022e-16,true,0,4.3021142204224816e-16,1.2190344912848665e-15,INCONSISTENT,true,0.01246183505180143
560,0.47749999999999992,0.10000000000000001,2,-1.5,2.5,7.5,22.5,3,-0.1474787431082491,-0.1350926361102302,1.354472090042691e-14,2.2343238370581275e-15,5.8179500108574612e-14,1.354472090042691e-14,2.1233015345956119e-15,1.1644381952713654e-14,0,1.1102230246251565e-16,true,0,7.2164496600635175e-16,9.0865090937460184e-16,INCONSISTENT,true,0.0082646275628931731
561,0.47749999999999992,0.10000000000000001,0.40000000000000002,0.69999999999999996,0.34999999999999998,2.0999999999999996,12.6,6,0.71650236684420454,-0.22164015499600465,1.354472090042691e-14,4.4408920985006262e-16,1.774273950070169e-14,1.354472090042691e-14,5.2735593669694936e-16,1.3243918354593755e-14,0,8.3266726846886741e-17,true,0,1.7763568394002505e-15,6.0933920467422806e-16,INCONSISTENT,true,0.024425411783738735
562,0.47749999999999992,0.10000000000000001,-1.2,0.29999999999999999,1,6,36,6,1.1339903035639434,2.2280184001535885,1.354472090042691e-14,2.0122792321330962e-15,2.3106779251261742e-14,1.354472090042691e-14,2.0122792321330962e-15,5.783398860650275e-14,0,0,true,0,1.6375789613221059e-15,2.2269676246025246e-15,INCONSISTENT,true,0.01553328809495679
563,0.47749999999999992,0.10000000000000001,2,-1.5,2.5,15,90,6,-7.2325771361364897,3.4190390418706382,1.354472090042691e-14,2.9004576518332215e-15,5.8060312290201203e-14,1.354472090042691e-14,2.7616797737550769e-15,4.649883357102582e-13,0,1.3877787807814457e-16,true,0,1.4849232954361469e-15,9.2567615355819142e-16,INCONSISTENT,true,0.010301600077221255
564,0.47749999999999992,1,0.40000000000000002,0.69999999999999996,0.34999999999999998,0.4375,0.546875,1.25,-0.1474787431082491,-0.1350926361102302,1.354472090042691e-14,5.6621374255882984e-15,5.5255209910362277e-15,1.354472090042691e-14,1.1102230246251565e-15,1.5755415276408009e-15,0,4.5519144009631418e-15,true,0,5.1070259132757201e-15,6.408351264854044e-15,INCONSISTENT,true,0.068176481829621466
565,0.47749999999999992,1,-1.2,0.29999999999999999,1,1.25,1.5625,1.25,0.71650236684420454,-0.22164015499600465,1.354472090042691e-14,1.4988010832439613e-14,1.0391711233178589e-14,1.354472090042691e-14,1.3322676295501878e-14,7.8645804306386851e-15,0,1.6653345369377348e-15,true,0,5.8841820305133297e-15,5.7744346376759513e-15,INCONSISTENT,true,0.055368684894809457
566,0.47749999999999992,1,2,-1.5,2.5,3.125,3.90625,1.25,1.1339903035639434,2.2280184001535885,1.354472090042691e-14,2.1538326677728037e-14,4.1422479074317573e-14,1.354472090042691e-14,1.4765966227514582e-14,9.9146334979962967e-14,0,6.7723604502134549e-15,true,0,2.2204460492503131e-16,1.5714837551135934e-15,INCONSISTENT,true,0.04355281954914518
567,0.47749999999999992,1,0.40000000000000002,0.69999999999999996,0.34999999999999998,0.61249999999999993,1.0718749999999999,1.75,-7.2325771361364897,3.4190390418706382,1.354472090042691e-14,1.7763568394002505e-15,9.4264407600196877e-15,1.354472090042691e-14,3.3306690738754696e-16,6.5978266802302776e-14,0,2.1094237467877974e-15,true,0,1.5543122344752192e-15,2.7636761078751837e-15,INCONSISTENT,true,0.074434020045538063
568,0.47749999999999992,1,-1.2,0.29999999999999999,1,1.75,3.0625,1.75,-0.1474787431082491,-0.1350926361102302,1.354472090042691e-14,1.2212453270876722e-14,1.0426643443638546e-14,1.354472090042691e-14,9.7699626167013776e-15,2.1856965084504617e-15,0,2.4424906541753444e-15,true,0,2.4424906541753444e-15,3.9968028886505635e-15,INCONSISTENT,true,0.060450667015277376
569,0.47749999999999992,1,2,-1.5,2.5,4.375,7.65625,1.75,0.71650236684420454,-0.22164015499600465,1.354472090042691e-14,2.4980018054066022e-14,4.2480794817260858e-14,1.354472090042691e-14,2.4646951146678475e-14,3.1671532087903371e-14,0,3.3306690738754696e-16,true,0,1.3322676295501878e-15,1.7140476300839758e-15,INCONSISTENT,true,0.047550289430638257
570,0.47749999999999992,1,0.40000000000000002,0.69999999999999996,0.34999999999999998,1.0499999999999998,3.1499999999999999,3,1.1339903035639434,2.2280184001535885,1.354472090042691e-14,2.2204460492503131e-16,8.6632972684072684e-15,1.354472090042691e-14,2.2204460492503131e-16,2.1357874857860979e-14,0,0,true,0,1.0103029524088925e-14,1.3052210193180228e-15,INCONSISTENT,true,0.086809060682881828
571,0.47749999999999992,1,-1.2,0.29999999999999999,1,3,9,3,-7.2325771361364897,3.4190390418706382,1.354472090042691e-14,1.3655743202889425e-14,1.0262809400873093e-14,1.354472090042691e-14,1.2656542480726785e-14,8.2423723015666761e-14,0,9.9920072216264089e-16,true,0,9.1038288019262836e-15,1.5722980704905856e-15,INCONSISTENT,true,0.070500902920989247
572,0.47749999999999992,1,2,-1.5,2.5,7.5,22.5,3,-0.1474787431082491,-0.1350926361102302,1.354472090042691e-14,2.6978419498391304e-14,4.3523008267604327e-14,1.354472090042691e-14,2.5424107263916085e-14,8.5178420309932926e-15,0,1.5543122344752192e-15,true,0,8.3266726846886741e-15,1.4512088635767722e-15,INCONSISTENT,true,0.05545577087127123
573,0.47749999999999992,1,0.40000000000000002,0.69999999999999996,0.34999999999999998,2.0999999999999996,12.6,6,0.71650236684420454,-0.22164015499600465,1.354472090042691e-14,5.6621374255882984e-15,5.5255209910362277e-15,1.354472090042691e-14,6.8833827526759706e-15,3.7812833677378427e-15,0,1.2212453270876722e-15,true,2.8421709430404007e-14,3.0087043967341742e-14,4.9064751738615263e-16,INCONSISTENT,true,0.10820478230009187
574,0.47749999999999992,1,-1.2,0.29999999999999999,1,6,36,6,1.1339903035639434,2.2280184001535885,1.354472090042691e-14,2.0650148258027912e-14,1.1147103593488016e-14,1.354472090042691e-14,1.9872992140790302e-14,2.6943445363012431e-14,0,7.7715611723760958e-16,true,0,1.5543122344752192e-14,1.969910456288869e-15,INCONSISTENT,true,0.087877173102852854
575,0.47749999999999992,1,2,-1.5,2.5,15,90,6,-7.2325771361364897,3.4190390418706382,1.354472090042691e-14,3.2640556923979602e-14,4.619915352783642e-14,1.354472090042691e-14,3.1530333899354446e-14,3.6774018988985637e-13,0,1.1102230246251565e-15,true,0,1.6431300764452317e-14,9.0946115254939825e-16,INCONSISTENT,true,0.069123885999988505
576,0.47749999999999992,10,0.40000000000000002,0.69999999999999996,0.34999999999999998,0.4375,0.546875,1.25,-0.1474787431082491,-0.1350926361102302,1.4876988529977098e-14,2.5401902803423582e-13,1.8154862391397105e-14,1.4876988529977098e-14,8.6153306710912148e-13,1.2997792999963376e-14,0,6.0751403907488566e-13,true,0,2.8599345114344032e-13,5.8412543331363942e-14,INCONSISTENT,true,0.096449533431613901
577,0.47749999999999992,10,-1.2,0.29999999999999999,1,1.25,1.5625,1.25,0.71650236684420454,-0.22164015499600465,1.4876988529977098e-14,2.5401902803423582e-13,2.739940678777817e-14,1.4876988529977098e-14,1.936228954946273e-13,1.5382599754244479e-14,0,6.0396132539608516e-14,true,0,1.4743761767022079e-13,2.3876382547693665e-14,INCONSISTENT,true,0.093866640839737378
578,0.47749999999999992,10,2,-1.5,2.5,3.125,3.90625,1.25,1.1339903035639434,2.2280184001535885,1.4876988529977098e-14,2.8954616482224083e-13,6.3310364549795164e-14,1.4876988529977098e-14,1.7763568394002505e-14,2.2486881514489034e-14,0,2.7178259642823832e-13,true,0,1.4388490399142029e-13,2.0533376787854211e-14,INCONSISTENT,true,0.090421424437286971
579,0.47749999999999992,10,0.40000000000000002,0.69999999999999996,0.34999999999999998,0.61249999999999993,1.0718749999999999,1.75,-7.2325771361364897,3.4190390418706382,1.4876988529977098e-14,5.6843418860808015e-14,2.9790409838967277e-15,1.4876988529977098e-14,1.5987211554602254e-14,3.2023728339893768e-15,0,4.0856207306205761e-14,true,0,7.1054273576010019e-15,5.9971103329428055e-15,INCONSISTENT,true,0.10530209703069494
580,0.47749999999999992,10,-1.2,0.29999999999999999,1,1.75,3.0625,1.75,-0.1474787431082491,-0.1350926361102302,1.4876988529977098e-14,2.4336088699783431e-13,2.6242217891073274e-14,1.4876988529977098e-14,3.1974423109204508e-14,5.4900640824730122e-16,0,2.1138646388862981e-13,true,0,6.3948846218409017e-14,1.616921486870783e-14,INCONSISTENT,true,0.10248213516406404
581,0.47749999999999992,10,2,-1.5,2.5,4.375,7.65625,1.75,0.71650236684420454,-0.22164015499600465,1.4876988529977098e-14,2.9487523534044158e-13,6.4419345663563745e-14,1.4876988529977098e-14,2.2382096176443156e-13,3.6367218912223721e-14,0,7.1054273576010019e-14,true,0,3.0198066269804258e-14,1.3297405067541669e-14,INCONSISTENT,true,0.098720701603970215
582,0.47749999999999992,10,0.40000000000000002,0.69999999999999996,0.34999999999999998,1.0499999999999998,3.1499999999999999,3,1.1339903035639434,2.2280184001535885,1.4876988529977098e-14,1.2434497875801753e-14,5.4672143489065705e-16,1.4876988529977098e-14,2.3092638912203256e-14,1.1322097734007351e-15,0,1.0658141036401503e-14,true,0,8.5265128291212022e-14,4.9020830960972862e-15,INCONSISTENT,true,0.12280911504686448
583,0.47749999999999992,10,-1.2,0.29999999999999999,1,3,9,3,-7.2325771361364897,3.4190390418706382,1.4876988529977098e-14,1.7053025658242404e-13,1.7886740406278825e-14,1.4876988529977098e-14,1.1723955140041653e-13,9.6325396273306553e-14,0,5.3290705182007514e-14,true,0,8.1712414612411521e-14,6.7507132571424151e-15,INCONSISTENT,true,0.11952031994142745
584,0.47749999999999992,10,2,-1.5,2.5,7.5,22.5,3,-0.1474787431082491,-0.1350926361102302,1.4876988529977098e-14,2.8776980798284058e-13,6.2693695538416708e-14,1.4876988529977098e-14,2.9842794901924208e-13,1.3005303232384003e-14,0,1.0658141036401503e-14,true,0,9.7699626167013776e-14,4.9727705980270372e-15,INCONSISTENT,true,0.11513352860632688
585,0.47749999999999992,10,0.40000000000000002,0.69999999999999996,0.34999999999999998,2.0999999999999996,12.6,6,0.71650236684420454,-0.22164015499600465,1.4876988529977098e-14,8.1712414612411521e-14,4.8202094196297753e-15,1.4876988529977098e-14,3.0198066269804258e-14,7.2377686124476805e-16,0,5.1514348342607263e-14,true,0,1.8829382497642655e-13,5.2072537765872951e-15,INCONSISTENT,true,0.15307772545376719
586,0.47749999999999992,10,-1.2,0.29999999999999999,1,6,36,6,1.1339903035639434,2.2280184001535885,1.4876988529977098e-14,2.2026824808563106e-13,2.344602040668129e-14,1.4876988529977098e-14,2.042810365310288e-13,5.4306136800261832e-14,0,1.5987211554602254e-14,true,0,1.8474111129762605e-13,1.4329970005831898e-15,INCONSISTENT,true,0.14897834509398553
587,0.47749999999999992,10,2,-1.5,2.5,15,90,6,-7.2325771361364897,3.4190390418706382,1.4876988529977098e-14,3.2862601528904634e-13,7.1707688537958473e-14,1.4876988529977098e-14,3.5527136788005009e-13,6.2181624257383916e-13,0,2.6645352591003757e-14,true,0,2.1138646388862981e-13,4.5256831872678016e-15,INCONSISTENT,true,0.14351034673442165
588,0.47749999999999992,100,0.40000000000000002,0.69999999999999996,0.34999999999999998,0.4375,0.546875,1.25,-0.1474787431082491,-0.1350926361102302,4.1966430330830917e-14,1.9142021301377099e-11,1.5336433158267074e-13,9.8809849191638932e-14,2.8549607122840825e-11,4.5640920013922379e-14,5.6843418860808015e-14,9.4075858214637265e-12,true,1.1368683772161603e-13,3.7886138670728542e-11,6.2525020835872562e-13,INCONSISTENT,true,0.10016855411141523
589,0.47749999999999992,100,-1.2,0.29999999999999999,1,1.25,1.5625,1.25,0.71650236684420454,-0.22164015499600465,1.4876988529977098e-14,9.0523144535836764e-12,1.1046904595551096e-13,1.4876988529977098e-14,1.7379875316692051e-11,1.5964196409983252e-13,0,8.3275608631083742e-12,true,5.6843418860808015e-14,7.673861546209082e-12,1.1101924877091179e-13,INCONSISTENT,true,0.099893966628470734
590,0.47749999999999992,100,2,-1.5,2.5,3.125,3.90625,1.25,1.1339903035639434,2.2280184001535885,7.1720407390785113e-14,1.7308821043116041e-11,4.2654791723698174e-13,1.4876988529977098e-14,1.1141310096718371e-11,6.8723719941541717e-13,5.6843418860808015e-14,6.1675109463976696e-12,true,5.6843418860808015e-14,1.4878764886816498e-11,1.299951045690112e-13,INCONSISTENT,true,0.099513133791604064
591,0.47749999999999992,100,0.40000000000000002,0.69999999999999996,0.34999999999999998,0.61249999999999993,1.0718749999999999,1.75,-7.2325771361364897,3.4190390418706382,1.4876988529977098e-14,2.9274360713316128e-12,2.3423864145023168e-14,1.4876988529977098e-14,2.7995383788947947e-12,1.7837853522023276e-13,0,1.2789769243681803e-13,true,0,4.9311665861750953e-12,1.0042137708967979e-13,INCONSISTENT,true,0.10936246583223917
592,0.47749999999999992,100,-1.2,0.29999999999999999,1,1.75,3.0625,1.75,-0.1474787431082491,-0.1350926361102302,1.4876988529977098e-14,8.9812601800076663e-12,1.0976868021182909e-13,1.4876988529977098e-14,1.382716163789155e-11,3.3830793378873e-14,0,4.8459014578838833e-12,true,0,4.9595882956054993e-12,8.9324891961466487e-14,INCONSISTENT,true,0.10906267549903942
593,0.47749999999999992,100,2,-1.5,2.5,4.375,7.65625,1.75,0.71650236684420454,-0.22164015499600465,1.4876988529977098e-14,5.5280224842135794e-12,1.3584793454648815e-13,1.4876988529977098e-14,1.2107648217352107e-11,2.2384320917571646e-13,0,6.5796257331385277e-12,true,0,6.2527760746888816e-13,6.0175064350654296e-14,INCONSISTENT,true,0.10864688814456605
594,0.47749999999999992,100,0.40000000000000002,0.69999999999999996,0.34999999999999998,1.0499999999999998,3.1499999999999999,3,1.1339903035639434,2.2280184001535885,1.4876988529977098e-14,1.1510792319313623e-12,9.1024747707145231e-15,1.4876988529977098e-14,4.5332626541494392e-12,9.0592293994982667e-14,0,3.3821834222180769e-12,true,0,5.8264504332328215e-13,8.4106854658291601e-15,INCONSISTENT,true,0.12754454115260358
595,0.47749999999999992,100,-1.2,0.29999999999999999,1,3,9,3,-7.2325771361364897,3.4190390418706382,1.4876988529977098e-14,7.9865003499435261e-12,9.7395671360767268e-14,1.4876988529977098e-14,1.1056044968427159e-11,1.083069762466006e-12,0,3.0695446184836328e-12,true,0,2.4442670110147446e-12,6.3644691165589883e-14,INCONSISTENT,true,0.12719490912682468
596,0.47749999999999992,100,2,-1.5,2.5,7.5,22.5,3,-0.1474787431082491,-0.1350926361102302,1.4876988529977098e-14,2.6290081223123707e-12,6.4259954187549513e-14,1.4876988529977098e-14,3.1974423109204508e-12,1.5733190259401592e-14,0,5.6843418860808015e-13,true,0,2.3732127374387346e-12,2.4137586464044169e-14,INCONSISTENT,true,0.12670999497520935
597,0.47749999999999992,100,0.40000000000000002,0.69999999999999996,0.34999999999999998,2.0999999999999996,12.6,6,0.71650236684420454,-0.22164015499600465,1.4876988529977098e-14,1.7337242752546445e-12,1.3825731738188993e-14,1.4876988529977098e-14,4.8601123125990853e-12,2.9183717416374324e-14,0,3.1263880373444408e-12,true,0,6.8212102632969618e-13,2.7580414265130763e-14,INCONSISTENT,true,0.15898028616386509
598,0.47749999999999992,100,-1.2,0.29999999999999999,1,6,36,6,1.1339903035639434,2.2280184001535885,1.4876988529977098e-14,2.6432189770275727e-12,3.1827598242986096e-14,1.4876988529977098e-14,4.8316906031686813e-12,1.4696937660983266e-13,0,2.1884716261411086e-12,true,0,2.1174173525650986e-12,9.4509920334180789e-15,INCONSISTENT,true,0.15854448076605393
599,0.47749999999999992,100,2,-1.5,2.5,15,90,6,-7.2325771361364897,3.4190390418706382,1.4876988529977098e-14,4.0927261579781771e-12,1.0054183634054209e-13,1.4876988529977098e-14,3.3253400033572689e-12,6.5475076963170239e-13,0,7.673861546209082e-13,true,0,1.5489831639570184e-12,9.8187899764242398e-15,INCONSISTENT,true,0.15794005042424833
600,0.52500000000000002,0.01,0.40000000000000002,0.69999999999999996,0.34999999999999998,0.4375,0.546875,1.25,-0.1474787431082491,-0.1350926361102302,1.8540724511240114e-14,5.7419347054832315e-16,2.881264046678522e-14,1.8540724511240114e-14,3.8684333514282798e-16,5.7169074818691433e-15,0,1.8735013540549517e-16,true,0,2.6367796834847468e-16,1.0768085112551711e-15,INCONSISTENT,true,0.0018204195177840318
601,0.52500000000000002,0.01,-1.2,0.29999999999999999,1,1.25,1.5625,1.25,0.71650236684420454,-0.22164015499600465,1.8540724511240114e-14,6.2623517482762736e-16,3.5168362506065259e-14,1.8540724511240114e-14,9.8011876392689601e-16,2.6137500862954579e-14,0,3.5388358909926865e-16,true,0,3.7123082385903672e-16,4.0424302492433235e-15,INCONSISTENT,true,0.001054596569542123
602,0.52500000000000002,0.01,2,-1.5,2.5,3.125,3.90625,1.25,1.1339903035639434,2.2280184001535885,1.8540724511240114e-14,2.4286128663675299e-17,8.3969272777995425e-14,1.8540724511240114e-14,9.1940344226770776e-17,2.1009127865983883e-13,0,6.7654215563095477e-17,true,0,9.3675067702747583e-17,5.7745947700423529e-15,INCONSISTENT,true,0.00065365854315979838
603,0.52500000000000002,0.01,0.40000000000000002,0.69999999999999996,0.34999999999999998,0.61249999999999993,1.0718749999999999,1.75,-7.2325771361364897,3.4190390418706382,1.8540724511240114e-14,2.6714741530042829e-16,2.7678251896943673e-14,1.8540724511240114e-14,2.9837243786801082e-16,2.2054071095272413e-13,0,3.1225022567582528e-17,true,0,2.3592239273284576e-16,8.8627512553806582e-16,INCONSISTENT,true,0.0020065713920368526
604,0.52500000000000002,0.01,-1.2,0.29999999999999999,1,1.75,3.0625,1.75,-0.1474787431082491,-0.1350926361102302,1.8540724511240114e-14,4.3715031594615539e-16,3.5435816334278863e-14,1.8540724511240114e-14,1.0061396160665481e-16,7.1416018362313357e-15,0,3.3653635433950058e-16,true,0,6.4184768611141862e-17,8.8817841970012523e-16,INCONSISTENT,true,0.0011624371667676838
605,0.52500000000000002,0.01,2,-1.5,2.5,4.375,7.65625,1.75,0.71650236684420454,-0.22164015499600465,1.8540724511240114e-14,8.2225892761300656e-16,8.3456875974497262e-14,1.8540724511240114e-14,7.2337968948232856e-16,6.2661050456546428e-14,0,9.8879238130678004e-17,true,0,7.2858385991025898e-17,2.2239578720219558e-15,INCONSISTENT,true,0.000720500148479803
606,0.52500000000000002,0.01,0.40000000000000002,0.69999999999999996,0.34999999999999998,1.0499999999999998,3.1499999999999999,3,1.1339903035639434,2.2280184001535885,1.8540724511240114e-14,9.540979117872439e-17,2.7908641884349435e-14,1.8540724511240114e-14,1.2490009027033011e-16,6.972518804174978e-14,0,2.9490299091605721e-17,true,0,9.7144514654701197e-17,1.3463114515195515e-15,INCONSISTENT,true,0.0023825759207968529
607,0.52500000000000002,0.01,-1.2,0.29999999999999999,1,3,9,3,-7.2325771361364897,3.4190390418706382,1.8540724511240114e-14,7.8062556418956319e-17,3.5921548620568865e-14,1.8540724511240114e-14,3.1225022567582528e-17,2.8590103255547292e-13,0,4.6837533851373792e-17,true,0,2.1684043449710089e-16,1.7830504647897476e-15,INCONSISTENT,true,0.0013802622792157011
608,0.52500000000000002,0.01,2,-1.5,2.5,7.5,22.5,3,-0.1474787431082491,-0.1350926361102302,1.8540724511240114e-14,6.123573870198129e-16,8.3625665466914335e-14,1.8540724511240114e-14,5.8980598183211441e-16,1.6737601693627521e-14,0,2.2551405187698492e-17,true,0,1.2663481374630692e-16,8.8986000007554648e-16,INCONSISTENT,true,0.00085551219932086667
609,0.52500000000000002,0.01,0.40000000000000002,0.69999999999999996,0.34999999999999998,2.0999999999999996,12.6,6,0.71650236684420454,-0.22164015499600465,1.8540724511240114e-14,8.6736173798840355e-17,2.7908641884349435e-14,1.8540724511240114e-14,4.163336342344337e-17,2.0971316545141749e-14,0,4.5102810375396984e-17,true,0,1.7694179454963432e-16,1.3636174099461935e-15,INCONSISTENT,true,0.0030522221956221247
610,0.52500000000000002,0.01,-1.2,0.29999999999999999,1,6,36,6,1.1339903035639434,2.2280184001535885,1.8540724511240114e-14,2.5326962749261384e-16,3.5651169843620697e-14,1.8540724511240114e-14,2.2551405187698492e-16,8.9067291853568787e-14,0,2.7755575615628914e-17,true,0,2.3765711620882257e-16,1.3322676295501878e-15,INCONSISTENT,true,0.0017681984979462664
611,0.52500000000000002,0.01,2,-1.5,2.5,15,90,6,-7.2325771361364897,3.4190390418706382,1.8540724511240114e-14,4.4755865680201623e-16,8.3796468497177918e-14,1.8540724511240114e-14,5.6725457664441592e-16,6.6690075942375837e-13,0,1.1969591984239969e-16,true,0,2.8969882048812678e-16,8.948759969346784e-16,INCONSISTENT,true,0.0010959622736914213
612,0.52500000000000002,0.10000000000000001,0.40000000000000002,0.69999999999999996,0.34999999999999998,0.4375,0.546875,1.25,-0.1474787431082491,-0.1350926361102302,1.8540724511240114e-14,9.0205620750793969e-16,2.6455242586345916e-14,1.8540724511240114e-14,1.9706458687096529e-15,5.5362503244709622e-15,0,1.0685896612017132e-15,true,0,9.1593399531575415e-16,5.0344478388099197e-15,INCONSISTENT,true,0.016287279705415429
613,0.52500000000000002,0.10000000000000001,-1.2,0.29999999999999999,1,1.25,1.5625,1.25,0.71650236684420454,-0.22164015499600465,1.8540724511240114e-14,1.3600232051658168e-15,3.2453140767386849e-14,1.8540724511240114e-14,9.0205620750793969e-16,2.4633945103073996e-14,0,4.5796699765787707e-16,true,0,7.0776717819853729e-16,1.5198799309523407e-15,INCONSISTENT,true,0.0098891946550000911
614,0.52500000000000002,0.10000000000000001,2,-1.5,2.5,3.125,3.90625,1.25,1.1339903035639434,2.2280184001535885,1.8540724511240114e-14,3.7608804959177178e-15,7.9250018301093541e-14,1.8540724511240114e-14,3.2335245592207684e-15,1.9826531749751221e-13,0,5.2735593669694936e-16,true,0,9.8532293435482643e-16,4.1860421785294182e-15,INCONSISTENT,true,0.0062818682948357655
615,0.52500000000000002,0.10000000000000001,0.40000000000000002,0.69999999999999996,0.34999999999999998,0.61249999999999993,1.0718749999999999,1.75,-7.2325771361364897,3.4190390418706382,1.8540724511240114e-14,3.0531133177191805e-16,2.4934580944522691e-14,1.8540724511240114e-14,1.3877787807814457e-17,2.0110377729717541e-13,0,2.9143354396410359e-16,true,0,2.7755575615628914e-17,3.3809590628680066e-15,INCONSISTENT,true,0.01795277912136848
616,0.52500000000000002,0.10000000000000001,-1.2,0.29999999999999999,1,1.75,3.0625,1.75,-0.1474787431082491,-0.1350926361102302,1.8540724511240114e-14,8.3266726846886741e-16,3.2954787648297217e-14,1.8540724511240114e-14,1.1796119636642288e-15,6.5355393279070793e-15,0,3.4694469519536142e-16,true,0,1.1657341758564144e-15,1.3813829067106909e-15,INCONSISTENT,true,0.010900440745207648
617,0.52500000000000002,0.10000000000000001,2,-1.5,2.5,4.375,7.65625,1.75,0.71650236684420454,-0.22164015499600465,1.8540724511240114e-14,3.9829251008427491e-15,7.9088099112976407e-14,1.8540724511240114e-14,4.0245584642661925e-15,5.9452002402352441e-14,0,4.163336342344337e-17,true,0,1.3877787807814457e-17,1.4584552133552622e-15,INCONSISTENT,true,0.0069242375649287051
618,0.52500000000000002,0.10000000000000001,0.40000000000000002,0.69999999999999996,0.34999999999999998,1.0499999999999998,3.1499999999999999,3,1.1339903035639434,2.2280184001535885,1.8540724511240114e-14,4.5796699765787707e-16,2.4716118008946411e-14,1.8540724511240114e-14,4.0245584642661925e-16,6.1889929949121768e-14,0,5.5511151231257827e-17,true,0,8.1878948066105295e-16,3.7384494168532977e-15,INCONSISTENT,true,0.021316888806323809
619,0.52500000000000002,0.10000000000000001,-1.2,0.29999999999999999,1,3,9,3,-7.2325771361364897,3.4190390418706382,1.8540724511240114e-14,1.3739009929736312e-15,3.2453140767386849e-14,1.8540724511240114e-14,1.4155343563970746e-15,2.5917922884036216e-13,0,4.163336342344337e-17,true,0,1.8318679906315083e-15,1.1681852774053984e-15,INCONSISTENT,true,0.01294303693788252
620,0.52500000000000002,0.10000000000000001,2,-1.5,2.5,7.5,22.5,3,-0.1474787431082491,-0.1350926361102302,1.8540724511240114e-14,4.4547698863084406e-15,7.9264637005620286e-14,1.8540724511240114e-14,4.6074255521943996e-15,1.5838806226985435e-14,0,1.5265566588595902e-16,true,0,6.2450045135165055e-16,9.3270895344109461e-16,INCONSISTENT,true,0.0082217466856950305
621,0.52500000000000002,0.10000000000000001,0.40000000000000002,0.69999999999999996,0.34999999999999998,2.0999999999999996,12.6,6,0.71650236684420454,-0.22164015499600465,1.8540724511240114e-14,7.9103390504542404e-16,2.4259325777897516e-14,1.8540724511240114e-14,6.6613381477509392e-16,1.8225672891396283e-14,0,1.2490009027033011e-16,true,0,2.3175905639050143e-15,4.8453857231982766e-16,INCONSISTENT,true,0.02730820898017311
622,0.52500000000000002,0.10000000000000001,-1.2,0.29999999999999999,1,6,36,6,1.1339903035639434,2.2280184001535885,1.8540724511240114e-14,2.9004576518332215e-15,3.1236209144674738e-14,1.8540724511240114e-14,2.6090241078691179e-15,7.841790593623431e-14,0,2.9143354396410359e-16,true,0,2.2343238370581275e-15,5.407189899627929e-16,INCONSISTENT,true,0.016580804110254373
623,0.52500000000000002,0.10000000000000001,2,-1.5,2.5,15,90,6,-7.2325771361364897,3.4190390418706382,1.8540724511240114e-14,4.3576253716537394e-15,7.9422471715337056e-14,1.8540724511240114e-14,4.2882364326146671e-15,6.3052410951717214e-13,0,6.9388939039072284e-17,true,0,2.7894353493707058e-15,1.0427916963332521e-15,INCONSISTENT,true,0.010532549037289042
624,0.52500000000000002,1,0.40000000000000002,0.69999999999999996,0.34999999999999998,0.4375,0.546875,1.25,-0.1474787431082491,-0.1350926361102302,9.8809849191638932e-15,7.1054273576010019e-15,9.8592867973861353e-15,1.8540724511240114e-14,6.2172489379008766e-15,2.9135505780970735e-15,2.8421709430404007e-14,1.3322676295501878e-14,true,0,5.1070259132757201e-15,7.5909758399734265e-15,INCONSISTENT,true,0.070714096748339367
625,0.52500000000000002,1,-1.2,0.29999999999999999,1,1.25,1.5625,1.25,0.71650236684420454,-0.22164015499600465,1.8540724511240114e-14,1.0658141036401503e-14,1.5240515551283777e-14,1.8540724511240114e-14,1.3988810110276972e-14,1.0623970030305295e-14,0,3.3306690738754696e-15,true,0,2.4424906541753444e-15,2.3015624360210769e-15,INCONSISTENT,true,0.05654840276982475
626,0.52500000000000002,1,2,-1.5,2.5,3.125,3.90625,1.25,1.1339903035639434,2.2280184001535885,1.8540724511240114e-14,2.4868995751603507e-14,5.4930801582266849e-14,1.8540724511240114e-14,1.6653345369377348e-14,1.3529496829057744e-13,0,8.2156503822261584e-15,true,0,8.8817841970012523e-15,9.0380681649152575e-15,INCONSISTENT,true,0.043268888666041179
627,0.52500000000000002,1,0.40000000000000002,0.69999999999999996,0.34999999999999998,0.61249999999999993,1.0718749999999999,1.75,-7.2325771361364897,3.4190390418706382,9.8809849191638932e-15,3.1086244689504383e-15,7.5952969120500822e-15,9.8809849191638932e-15,1.1102230246251565e-15,4.3901986363731164e-14,0,4.2188474935755949e-15,true,0,4.2188474935755949e-15,3.9970293664896608e-15,INCONSISTENT,true,0.077945156137297328
628,0.52500000000000002,1,-1.2,0.29999999999999999,1,1.75,3.0625,1.75,-0.1474787431082491,-0.1350926361102302,1.8540724511240114e-14,1.7985612998927536e-14,1.3561204961859377e-14,1.8540724511240114e-14,1.3988810110276972e-14,2.8438292885598603e-15,0,3.9968028886505635e-15,true,0,1.7763568394002505e-15,4.3185069178892431e-15,INCONSISTENT,true,0.062330911174540433
629,0.52500000000000002,1,2,-1.5,2.5,4.375,7.65625,1.75,0.71650236684420454,-0.22164015499600465,1.8540724511240114e-14,3.1530333899354446e-14,5.6462236346290905e-14,1.8540724511240114e-14,3.2418512319054571e-14,4.2461640367385699e-14,0,8.8817841970012523e-16,true,0,5.3290705182007514e-15,7.6642951321879901e-16,INCONSISTENT,true,0.047693464783471369
630,0.52500000000000002,1,0.40000000000000002,0.69999999999999996,0.34999999999999998,1.0499999999999998,3.1499999999999999,3,1.1339903035639434,2.2280184001535885,9.8809849191638932e-15,2.2204460492503131e-16,6.0507154842071031e-15,9.8809849191638932e-15,1.7763568394002505e-15,1.7523244772509425e-14,0,1.5543122344752192e-15,true,0,7.2164496600635175e-15,2.727325711516274e-15,INCONSISTENT,true,0.092551031522044802
631,0.52500000000000002,1,-1.2,0.29999999999999999,1,3,9,3,-7.2325771361364897,3.4190390418706382,1.8540724511240114e-14,1.865174681370263e-14,1.3585723440668871e-14,1.8540724511240114e-14,1.9761969838327786e-14,1.0753929919122605e-13,0,1.1102230246251565e-15,true,0,1.4210854715202004e-14,1.5396657151211288e-15,INCONSISTENT,true,0.07401088676699584
632,0.52500000000000002,1,2,-1.5,2.5,7.5,22.5,3,-0.1474787431082491,-0.1350926361102302,1.8540724511240114e-14,3.7747582837255322e-14,5.8634913150609126e-14,1.8540724511240114e-14,3.8413716652030416e-14,1.1822832703365088e-14,0,6.6613381477509392e-16,true,0,1.2434497875801753e-14,6.0148121843179929e-16,INCONSISTENT,true,0.05663057951664642
633,0.52500000000000002,1,0.40000000000000002,0.69999999999999996,0.34999999999999998,2.0999999999999996,12.6,6,0.71650236684420454,-0.22164015499600465,9.8809849191638932e-15,5.440092820663267e-15,2.9378985072268642e-15,9.8809849191638932e-15,5.9952043329758453e-15,2.1826544184630482e-15,0,5.5511151231257827e-16,true,0,1.1990408665951691e-14,1.7868560708383816e-15,INCONSISTENT,true,0.11856340449571914
634,0.52500000000000002,1,-1.2,0.29999999999999999,1,6,36,6,1.1339903035639434,2.2280184001535885,1.8540724511240114e-14,2.7977620220553945e-14,1.4133557720257278e-14,1.8540724511240114e-14,2.6867397195928788e-14,3.4607630218664223e-14,0,1.1102230246251565e-15,true,2.8421709430404007e-14,5.595524044110789e-14,1.8804496324253324e-15,INCONSISTENT,true,0.094812370651443656
635,0.52500000000000002,1,2,-1.5,2.5,15,90,6,-7.2325771361364897,3.4190390418706382,1.8540724511240114e-14,4.4630965589931293e-14,6.1515573331841693e-14,1.8540724511240114e-14,4.5297099404706387e-14,4.9717686137387035e-13,0,6.6613381477509392e-16,true,2.8421709430404007e-14,8.149037000748649e-14,9.1467452347613955e-16,INCONSISTENT,true,0.072547157990990596
636,0.52500000000000002,10,0.40000000000000002,0.69999999999999996,0.34999999999999998,0.4375,0.546875,1.25,-0.1474787431082491,-0.1350926361102302,1.8540724511240114e-14,7.2297723363590194e-13,5.4375800775401256e-14,9.8809849191638932e-15,6.7679195581149543e-13,1.0658793796470306e-14,2.8421709430404007e-14,4.6185277824406512e-14,true,2.8421709430404007e-14,5.631051180898794e-13,1.0454099320766854e-13,INCONSISTENT,true,0.097449794388753966
637,0.52500000000000002,10,-1.2,0.29999999999999999,1,1.25,1.5625,1.25,0.71650236684420454,-0.22164015499600465,9.8809849191638932e-15,4.5119463720766362e-13,5.0740259214879107e-14,9.8809849191638932e-15,4.1211478674085811e-13,3.4702639798978549e-14,0,3.907985046680551e-14,true,0,3.730349362740526e-13,5.6822325856891098e-14,INCONSISTENT,true,0.094809815437966974
638,0.52500000000000002,10,2,-1.5,2.5,3.125,3.90625,1.25,1.1339903035639434,2.2280184001535885,9.8809849191638932e-15,1.5987211554602254e-14,6.4047456679787536e-15,9.8809849191638932e-15,1.6875389974302379e-13,9.1106500562448815e-14,0,1.5276668818842154e-13,true,0,1.829647544582258e-13,2.4734440203171061e-14,INCONSISTENT,true,0.091102132901727514
639,0.52500000000000002,10,0.40000000000000002,0.69999999999999996,0.34999999999999998,0.61249999999999993,1.0718749999999999,1.75,-7.2325771361364897,3.4190390418706382,9.8809849191638932e-15,2.1493917756743031e-13,1.7430501486614958e-14,9.8809849191638932e-15,1.0125233984581428e-13,5.5921747500613716e-14,0,3.1619151741324458e-13,true,0,1.4210854715202004e-13,1.8405060774930792e-14,INCONSISTENT,true,0.10741478415845492
640,0.52500000000000002,10,-1.2,0.29999999999999999,1,1.75,3.0625,1.75,-0.1474787431082491,-0.1350926361102302,9.8809849191638932e-15,9.5923269327613525e-14,9.7220614426521438e-15,9.8809849191638932e-15,9.2370555648813024e-14,1.8329190366704946e-15,0,3.5527136788005009e-15,true,0,1.7763568394002505e-15,7.1403494524367853e-15,INCONSISTENT,true,0.10450484708809255
641,0.52500000000000002,10,2,-1.5,2.5,4.375,7.65625,1.75,0.71650236684420454,-0.22164015499600465,9.8809849191638932e-15,2.0605739337042905e-13,4.4476038758507523e-14,9.8809849191638932e-15,2.5401902803423582e-13,4.1481949729007535e-14,0,4.7961634663806763e-14,true,0,1.0658141036401503e-14,7.0064714480604626e-15,INCONSISTENT,true,0.10041802554218646
642,0.52500000000000002,10,0.40000000000000002,0.69999999999999996,0.34999999999999998,1.0499999999999998,3.1499999999999999,3,1.1339903035639434,2.2280184001535885,9.8809849191638932e-15,1.1368683772161603e-13,9.5764378408599115e-15,9.8809849191638932e-15,8.8817841970012523e-15,6.6613381477509392e-16,0,1.2256862191861728e-13,true,0,1.758593271006248e-13,2.1873359455471491e-14,INCONSISTENT,true,0.1275428720300697
643,0.52500000000000002,10,-1.2,0.29999999999999999,1,3,9,3,-7.2325771361364897,3.4190390418706382,9.8809849191638932e-15,1.2967404927621828e-13,1.3668035872266428e-14,9.8809849191638932e-15,1.3145040611561853e-13,1.0820113074448453e-13,0,1.7763568394002505e-15,true,0,4.2632564145606011e-14,6.3386911944355166e-15,INCONSISTENT,true,0.12408765183585499
644,0.52500000000000002,10,2,-1.5,2.5,7.5,22.5,3,-0.1474787431082491,-0.1350926361102302,9.8809849191638932e-15,1.829647544582258e-13,3.935266909069827e-14,9.8809849191638932e-15,2.1138646388862981e-13,9.175540034416564e-15,0,2.8421709430404007e-14,true,0,8.1712414612411521e-14,2.0179555088562e-15,INCONSISTENT,true,0.11923501482203562
645,0.52500000000000002,10,0.40000000000000002,0.69999999999999996,0.34999999999999998,2.0999999999999996,12.6,6,0.71650236684420454,-0.22164015499600465,9.8809849191638932e-15,3.5527136788005009e-15,1.0990647210786425e-15,9.8809849191638932e-15,7.2830630415410269e-14,3.573900864766138e-15,0,7.638334409421077e-14,true,0,1.6697754290362354e-13,1.0233631128601607e-14,INCONSISTENT,true,0.16339004415575076
646,0.52500000000000002,10,-1.2,0.29999999999999999,1,6,36,6,1.1339903035639434,2.2280184001535885,9.8809849191638932e-15,1.5099033134902129e-13,1.599491957855648e-14,9.8809849191638932e-15,1.4033219031261979e-13,3.7474919966821894e-14,0,1.0658141036401503e-14,true,0,1.2434497875801753e-13,2.1628759598511716e-15,INCONSISTENT,true,0.15896370051837883
647,0.52500000000000002,10,2,-1.5,2.5,15,90,6,-7.2325771361364897,3.4190390418706382,9.8809849191638932e-15,2.4868995751603507e-13,5.400387732933702e-14,9.8809849191638932e-15,2.4336088699783431e-13,4.2133746345528839e-13,0,5.3290705182007514e-15,true,0,1.2256862191861728e-13,1.0791334229278133e-15,INCONSISTENT,true,0.15274718239126459
648,0.52500000000000002,100,0.40000000000000002,0.69999999999999996,0.34999999999999998,0.4375,0.546875,1.25,-0.1474787431082491,-0.1350926361102302,1.8041124150158794e-13,3.1093350116861984e-11,2.4813407604919985e-13,2.3725466036239595e-13,5.0278003982384689e-11,8.032806714207882e-14,5.6843418860808015e-14,1.9184653865522705e-11,true,5.6843418860808015e-14,3.836930773104541e-13,1.3141485172837972e-13,INCONSISTENT,true,0.10078031768626212
649,0.52500000000000002,100,-1.2,0.29999999999999999,1,1.25,1.5625,1.25,0.71650236684420454,-0.22164015499600465,9.8809849191638932e-15,1.638511548662791e-11,2.0108122842341547e-13,6.6724403779971908e-14,2.2751578399038408e-11,2.0889751213731818e-13,5.6843418860808015e-14,6.3664629124104977e-12,true,0,9.8339114629197866e-12,1.612913068202794e-13,INCONSISTENT,true,0.1005044139844338
650,0.52500000000000002,100,2,-1.5,2.5,3.125,3.90625,1.25,1.1339903035639434,2.2280184001535885,9.8809849191638932e-15,1.5077716852829326e-11,3.7220941791218454e-13,9.8809849191638932e-15,1.8687273950490635e-11,1.153861108122012e-12,0,3.6095570976613089e-12,true,0,1.1098677532572765e-11,1.9744777135293007e-13,INCONSISTENT,true,0.10010331773488108
651,0.52500000000000002,100,0.40000000000000002,0.69999999999999996,0.34999999999999998,0.61249999999999993,1.0718749999999999,1.75,-7.2325771361364897,3.4190390418706382,6.6724403779971908e-14,1.1894485396624077e-11,9.4921357934509168e-14,6.6724403779971908e-14,8.2422957348171622e-12,5.2429409844649637e-13,0,3.652189661806915e-12,true,5.6843418860808015e-14,7.4038553066202439e-12,1.6240915352684118e-13,INCONSISTENT,true,0.11108587903742104
652,0.52500000000000002,100,-1.2,0.29999999999999999,1,1.75,3.0625,1.75,-0.1474787431082491,-0.1350926361102302,9.8809849191638932e-15,1.5489831639570184e-12,1.8781564515187335e-14,4.6962433941644122e-14,6.7217342802905478e-12,1.6356608214865589e-14,5.6843418860808015e-14,8.2707174442475662e-12,true,0,1.5631940186722204e-13,3.7335260417973498e-14,INCONSISTENT,true,0.11078176206333401
653,0.52500000000000002,100,2,-1.5,2.5,4.375,7.65625,1.75,0.71650236684420454,-0.22164015499600465,9.8809849191638932e-15,3.5811353882309049e-12,8.7974789826005972e-14,9.8809849191638932e-15,3.922195901395753e-12,7.2532833837732273e-14,0,3.4106051316484809e-13,true,0,8.8107299234252423e-13,1.0645915229477996e-14,INCONSISTENT,true,0.11033965064230294
654,0.52500000000000002,100,0.40000000000000002,0.69999999999999996,0.34999999999999998,1.0499999999999998,3.1499999999999999,3,1.1339903035639434,2.2280184001535885,6.6724403779971908e-14,1.1866063687193673e-11,9.4673532016419348e-14,9.8809849191638932e-15,8.4554585555451922e-12,1.6918370989150327e-13,5.6843418860808015e-14,3.4106051316484809e-12,true,5.6843418860808015e-14,7.9438677857979201e-12,1.7573379165422141e-13,INCONSISTENT,true,0.13190188078315518
655,0.52500000000000002,100,-1.2,0.29999999999999999,1,3,9,3,-7.2325771361364897,3.4190390418706382,9.8809849191638932e-15,1.4637180356658064e-12,1.7852510514236724e-14,9.8809849191638932e-15,2.4584778657299466e-12,2.3903882937270577e-13,0,9.9475983006414026e-13,true,0,4.2632564145606011e-13,2.3344912617274126e-14,INCONSISTENT,true,0.13154077637268871
656,0.52500000000000002,100,2,-1.5,2.5,7.5,22.5,3,-0.1474787431082491,-0.1350926361102302,9.8809849191638932e-15,2.9416469260468148e-12,7.2164496600635175e-14,9.8809849191638932e-15,3.851141627819743e-12,1.88999892451699e-14,0,9.0949470177292824e-13,true,0,7.531752999057062e-13,3.0644372223010168e-14,INCONSISTENT,true,0.13101581920931066
657,0.52500000000000002,100,0.40000000000000002,0.69999999999999996,0.34999999999999998,2.0999999999999996,12.6,6,0.71650236684420454,-0.22164015499600465,9.8809849191638932e-15,9.2370555648813024e-13,7.2846621964006091e-15,9.8809849191638932e-15,3.3537617127876729e-12,2.0109599312635326e-14,0,2.4300561562995426e-12,true,0,8.5265128291212022e-13,4.607025240494071e-14,INCONSISTENT,true,0.16897419496935268
658,0.52500000000000002,100,-1.2,0.29999999999999999,1,6,36,6,1.1339903035639434,2.2280184001535885,9.8809849191638932e-15,6.8212102632969618e-13,8.2263330843031723e-15,9.8809849191638932e-15,3.1263880373444408e-12,9.533448329055748e-14,0,2.4442670110147446e-12,true,0,2.0463630789890885e-12,2.4946017420558641e-14,INCONSISTENT,true,0.16851159863129139
659,0.52500000000000002,100,2,-1.5,2.5,15,90,6,-7.2325771361364897,3.4190390418706382,9.8809849191638932e-15,2.2453150450019166e-12,5.4889498196516146e-14,9.8809849191638932e-15,2.7284841053187847e-12,5.3562387363781459e-13,0,4.8316906031686813e-13,true,0,1.7479351299698465e-12,1.274817597524981e-14,INCONSISTENT,true,0.1678390971206869
660,0.57250000000000001,0.01,0.40000000000000002,0.69999999999999996,0.34999999999999998,0.4375,0.546875,1.25,-0.1474787431082491,-0.1350926361102302,5.084821452783217e-14,1.0824674490095276e-15,7.8231343718972275e-14,5.084821452783217e-14,4.2153780466236412e-16,1.5456368648484065e-14,0,6.609296443471635e-16,true,5.6843418860808015e-14,1.0581813203458523e-15,3.2736107545375944e-15,INCONSISTENT,true,0.0019251069760695247
661,0.57250000000000001,0.01,-1.2,0.29999999999999999,1,1.25,1.5625,1.25,0.71650236684420454,-0.22164015499600465,5.084821452783217e-14,7.0776717819853729e-16,9.8722879831225021e-14,5.084821452783217e-14,5.0653925498522767e-16,7.4002361051807258e-14,0,2.0122792321330962e-16,true,5.6843418860808015e-14,5.2562121322097255e-16,1.4908977972842606e-15,INCONSISTENT,true,0.0010611662450583129
662,0.57250000000000001,0.01,2,-1.5,2.5,3.125,3.90625,1.25,1.1339903035639434,2.2280184001535885,5.084821452783217e-14,2.733924198139448e-15,2.2884774896481971e-13,5.084821452783217e-14,7.8409501114151681e-16,5.7521605262601934e-13,0,1.9498291869979312e-15,true,0,1.0980799602933189e-15,1.7528117285821628e-15,INCONSISTENT,true,0.00062968635141998563
663,0.57250000000000001,0.01,0.40000000000000002,0.69999999999999996,0.34999999999999998,0.61249999999999993,1.0718749999999999,1.75,-7.2325771361364897,3.4190390418706382,5.9952043329758453e-15,5.2041704279304213e-18,9.0728047795081525e-15,5.9952043329758453e-15,9.7144514654701197e-17,7.1784654684200816e-14,0,9.1940344226770776e-17,true,0,1.1449174941446927e-16,1.4163420846257656e-15,INCONSISTENT,true,0.0021426299528088393
664,0.57250000000000001,0.01,-1.2,0.29999999999999999,1,1.75,3.0625,1.75,-0.1474787431082491,-0.1350926361102302,5.9952043329758453e-15,2.2551405187698492e-16,1.1849778104645678e-14,5.9952043329758453e-15,7.5460471204991109e-16,2.4802056854972393e-15,0,5.2909066017292616e-16,true,0,4.2500725161431774e-16,9.3925294466271275e-16,INCONSISTENT,true,0.0011810702521142238
665,0.57250000000000001,0.01,2,-1.5,2.5,4.375,7.65625,1.75,0.71650236684420454,-0.22164015499600465,5.9952043329758453e-15,6.1756155744774333e-16,2.7713799790822758e-14,5.9952043329758453e-15,5.2215176626901894e-16,2.0601144798503415e-14,0,9.540979117872439e-17,true,0,2.688821387764051e-16,5.2063043393607923e-16,INCONSISTENT,true,0.00070083629335875703
666,0.57250000000000001,0.01,0.40000000000000002,0.69999999999999996,0.34999999999999998,1.0499999999999998,3.1499999999999999,3,1.1339903035639434,2.2280184001535885,5.9952043329758453e-15,1.0234868508263162e-16,8.9620858286854899e-15,5.9952043329758453e-15,0,2.2597334460304743e-14,0,1.0234868508263162e-16,true,0,1.9081958235744878e-17,1.3606437320666948e-15,INCONSISTENT,true,0.0025914040039980808
667,0.57250000000000001,0.01,-1.2,0.29999999999999999,1,3,9,3,-7.2325771361364897,3.4190390418706382,5.9952043329758453e-15,3.5735303605122226e-16,1.1256588421947612e-14,5.9952043329758453e-15,7.9797279894933126e-17,9.2242364040140648e-14,0,2.7755575615628914e-16,true,0,3.6082248300317588e-16,9.649293111658323e-16,INCONSISTENT,true,0.0014284455308395539
668,0.57250000000000001,0.01,2,-1.5,2.5,7.5,22.5,3,-0.1474787431082491,-0.1350926361102302,5.9952043329758453e-15,3.0184188481996443e-16,2.7437562257127124e-14,5.9952043329758453e-15,5.0306980803327406e-17,5.4672143489065709e-15,0,2.5153490401663703e-16,true,0,2.2551405187698492e-17,8.8848764206824006e-16,INCONSISTENT,true,0.00084762652289840088
669,0.57250000000000001,0.01,0.40000000000000002,0.69999999999999996,0.34999999999999998,2.0999999999999996,12.6,6,0.71650236684420454,-0.22164015499600465,5.9952043329758453e-15,1.0928757898653885e-16,8.9620858286854899e-15,5.9952043329758453e-15,1.231653667943533e-16,6.7500281667808962e-15,0,1.3877787807814457e-17,true,0,8.6736173798840355e-17,1.6088278883503127e-15,INCONSISTENT,true,0.0034147218724164428
670,0.57250000000000001,0.01,-1.2,0.29999999999999999,1,6,36,6,1.1339903035639434,2.2280184001535885,5.9952043329758453e-15,1.7347234759768071e-17,1.1686382854261949e-14,5.9952043329758453e-15,1.7347234759768071e-17,2.9286328195961082e-14,0,0,true,0,7.9797279894933126e-17,5.2472103543018309e-16,INCONSISTENT,true,0.0018822785602660506
671,0.57250000000000001,0.01,2,-1.5,2.5,15,90,6,-7.2325771361364897,3.4190390418706382,5.9952043329758453e-15,2.3592239273284576e-16,2.7437562257127124e-14,5.9952043329758453e-15,6.591949208711867e-17,2.2038282195454177e-13,0,3.0184188481996443e-16,true,0,2.3418766925686896e-16,5.224980020093778e-16,INCONSISTENT,true,0.0011169268948106165
672,0.57250000000000001,0.10000000000000001,0.40000000000000002,0.69999999999999996,0.34999999999999998,0.4375,0.546875,1.25,-0.1474787431082491,-0.1350926361102302,5.9952043329758453e-15,7.4940054162198066e-16,9.2121754797376254e-15,5.9952043329758453e-15,1.8041124150158794e-16,1.7141315210350041e-15,0,5.6898930012039273e-16,true,0,1.9428902930940239e-16,5.4087828067932139e-15,INCONSISTENT,true,0.017254117822531331
673,0.57250000000000001,0.10000000000000001,-1.2,0.29999999999999999,1,1.25,1.5625,1.25,0.71650236684420454,-0.22164015499600465,5.9952043329758453e-15,1.5265566588595902e-16,1.1062190014748863e-14,5.9952043329758453e-15,1.0963452368173421e-15,7.6161623168780039e-15,0,9.4368957093138306e-16,true,0,4.9960036108132044e-16,1.8666163704485485e-15,INCONSISTENT,true,0.0099966248794488375
674,0.57250000000000001,0.10000000000000001,2,-1.5,2.5,3.125,3.90625,1.25,1.1339903035639434,2.2280184001535885,5.084821452783217e-14,8.7430063189231078e-15,2.1854480095769619e-13,5.084821452783217e-14,9.2703622556200571e-15,5.4537626566266268e-13,0,5.2735593669694936e-16,true,5.6843418860808015e-14,8.7013729554996644e-15,2.6649509416655049e-15,INCONSISTENT,true,0.0060793238642658856
675,0.57250000000000001,0.10000000000000001,0.40000000000000002,0.69999999999999996,0.34999999999999998,0.61249999999999993,1.0718749999999999,1.75,-7.2325771361364897,3.4190390418706382,5.9952043329758453e-15,1.5265566588595902e-16,8.4054955132851551e-15,5.9952043329758453e-15,4.163336342344337e-17,6.6674046046019342e-14,0,1.1102230246251565e-16,true,0,1.3877787807814457e-16,5.1820714111245018e-16,INCONSISTENT,true,0.01920370665915435
676,0.57250000000000001,0.10000000000000001,-1.2,0.29999999999999999,1,1.75,3.0625,1.75,-0.1474787431082491,-0.1350926361102302,5.9952043329758453e-15,7.2164496600635175e-16,1.0561133292751522e-14,5.9952043329758453e-15,3.7470027081099033e-16,2.1683571599790839e-15,0,3.4694469519536142e-16,true,0,4.9960036108132044e-16,3.1783539520196426e-15,INCONSISTENT,true,0.011126170212885341
677,0.57250000000000001,0.10000000000000001,2,-1.5,2.5,4.375,7.65625,1.75,0.71650236684420454,-0.22164015499600465,5.9952043329758453e-15,4.0245584642661925e-16,2.6131546473217737e-14,5.9952043329758453e-15,5.9674487573602164e-16,1.9665682260847222e-14,0,1.9428902930940239e-16,true,0,4.3021142204224816e-16,9.0557089877043374e-16,INCONSISTENT,true,0.0067662428978453471
678,0.57250000000000001,0.10000000000000001,0.40000000000000002,0.69999999999999996,0.34999999999999998,1.0499999999999998,3.1499999999999999,3,1.1339903035639434,2.2280184001535885,5.9952043329758453e-15,1.3877787807814457e-17,8.165235602407292e-15,5.9952043329758453e-15,6.9388939039072284e-17,2.0313137552755493e-14,0,5.5511151231257827e-17,true,0,4.8572257327350599e-16,5.2309612421653418e-16,INCONSISTENT,true,0.02322592487931921
679,0.57250000000000001,0.10000000000000001,-1.2,0.29999999999999999,1,3,9,3,-7.2325771361364897,3.4190390418706382,5.9952043329758453e-15,1.0408340855860843e-15,1.028620284229162e-14,5.9952043329758453e-15,9.1593399531575415e-16,8.2810433213975258e-14,0,1.2490009027033011e-16,true,0,3.1918911957973251e-16,8.9958116700678079e-16,INCONSISTENT,true,0.013456547641845843
680,0.57250000000000001,0.10000000000000001,2,-1.5,2.5,7.5,22.5,3,-0.1474787431082491,-0.1350926361102302,5.9952043329758453e-15,6.8001160258290838e-16,2.6039878107319088e-14,5.9952043329758453e-15,6.9388939039072284e-16,5.1178752665209036e-15,0,1.3877787807814457e-17,true,0,3.6082248300317588e-16,4.4962171910170928e-16,INCONSISTENT,true,0.0081834331282962091
681,0.57250000000000001,0.10000000000000001,0.40000000000000002,0.69999999999999996,0.34999999999999998,2.0999999999999996,12.6,6,0.71650236684420454,-0.22164015499600465,5.9952043329758453e-15,4.163336342344337e-16,7.7078587768885243e-15,5.9952043329758453e-15,4.3021142204224816e-16,5.7997863785392743e-15,0,1.3877787807814457e-17,true,0,6.9388939039072284e-16,3.60752577279542e-16,INCONSISTENT,true,0.030605059485196907
682,0.57250000000000001,0.10000000000000001,-1.2,0.29999999999999999,1,6,36,6,1.1339903035639434,2.2280184001535885,5.9952043329758453e-15,9.5756735873919752e-16,1.0394083228469281e-14,5.9952043329758453e-15,9.4368957093138306e-16,2.581835519377164e-14,0,1.3877787807814457e-17,true,0,9.0205620750793969e-16,5.2472103543018309e-16,INCONSISTENT,true,0.017731842464141181
683,0.57250000000000001,0.10000000000000001,2,-1.5,2.5,15,90,6,-7.2325771361364897,3.4190390418706382,5.9952043329758453e-15,9.5756735873919752e-16,2.5979218776228663e-14,5.9952043329758453e-15,1.1379786002407855e-15,2.0633285083322909e-13,0,1.8041124150158794e-16,true,0,9.5756735873919752e-16,2.7529790373073832e-16,INCONSISTENT,true,0.010783400832731767
684,0.57250000000000001,1,0.40000000000000002,0.69999999999999996,0.34999999999999998,0.4375,0.546875,1.25,-0.1474787431082491,-0.1350926361102302,5.9952043329758453e-15,2.6645352591003757e-15,5.0463269906602157e-15,5.9952043329758453e-15,5.773159728050814e-15,1.3701811959695979e-15,0,3.1086244689504383e-15,true,0,2.4424906541753444e-15,2.5534682068888422e-15,INCONSISTENT,true,0.073370103521239696
685,0.57250000000000001,1,-1.2,0.29999999999999999,1,1.25,1.5625,1.25,0.71650236684420454,-0.22164015499600465,5.9952043329758453e-15,4.6629367034256575e-15,4.4161903252512684e-15,5.9952043329758453e-15,9.5479180117763462e-15,3.2042967589655661e-15,0,4.8849813083506888e-15,true,0,1.1102230246251565e-16,2.2204460492503131e-15,INCONSISTENT,true,0.057850658008476795
686,0.57250000000000001,1,2,-1.5,2.5,3.125,3.90625,1.25,1.1339903035639434,2.2280184001535885,5.9952043329758453e-15,4.9960036108132044e-15,1.7576622315085988e-14,5.9952043329758453e-15,6.3282712403633923e-15,4.3665510507941913e-14,0,1.3322676295501878e-15,true,0,1.9984014443252818e-15,1.784420038650111e-15,INCONSISTENT,true,0.043017198463013238
687,0.57250000000000001,1,0.40000000000000002,0.69999999999999996,0.34999999999999998,0.61249999999999993,1.0718749999999999,1.75,-7.2325771361364897,3.4190390418706382,5.9952043329758453e-15,2.2204460492503131e-16,3.6248399209603009e-15,5.9952043329758453e-15,1.7763568394002505e-15,3.6515368614458968e-14,0,1.5543122344752192e-15,true,0,3.3306690738754696e-16,3.6669160282944519e-15,INCONSISTENT,true,0.081660387396563172
688,0.57250000000000001,1,-1.2,0.29999999999999999,1,1.75,3.0625,1.75,-0.1474787431082491,-0.1350926361102302,5.9952043329758453e-15,5.1070259132757201e-15,4.3713049008542517e-15,5.9952043329758453e-15,3.6637359812630166e-15,9.5504995767854724e-16,0,1.4432899320127035e-15,true,0,1.2212453270876722e-15,1.7840523690727637e-15,INCONSISTENT,true,0.06438735830256398
689,0.57250000000000001,1,2,-1.5,2.5,4.375,7.65625,1.75,0.71650236684420454,-0.22164015499600465,5.9952043329758453e-15,8.7707618945387367e-15,1.7774667156968517e-14,5.9952043329758453e-15,9.1038288019262836e-15,1.3610084544454853e-14,0,3.3306690738754696e-16,true,0,2.7755575615628914e-15,4.8912602127683197e-16,INCONSISTENT,true,0.047877826561706874
690,0.57250000000000001,1,0.40000000000000002,0.69999999999999996,0.34999999999999998,1.0499999999999998,3.1499999999999999,3,1.1339903035639434,2.2280184001535885,5.9952043329758453e-15,1.5543122344752192e-15,2.6202204231231423e-15,5.9952043329758453e-15,3.3306690738754696e-16,8.4054955132851551e-15,0,1.2212453270876722e-15,true,0,2.3314683517128287e-15,3.0016839221704829e-15,INCONSISTENT,true,0.098764163447816161
691,0.57250000000000001,1,-1.2,0.29999999999999999,1,3,9,3,-7.2325771361364897,3.4190390418706382,5.9952043329758453e-15,5.6621374255882984e-15,4.1336243741544242e-15,5.9952043329758453e-15,5.440092820663267e-15,3.3291884474080493e-14,0,2.2204460492503131e-16,true,0,4.8849813083506888e-15,6.1699559448644501e-16,INCONSISTENT,true,0.07787329673670923
692,0.57250000000000001,1,2,-1.5,2.5,7.5,22.5,3,-0.1474787431082491,-0.1350926361102302,5.9952043329758453e-15,1.0547118733938987e-14,1.7901808365247238e-14,5.9952043329758453e-15,1.0436096431476471e-14,3.5761634753893733e-15,0,1.1102230246251565e-16,true,0,5.1070259132757201e-15,9.3165032546797616e-16,INCONSISTENT,true,0.057905841973335356
693,0.57250000000000001,1,0.40000000000000002,0.69999999999999996,0.34999999999999998,2.0999999999999996,12.6,6,0.71650236684420454,-0.22164015499600465,5.9952043329758453e-15,2.6645352591003757e-15,1.9100999153570945e-15,5.9952043329758453e-15,2.886579864025407e-15,1.527313441518086e-15,0,2.2204460492503131e-16,true,0,8.1046280797636427e-15,4.7932330613971918e-16,INCONSISTENT,true,0.13014263643027077
694,0.57250000000000001,1,-1.2,0.29999999999999999,1,6,36,6,1.1339903035639434,2.2280184001535885,5.9952043329758453e-15,8.659739592076221e-15,4.2308820918471275e-15,5.9952043329758453e-15,8.3266726846886741e-15,1.0019109251294436e-14,0,3.3306690738754696e-16,true,0,8.2156503822261584e-15,9.3111645025672401e-16,INCONSISTENT,true,0.10261450905912366
695,0.57250000000000001,1,2,-1.5,2.5,15,90,6,-7.2325771361364897,3.4190390418706382,5.9952043329758453e-15,1.4210854715202004e-14,1.9128082721559434e-14,5.9952043329758453e-15,1.4210854715202004e-14,1.5736556655348083e-13,0,0,true,0,7.8825834748386114e-15,1.3947982442969983e-15,INCONSISTENT,true,0.076303171879814585
696,0.57250000000000001,10,0.40000000000000002,0.69999999999999996,0.34999999999999998,0.4375,0.546875,1.25,-0.1474787431082491,-0.1350926361102302,2.2426505097428162e-14,1.5987211554602254e-14,2.9878203557482693e-15,3.4416913763379853e-14,6.0396132539608516e-13,8.8392058081107533e-15,5.6843418860808015e-14,5.879741138414829e-13,true,0,1.4210854715202004e-14,2.6645352591003757e-15,INCONSISTENT,true,0.098449185142095649
697,0.57250000000000001,10,-1.2,0.29999999999999999,1,1.25,1.5625,1.25,0.71650236684420454,-0.22164015499600465,2.2426505097428162e-14,3.0553337637684308e-13,3.2460736031913836e-14,2.2426505097428162e-14,2.2915003228263231e-13,1.781977125954922e-14,0,7.638334409421077e-14,true,0,1.5987211554602254e-13,3.0690271278046826e-14,INCONSISTENT,true,0.095799440496689037
698,0.57250000000000001,10,2,-1.5,2.5,3.125,3.90625,1.25,1.1339903035639434,2.2280184001535885,5.9952043329758453e-15,2.3625545964023331e-13,5.1259611429189174e-14,5.9952043329758453e-15,1.2967404927621828e-13,6.8717693344967399e-14,0,1.0658141036401503e-13,true,0,3.0198066269804258e-14,5.9809069235932513e-15,INCONSISTENT,true,0.091868184834183797
699,0.57250000000000001,10,0.40000000000000002,0.69999999999999996,0.34999999999999998,0.61249999999999993,1.0718749999999999,1.75,-7.2325771361364897,3.4190390418706382,2.2426505097428162e-14,2.4868995751603507e-14,2.2204460492503131e-16,2.2426505097428162e-14,2.8421709430404007e-14,3.0847422370805078e-14,0,5.3290705182007514e-14,true,0,0,1.4967851296466635e-14,INCONSISTENT,true,0.10957322140412806
700,0.57250000000000001,10,-1.2,0.29999999999999999,1,1.75,3.0625,1.75,-0.1474787431082491,-0.1350926361102302,2.2426505097428162e-14,1.7053025658242404e-13,1.688305753616065e-14,5.9952043329758453e-15,1.3677947663381929e-13,3.0225872819804114e-15,2.8421709430404007e-14,3.0730973321624333e-13,true,0,7.638334409421077e-14,9.3921350849969374e-15,INCONSISTENT,true,0.10662407503721609
701,0.57250000000000001,10,2,-1.5,2.5,4.375,7.65625,1.75,0.71650236684420454,-0.22164015499600465,5.9952043329758453e-15,1.0302869668521453e-13,2.1616016629428293e-14,5.9952043329758453e-15,1.2612133559741778e-13,2.0294925477530604e-14,0,2.3092638912203256e-14,true,0,4.7961634663806763e-14,4.7433119653994166e-15,INCONSISTENT,true,0.10224861630194527
702,0.57250000000000001,10,0.40000000000000002,0.69999999999999996,0.34999999999999998,1.0499999999999998,3.1499999999999999,3,1.1339903035639434,2.2280184001535885,2.2426505097428162e-14,3.1974423109204508e-14,7.2164496600635175e-16,2.2426505097428162e-14,2.1316282072803006e-14,8.7390844135246353e-15,0,5.3290705182007514e-14,true,0,1.4210854715202004e-13,5.0532955644548706e-15,INCONSISTENT,true,0.13252334324241222
703,0.57250000000000001,10,-1.2,0.29999999999999999,1,3,9,3,-7.2325771361364897,3.4190390418706382,2.2426505097428162e-14,2.5046631435543532e-13,2.616742912897156e-14,2.2426505097428162e-14,2.3980817331903381e-13,2.0074600704177254e-13,0,1.0658141036401503e-14,true,0,1.6520118606422329e-13,2.0595064712284655e-15,INCONSISTENT,true,0.12895649788321598
704,0.57250000000000001,10,2,-1.5,2.5,7.5,22.5,3,-0.1474787431082491,-0.1350926361102302,5.9952043329758453e-15,1.4210854715202004e-13,3.0286916669616731e-14,5.9952043329758453e-15,1.4388490399142029e-13,6.1359952588853557e-15,0,1.7763568394002505e-15,true,0,2.1316282072803006e-14,4.5371650870111974e-15,INCONSISTENT,true,0.12366459889196751
705,0.57250000000000001,10,0.40000000000000002,0.69999999999999996,0.34999999999999998,2.0999999999999996,12.6,6,0.71650236684420454,-0.22164015499600465,2.2426505097428162e-14,9.2370555648813024e-14,5.4264812243020872e-15,2.2426505097428162e-14,4.7961634663806763e-14,1.4528658640935888e-15,0,4.4408920985006262e-14,true,0,3.2507330161024584e-13,8.7880355774190206e-15,INCONSISTENT,true,0.17462748304687453
706,0.57250000000000001,10,-1.2,0.29999999999999999,1,6,36,6,1.1339903035639434,2.2280184001535885,2.2426505097428162e-14,3.4638958368304884e-13,3.7347909149002197e-14,2.2426505097428162e-14,3.1796787425264483e-13,8.5017280855644403e-14,0,2.8421709430404007e-14,true,0,2.9487523534044158e-13,3.0794343079558224e-15,INCONSISTENT,true,0.16992741125382366
707,0.57250000000000001,10,2,-1.5,2.5,15,90,6,-7.2325771361364897,3.4190390418706382,5.9952043329758453e-15,1.6697754290362354e-13,3.5930769198567989e-14,5.9952043329758453e-15,1.5631940186722204e-13,2.6938028314906499e-13,0,1.0658141036401503e-14,true,0,6.5725203057809267e-14,3.609978287408266e-15,INCONSISTENT,true,0.16295421710727107
708,0.57250000000000001,100,0.40000000000000002,0.69999999999999996,0.34999999999999998,0.4375,0.546875,1.25,-0.1474787431082491,-0.1350926361102302,7.9269923958236177e-14,1.4722445484949276e-11,1.176571520020878e-13,1.3611334281904419e-13,3.2031266528065316e-11,5.1232943347951298e-14,5.6843418860808015e-14,1.7308821043116041e-11,true,1.1368683772161603e-13,2.7114310796605423e-11,5.2921365441785049e-13,INCONSISTENT,true,0.10139682766009925
709,0.57250000000000001,100,-1.2,0.29999999999999999,1,1.25,1.5625,1.25,0.71650236684420454,-0.22164015499600465,9.1260332624187868e-14,2.1401547201094218e-11,2.6162320182441563e-13,3.4416913763379853e-14,4.1922021409845911e-12,3.8309290758950731e-14,5.6843418860808015e-14,1.7209345060109627e-11,true,1.1368683772161603e-13,2.5508484213787597e-11,3.3541780376042566e-13,INCONSISTENT,true,0.10112506671258434
710,0.57250000000000001,100,2,-1.5,2.5,3.125,3.90625,1.25,1.1339903035639434,2.2280184001535885,3.4416913763379853e-14,7.815970093361102e-12,1.9237945083273045e-13,2.2426505097428162e-14,1.0359713087382261e-11,6.3977042750934089e-13,5.6843418860808015e-14,1.8175683180743363e-11,true,5.6843418860808015e-14,9.4217966761789285e-12,5.1188746049903946e-14,INCONSISTENT,true,0.10071079312521891
711,0.57250000000000001,100,0.40000000000000002,0.69999999999999996,0.34999999999999998,0.61249999999999993,1.0718749999999999,1.75,-7.2325771361364897,3.4190390418706382,2.2426505097428162e-14,8.9528384705772623e-13,7.0645437366381331e-15,3.4416913763379853e-14,3.979039320256561e-13,2.2204460492503131e-14,5.6843418860808015e-14,1.2931877790833823e-12,true,5.6843418860808015e-14,1.5916157281026244e-12,4.3117672124178804e-14,INCONSISTENT,true,0.11285392591982128
712,0.57250000000000001,100,-1.2,0.29999999999999999,1,1.75,3.0625,1.75,-0.1474787431082491,-0.1350926361102302,2.2426505097428162e-14,2.7569058147491887e-12,3.3416237629212333e-14,2.2426505097428162e-14,1.0089706847793423e-12,2.3926610206402114e-15,0,1.7479351299698465e-12,true,0,1.6342482922482304e-12,4.832366861949679e-14,INCONSISTENT,true,0.11255145797710725
713,0.57250000000000001,100,2,-1.5,2.5,4.375,7.65625,1.75,0.71650236684420454,-0.22164015499600465,2.2426505097428162e-14,2.5295321393059567e-12,6.2133222664947161e-14,5.9952043329758453e-15,2.4300561562995426e-12,4.486180317870768e-14,2.8421709430404007e-14,4.9595882956054993e-12,true,0,2.8279600883251987e-12,3.9652729282476482e-14,INCONSISTENT,true,0.11209037451114529
714,0.57250000000000001,100,0.40000000000000002,0.69999999999999996,0.34999999999999998,1.0499999999999998,3.1499999999999999,3,1.1339903035639434,2.2280184001535885,2.2426505097428162e-14,1.4921397450962104e-12,1.1911637623051519e-14,3.4416913763379853e-14,3.1263880373444408e-12,6.1958004971365467e-14,5.6843418860808015e-14,4.6185277824406512e-12,true,0,2.5579538487363607e-13,4.3076265577043802e-14,INCONSISTENT,true,0.13649119163674853
715,0.57250000000000001,100,-1.2,0.29999999999999999,1,3,9,3,-7.2325771361364897,3.4190390418706382,2.2426505097428162e-14,2.8137492336099967e-12,3.4116378585639342e-14,2.2426505097428162e-14,3.4816594052244909e-12,3.4139457295317155e-13,0,6.6791017161449417e-13,true,2.8421709430404007e-14,5.2722270993399434e-12,3.8577455873733455e-14,INCONSISTENT,true,0.13612537175413544
716,0.57250000000000001,100,2,-1.5,2.5,7.5,22.5,3,-0.1474787431082491,-0.1350926361102302,2.2426505097428162e-14,4.1922021409845911e-12,1.0311766752938278e-13,5.9952043329758453e-15,2.9132252166164108e-12,1.4383709477942552e-14,2.8421709430404007e-14,7.1054273576010019e-12,true,0,1.7195134205394424e-12,5.2117929122610707e-15,INCONSISTENT,true,0.13556771431151679
717,0.57250000000000001,100,0.40000000000000002,0.69999999999999996,0.34999999999999998,2.0999999999999996,12.6,6,0.71650236684420454,-0.22164015499600465,3.4416913763379853e-14,1.6910917111090384e-12,1.3178492275866134e-14,3.4416913763379853e-14,2.6005864128819667e-12,1.5356134357017496e-14,0,9.0949470177292824e-13,true,5.6843418860808015e-14,6.0964566728216596e-12,6.3111521016988586e-14,INCONSISTENT,true,0.17985596099843806
718,0.57250000000000001,100,-1.2,0.29999999999999999,1,6,36,6,1.1339903035639434,2.2280184001535885,2.2426505097428162e-14,3.879563337250147e-12,4.7404865588140764e-14,2.2426505097428162e-14,2.2311041902867146e-12,6.801382468451552e-14,0,1.6484591469634324e-12,true,0,2.6858515411731787e-12,7.458033594321397e-15,INCONSISTENT,true,0.1793739160712694
719,0.57250000000000001,100,2,-1.5,2.5,15,90,6,-7.2325771361364897,3.4190390418706382,2.2426505097428162e-14,5.6417093219351955e-12,1.3904478547922298e-13,2.2426505097428162e-14,5.3859139370615594e-12,1.0591511827833411e-12,0,2.5579538487363607e-13,true,0,2.7569058147491887e-12,1.5386817833490806e-14,INCONSISTENT,true,0.17863908465793751
720,0.62,0.01,0.40000000000000002,0.69999999999999996,0.34999999999999998,0.4375,0.546875,1.25,-0.1474787431082491,-0.1350926361102302,3.0753177782116836e-14,9.1940344226770776e-17,4.6302589632247526e-14,3.0753177782116836e-14,1.6826817716975029e-16,9.2373358894393947e-15,0,7.6327832942979512e-17,true,0,2.3071822230491534e-16,1.6082541099657815e-15,INCONSISTENT,true,0.0020361638106877866
721,0.62,0.01,-1.2,0.29999999999999999,1,1.25,1.5625,1.25,0.71650236684420454,-0.22164015499600465,3.0753177782116836e-14,1.4450246554886803e-15,5.8216775656698377e-14,3.0753177782116836e-14,1.5144135945277526e-15,4.3567165911669159e-14,0,6.9388939039072284e-17,true,0,9.9746599868666408e-16,4.4026067521311241e-15,INCONSISTENT,true,0.0010678458095679372
722,0.62,0.01,2,-1.5,2.5,3.125,3.90625,1.25,1.1339903035639434,2.2280184001535885,3.0753177782116836e-14,2.5326962749261384e-16,1.3948219268069026e-13,3.0753177782116836e-14,2.157996004115148e-15,3.5296907703688443e-13,0,2.4112656316077619e-15,true,0,2.7061686225238191e-16,5.0085325937575035e-16,INCONSISTENT,true,0.00060660007707250138
723,0.62,0.01,0.40000000000000002,0.69999999999999996,0.34999999999999998,0.61249999999999993,1.0718749999999999,1.75,-7.2325771361364897,3.4190390418706382,3.0753177782116836e-14,6.2450045135165055e-17,4.6579115581885668e-14,3.0753177782116836e-14,2.8449465006019636e-16,3.6856862855537467e-13,0,3.4694469519536142e-16,true,0,1.0581813203458523e-16,2.2217927228627865e-15,INCONSISTENT,true,0.0022886365049556031
724,0.62,0.01,-1.2,0.29999999999999999,1,1.75,3.0625,1.75,-0.1474787431082491,-0.1350926361102302,3.0753177782116836e-14,1.3253287356462806e-15,5.8324338493328631e-14,3.0753177782116836e-14,1.1605300054284839e-15,1.1710493119296842e-14,0,1.6479873021779667e-16,true,0,9.1246454836380053e-16,1.8648313744845182e-15,INCONSISTENT,true,0.0012002525968724173
725,0.62,0.01,2,-1.5,2.5,4.375,7.65625,1.75,0.71650236684420454,-0.22164015499600465,3.0753177782116836e-14,1.9949319973733282e-16,1.3948219268069026e-13,3.0753177782116836e-14,5.1521287236511171e-16,1.0446201655109984e-13,0,3.1571967262777889e-16,true,0,5.6898930012039273e-16,1.8579229080709723e-15,INCONSISTENT,true,0.00068181502539739871
726,0.62,0.01,0.40000000000000002,0.69999999999999996,0.34999999999999998,1.0499999999999998,3.1499999999999999,3,1.1339903035639434,2.2280184001535885,3.0753177782116836e-14,3.1225022567582528e-17,4.6413198536840672e-14,3.0753177782116836e-14,4.163336342344337e-17,1.1627613316224096e-13,0,7.2858385991025898e-17,true,0,1.700029006457271e-16,2.190955391368648e-16,INCONSISTENT,true,0.002820681465189964
727,0.62,0.01,-1.2,0.29999999999999999,1,3,9,3,-7.2325771361364897,3.4190390418706382,3.0753177782116836e-14,4.0766001685454967e-16,5.9186446567158055e-14,3.0753177782116836e-14,4.3715031594615539e-16,4.7272456804254231e-13,0,2.9490299091605721e-17,true,0,3.7643499428696714e-16,2.2360999857578242e-15,INCONSISTENT,true,0.0014792782716760743
728,0.62,0.01,2,-1.5,2.5,7.5,22.5,3,-0.1474787431082491,-0.1350926361102302,3.0753177782116836e-14,6.7480743215497796e-16,1.3922267556244477e-13,3.0753177782116836e-14,3.7816971776294395e-16,2.7872623875603795e-14,0,2.9663771439203401e-16,true,0,2.0296264668928643e-16,4.4454461161066571e-16,INCONSISTENT,true,0.00084031824217888193
729,0.62,0.01,0.40000000000000002,0.69999999999999996,0.34999999999999998,2.0999999999999996,12.6,6,0.71650236684420454,-0.22164015499600465,3.0753177782116836e-14,1.6826817716975029e-16,4.6247285922874573e-14,3.0753177782116836e-14,1.3010426069826053e-16,3.4765805726359081e-14,0,3.8163916471489756e-17,true,2.8421709430404007e-14,1.7694179454963432e-16,2.676422349058107e-15,INCONSISTENT,true,0.0038262018379931848
730,0.62,0.01,-1.2,0.29999999999999999,1,6,36,6,1.1339903035639434,2.2280184001535885,3.0753177782116836e-14,6.2450045135165055e-16,5.8970716370475786e-14,3.0753177782116836e-14,5.9154070530809122e-16,1.4739480767580201e-13,0,3.2959746043559335e-17,true,2.8421709430404007e-14,4.1980308118638732e-16,0,INCONSISTENT,true,0.0020066134059580796
731,0.62,0.01,2,-1.5,2.5,15,90,6,-7.2325771361364897,3.4190390418706382,3.0753177782116836e-14,6.6613381477509392e-16,1.3922267556244477e-13,3.0753177782116836e-14,8.2225892761300656e-16,1.1166603533651165e-12,0,1.5612511283791264e-16,true,2.8421709430404007e-14,5.9674487573602164e-16,9.0147055579484928e-16,INCONSISTENT,true,0.0011398760343559146
732,0.62,0.10000000000000001,0.40000000000000002,0.69999999999999996,0.34999999999999998,0.4375,0.546875,1.25,-0.1474787431082491,-0.1350926361102302,3.0753177782116836e-14,2.4286128663675299e-15,4.520666745722564e-14,3.0753177782116836e-14,3.3306690738754696e-15,9.2795818294515071e-15,0,9.0205620750793969e-16,true,0,1.0269562977782698e-15,2.6322172427838989e-15,INCONSISTENT,true,0.018297783442675915
733,0.62,0.10000000000000001,-1.2,0.29999999999999999,1,1.25,1.5625,1.25,0.71650236684420454,-0.22164015499600465,3.0753177782116836e-14,1.7069679003611782e-15,5.4874226034102337e-14,3.0753177782116836e-14,6.8001160258290838e-16,4.1908419265118854e-14,0,1.0269562977782698e-15,true,0,5.5511151231257827e-17,1.8574976921985383e-15,INCONSISTENT,true,0.010109306332823304
734,0.62,0.10000000000000001,2,-1.5,2.5,3.125,3.90625,1.25,1.1339903035639434,2.2280184001535885,3.0753177782116836e-14,5.4956039718945249e-15,1.3237285543955649e-13,3.0753177782116836e-14,6.2311267257086911e-15,3.3103239007880707e-13,0,7.3552275381416621e-16,true,0,4.8572257327350599e-16,4.886773688277865e-15,INCONSISTENT,true,0.0058827517716055714
735,0.62,0.10000000000000001,0.40000000000000002,0.69999999999999996,0.34999999999999998,0.61249999999999993,1.0718749999999999,1.75,-7.2325771361364897,3.4190390418706382,3.0753177782116836e-14,1.2490009027033011e-15,4.3617072420157527e-14,3.0753177782116836e-14,1.1102230246251565e-15,3.4674268237406356e-13,0,1.3877787807814457e-16,true,0,1.3183898417423734e-15,1.3223762696967093e-15,INCONSISTENT,true,0.020566604183259479
736,0.62,0.10000000000000001,-1.2,0.29999999999999999,1,1.75,3.0625,1.75,-0.1474787431082491,-0.1350926361102302,3.0753177782116836e-14,2.2343238370581275e-15,5.4411916039160741e-14,3.0753177782116836e-14,1.5820678100908481e-15,1.1012249798394613e-14,0,6.5225602696727947e-16,true,0,1.5959455978986625e-15,1.174973992903039e-15,INCONSISTENT,true,0.011362802634858697
737,0.62,0.10000000000000001,2,-1.5,2.5,4.375,7.65625,1.75,0.71650236684420454,-0.22164015499600465,3.0753177782116836e-14,5.6898930012039273e-15,1.3228734788332253e-13,3.0753177782116836e-14,5.1209037010835345e-15,9.9534698458632793e-14,0,5.6898930012039273e-16,true,0,8.4654505627668186e-16,1.3574761105758872e-15,INCONSISTENT,true,0.0066121794245752284
738,0.62,0.10000000000000001,0.40000000000000002,0.69999999999999996,0.34999999999999998,1.0499999999999998,3.1499999999999999,3,1.1339903035639434,2.2280184001535885,3.0753177782116836e-14,8.3266726846886741e-17,4.1787030759056733e-14,3.0753177782116836e-14,5.5511151231257827e-17,1.0469962339450501e-13,0,2.7755575615628914e-17,true,5.6843418860808015e-14,2.3869795029440866e-15,4.381910782737297e-16,INCONSISTENT,true,0.025347773268507186
739,0.62,0.10000000000000001,-1.2,0.29999999999999999,1,3,9,3,-7.2325771361364897,3.4190390418706382,3.0753177782116836e-14,3.4833247397614286e-15,5.3194051257380626e-14,3.0753177782116836e-14,3.4000580129145419e-15,4.2685913988719232e-13,0,8.3266726846886741e-17,true,0,2.3731017151362721e-15,1.358197159996329e-15,INCONSISTENT,true,0.014004341325226773
740,0.62,0.10000000000000001,2,-1.5,2.5,7.5,22.5,3,-0.1474787431082491,-0.1350926361102302,3.0753177782116836e-14,6.7584826624056404e-15,1.3169772318700797e-13,3.0753177782116836e-14,6.4670491184415368e-15,2.6419809152461919e-14,0,2.9143354396410359e-16,true,0,2.0122792321330962e-15,3.2186870638058422e-16,INCONSISTENT,true,0.0081493290468074211
741,0.62,0.10000000000000001,0.40000000000000002,0.69999999999999996,0.34999999999999998,2.0999999999999996,12.6,6,0.71650236684420454,-0.22164015499600465,3.0753177782116836e-14,1.4988010832439613e-15,3.9871848028380729e-14,3.0753177782116836e-14,1.5404344466674047e-15,2.9812847635323613e-14,0,4.163336342344337e-17,true,2.8421709430404007e-14,1.124100812432971e-15,1.0888818473093516e-15,INCONSISTENT,true,0.034383782027820914
742,0.62,0.10000000000000001,-1.2,0.29999999999999999,1,6,36,6,1.1339903035639434,2.2280184001535885,3.0753177782116836e-14,4.8711035205428743e-15,5.1975989396411988e-14,3.0753177782116836e-14,4.8849813083506888e-15,1.298685726171857e-13,0,1.3877787807814457e-17,true,2.8421709430404007e-14,4.2466030691912238e-15,1.7763568394002505e-15,INCONSISTENT,true,0.018996628006297301
743,0.62,0.10000000000000001,2,-1.5,2.5,15,90,6,-7.2325771361364897,3.4190390418706382,3.0753177782116836e-14,8.1185058675714572e-15,1.3104319370079317e-13,3.0753177782116836e-14,7.8548278992229825e-15,1.0504563932991941e-12,0,2.6367796834847468e-16,true,2.8421709430404007e-14,7.0360384185619296e-15,1.8099369258936521e-15,INCONSISTENT,true,0.011054412971515139
744,0.62,1,0.40000000000000002,0.69999999999999996,0.34999999999999998,0.4375,0.546875,1.25,-0.1474787431082491,-0.1350926361102302,2.3314683517128287e-15,0,1.336885555457667e-15,2.3314683517128287e-15,1.5543122344752192e-15,4.2001807449902774e-16,0,1.5543122344752192e-15,true,0,1.3322676295501878e-15,2.845542396354819e-15,INCONSISTENT,true,0.076143177604470966
745,0.62,1,-1.2,0.29999999999999999,1,1.25,1.5625,1.25,0.71650236684420454,-0.22164015499600465,2.6090241078691179e-14,2.0872192862952943e-14,1.8641170262348222e-14,2.6090241078691179e-14,1.9984014443252818e-14,1.4201852986141083e-14,0,8.8817841970012523e-16,true,0,1.1102230246251565e-15,4.1240274946462927e-15,INCONSISTENT,true,0.059286139375354423
746,0.62,1,2,-1.5,2.5,3.125,3.90625,1.25,1.1339903035639434,2.2280184001535885,3.0753177782116836e-14,4.8183679268731794e-14,9.0805113357247812e-14,3.0753177782116836e-14,4.2632564145606011e-14,2.2664566081281289e-13,0,5.5511151231257827e-15,true,0,1.7763568394002505e-15,1.8630814873409546e-15,INCONSISTENT,true,0.042794411774411574
747,0.62,1,0.40000000000000002,0.69999999999999996,0.34999999999999998,0.61249999999999993,1.0718749999999999,1.75,-7.2325771361364897,3.4190390418706382,2.3314683517128287e-15,3.3306690738754696e-15,3.2272943992214551e-15,2.3314683517128287e-15,8.8817841970012523e-16,1.4762209355896038e-14,0,2.4424906541753444e-15,true,0,2.886579864025407e-15,3.1016868497069992e-15,INCONSISTENT,true,0.085584497157957143
748,0.62,1,-1.2,0.29999999999999999,1,1.75,3.0625,1.75,-0.1474787431082491,-0.1350926361102302,2.6090241078691179e-14,2.4646951146678475e-14,1.7386603005504569e-14,2.6090241078691179e-14,2.2204460492503131e-14,3.6121725024193741e-15,0,2.4424906541753444e-15,true,2.8421709430404007e-14,2.7422508708241367e-14,3.108661333822706e-15,INCONSISTENT,true,0.066637282373919485
749,0.62,1,2,-1.5,2.5,4.375,7.65625,1.75,0.71650236684420454,-0.22164015499600465,3.0753177782116836e-14,5.3623772089395061e-14,9.1042620493829569e-14,3.0753177782116836e-14,5.2069459854919842e-14,6.8339615728662616e-14,0,1.5543122344752192e-15,true,5.6843418860808015e-14,1.0735856648125264e-13,1.8799604828270655e-15,INCONSISTENT,true,0.048100674651498226
750,0.62,1,0.40000000000000002,0.69999999999999996,0.34999999999999998,1.0499999999999998,3.1499999999999999,3,1.1339903035639434,2.2280184001535885,2.3314683517128287e-15,6.6613381477509392e-16,1.6504651808933464e-15,2.3314683517128287e-15,6.6613381477509392e-16,4.148135544450461e-15,0,0,true,0,1.8873791418627661e-15,9.2020126437483228e-16,INCONSISTENT,true,0.10548053582053002
751,0.62,1,-1.2,0.29999999999999999,1,3,9,3,-7.2325771361364897,3.4190390418706382,2.3314683517128287e-15,1.6653345369377348e-15,1.6250646570963809e-15,2.3314683517128287e-15,1.6653345369377348e-15,1.4321446692197791e-14,0,0,true,0,2.2204460492503131e-15,1.5915159823550137e-15,INCONSISTENT,true,0.082128615389913548
752,0.62,1,2,-1.5,2.5,7.5,22.5,3,-0.1474787431082491,-0.1350926361102302,2.6090241078691179e-14,5.3956838996782608e-14,7.8312207812156924e-14,2.6090241078691179e-14,5.595524044110789e-14,1.5779624493695214e-14,0,1.9984014443252818e-15,true,2.8421709430404007e-14,6.0951244051921094e-14,4.9616747226217451e-16,INCONSISTENT,true,0.059282756854960213
753,0.62,1,0.40000000000000002,0.69999999999999996,0.34999999999999998,2.0999999999999996,12.6,6,0.71650236684420454,-0.22164015499600465,2.3314683517128287e-15,4.4408920985006262e-16,1.1801832636420706e-15,2.3314683517128287e-15,6.6613381477509392e-16,6.3292450452841926e-16,0,2.2204460492503131e-16,true,0,3.9968028886505635e-15,1.1395314920993822e-15,INCONSISTENT,true,0.14308238098124851
754,0.62,1,-1.2,0.29999999999999999,1,6,36,6,1.1339903035639434,2.2280184001535885,2.3314683517128287e-15,3.7747582837255322e-15,1.5151595604785607e-15,2.3314683517128287e-15,3.4416913763379853e-15,3.5527136788005009e-15,0,3.3306690738754696e-16,true,0,2.7755575615628914e-15,1.794301645439577e-15,INCONSISTENT,true,0.11140593613096823
755,0.62,1,2,-1.5,2.5,15,90,6,-7.2325771361364897,3.4190390418706382,2.6090241078691179e-14,6.5503158452884236e-14,8.1948599049321604e-14,2.6090241078691179e-14,6.5947247662734299e-14,6.541649620190857e-13,0,4.4408920985006262e-16,true,2.8421709430404007e-14,7.4829031859735551e-14,9.0886195758547937e-16,INCONSISTENT,true,0.080415954810584722
756,0.62,10,0.40000000000000002,0.69999999999999996,0.34999999999999998,0.4375,0.546875,1.25,-0.1474787431082491,-0.1350926361102302,2.3314683517128287e-15,2.7000623958883807e-13,2.1006698807990929e-14,2.3314683517128287e-15,1.971756091734278e-13,3.0746191125534426e-15,0,7.2830630415410269e-14,true,0,3.4461322684364859e-13,6.0168911316521576e-14,INCONSISTENT,true,0.099445382725282166
757,0.62,10,-1.2,0.29999999999999999,1,1.25,1.5625,1.25,0.71650236684420454,-0.22164015499600465,2.3314683517128287e-15,6.5725203057809267e-14,7.8355322179896662e-15,2.3314683517128287e-15,1.0658141036401503e-14,1.0663343936900019e-15,0,5.5067062021407764e-14,true,0,2.3092638912203256e-14,4.0430645965435048e-15,INCONSISTENT,true,0.096835125994795046
758,0.62,10,2,-1.5,2.5,3.125,3.90625,1.25,1.1339903035639434,2.2280184001535885,2.3314683517128287e-15,4.0856207306205761e-14,8.3790584533508322e-15,2.3314683517128287e-15,1.936228954946273e-13,1.0572681318843266e-13,0,1.5276668818842154e-13,true,0,7.1054273576010019e-15,5.5876993968610426e-15,INCONSISTENT,true,0.092727418470484366
759,0.62,10,0.40000000000000002,0.69999999999999996,0.34999999999999998,0.61249999999999993,1.0718749999999999,1.75,-7.2325771361364897,3.4190390418706382,2.3314683517128287e-15,3.1974423109204508e-14,2.589462819655575e-15,2.3314683517128287e-15,9.0594198809412774e-14,5.8383798878284648e-14,0,5.8619775700208265e-14,true,0,7.638334409421077e-14,1.3749527917080012e-14,INCONSISTENT,true,0.11177604275240655
760,0.62,10,-1.2,0.29999999999999999,1,1.75,3.0625,1.75,-0.1474787431082491,-0.1350926361102302,2.3314683517128287e-15,5.8619775700208265e-14,7.114312260401321e-15,2.3314683517128287e-15,3.730349362740526e-14,9.1298547629784096e-16,0,2.1316282072803006e-14,true,0,1.5987211554602254e-14,2.2688610382932645e-15,INCONSISTENT,true,0.10884212908138889
761,0.62,10,2,-1.5,2.5,4.375,7.65625,1.75,0.71650236684420454,-0.22164015499600465,2.3314683517128287e-15,3.3750779948604759e-14,6.8582673813291089e-15,2.3314683517128287e-15,6.7501559897209518e-14,1.0841599276764049e-14,0,3.3750779948604759e-14,true,0,3.5527136788005009e-14,5.8289927939219281e-15,INCONSISTENT,true,0.10422508926244982
762,0.62,10,0.40000000000000002,0.69999999999999996,0.34999999999999998,1.0499999999999998,3.1499999999999999,3,1.1339903035639434,2.2280184001535885,2.3314683517128287e-15,5.3290705182007514e-15,3.1401849173675503e-16,2.3314683517128287e-15,3.1974423109204508e-14,6.4047456679787536e-15,0,3.730349362740526e-14,true,0,5.3290705182007514e-15,1.023850027299097e-14,INCONSISTENT,true,0.1377608944720761
763,0.62,10,-1.2,0.29999999999999999,1,3,9,3,-7.2325771361364897,3.4190390418706382,2.3314683517128287e-15,0,3.3306690738754696e-16,2.3314683517128287e-15,3.730349362740526e-14,3.1502174826002614e-14,0,3.730349362740526e-14,true,0,2.6645352591003757e-14,3.1697339468006062e-15,INCONSISTENT,true,0.13414492667010974
764,0.62,10,2,-1.5,2.5,7.5,22.5,3,-0.1474787431082491,-0.1350926361102302,2.3314683517128287e-15,3.5527136788005009e-14,7.1607233460988954e-15,2.3314683517128287e-15,4.4408920985006262e-14,1.8001047556827143e-15,0,8.8817841970012523e-15,true,0,3.5527136788005009e-14,3.7586711591107193e-15,INCONSISTENT,true,0.12845455224274432
765,0.62,10,0.40000000000000002,0.69999999999999996,0.34999999999999998,2.0999999999999996,12.6,6,0.71650236684420454,-0.22164015499600465,2.3314683517128287e-15,1.7763568394002505e-15,2.4825341532472731e-16,2.3314683517128287e-15,3.1974423109204508e-14,1.6992216372873033e-15,0,3.3750779948604759e-14,true,0,4.6185277824406512e-14,8.1743650491722795e-15,INCONSISTENT,true,0.18687008587733897
766,0.62,10,-1.2,0.29999999999999999,1,6,36,6,1.1339903035639434,2.2280184001535885,2.3314683517128287e-15,1.2434497875801753e-14,1.336885555457667e-15,2.3314683517128287e-15,1.5987211554602254e-14,4.4408920985006262e-15,0,3.5527136788005009e-15,true,0,4.9737991503207013e-14,5.1116533553086319e-15,INCONSISTENT,true,0.18196509294541233
767,0.62,10,2,-1.5,2.5,15,90,6,-7.2325771361364897,3.4190390418706382,2.3314683517128287e-15,7.1054273576010019e-14,1.5054886211171173e-14,2.3314683517128287e-15,8.3488771451811772e-14,1.4618024558956921e-13,0,1.2434497875801753e-14,true,0,2.6645352591003757e-14,2.7369423806027487e-15,INCONSISTENT,true,0.1742462060872034
768,0.62,100,0.40000000000000002,0.69999999999999996,0.34999999999999998,0.4375,0.546875,1.25,-0.1474787431082491,-0.1350926361102302,5.9174887212520844e-14,1.9923618310713209e-11,1.5961694610844693e-13,1.7286172493413687e-13,3.652189661806915e-11,5.845065946131554e-14,1.1368683772161603e-13,1.659827830735594e-11,true,0,5.3859139370615594e-12,1.1208747358443433e-13,INCONSISTENT,true,0.10201792709366714
769,0.62,100,-1.2,0.29999999999999999,1,1.25,1.5625,1.25,0.71650236684420454,-0.22164015499600465,2.3314683517128287e-15,3.1263880373444408e-13,3.6759113822045341e-15,5.9174887212520844e-14,1.3884005056752358e-11,1.2735590145220698e-13,5.6843418860808015e-14,1.3571366253017914e-11,true,0,1.5631940186722204e-13,7.8814997713796067e-14,INCONSISTENT,true,0.10175577529104662
770,0.62,100,2,-1.5,2.5,3.125,3.90625,1.25,1.1339903035639434,2.2280184001535885,2.3314683517128287e-15,1.4210854715202004e-14,4.4408920985006262e-16,2.3314683517128287e-15,3.3111291486420669e-12,2.0502305561741493e-13,0,3.3253400033572689e-12,true,0,2.9842794901924208e-12,7.6036125945669761e-14,INCONSISTENT,true,0.10133651622126789
771,0.62,100,0.40000000000000002,0.69999999999999996,0.34999999999999998,0.61249999999999993,1.0718749999999999,1.75,-7.2325771361364897,3.4190390418706382,2.3314683517128287e-15,3.0553337637684308e-12,2.4498285511229718e-14,5.4511950509095186e-14,4.5474735088646412e-13,3.2524797830292149e-14,5.6843418860808015e-14,2.6005864128819667e-12,true,0,4.9027448767446913e-12,1.5881409285792042e-13,INCONSISTENT,true,0.11466756794344143
772,0.62,100,-1.2,0.29999999999999999,1,1.75,3.0625,1.75,-0.1474787431082491,-0.1350926361102302,2.3314683517128287e-15,1.6768808563938364e-12,2.0626258675460438e-14,2.3314683517128287e-15,5.8264504332328215e-13,1.4221177991295363e-15,0,1.0942358130705543e-12,true,0,2.6716406864579767e-12,5.5361987316628086e-14,INCONSISTENT,true,0.11437291081338799
773,0.62,100,2,-1.5,2.5,4.375,7.65625,1.75,0.71650236684420454,-0.22164015499600465,2.3314683517128287e-15,1.5205614545266144e-12,3.752816588713586e-14,2.3314683517128287e-15,3.2542857297812589e-12,6.0375312269226125e-14,0,1.7337242752546445e-12,true,0,1.8474111129762605e-13,1.2765082493150981e-14,INCONSISTENT,true,0.11390166601117954
774,0.62,100,0.40000000000000002,0.69999999999999996,0.34999999999999998,1.0499999999999998,3.1499999999999999,3,1.1339903035639434,2.2280184001535885,2.3314683517128287e-15,4.7180037654470652e-12,3.7856163221467763e-14,2.3314683517128287e-15,3.1263880373444408e-13,6.1694844741610151e-15,0,4.4053649617126212e-12,true,0,5.2722270993399434e-12,1.3238170928479431e-13,INCONSISTENT,true,0.14132461963980539
775,0.62,100,-1.2,0.29999999999999999,1,3,9,3,-7.2325771361364897,3.4190390418706382,2.3314683517128287e-15,2.5295321393059567e-12,3.096706375989323e-14,2.3314683517128287e-15,5.4285465012071654e-12,5.322078928248205e-13,0,2.8990143619012088e-12,true,0,2.2737367544323206e-12,5.9151899018640074e-14,INCONSISTENT,true,0.14096146284160443
776,0.62,100,2,-1.5,2.5,7.5,22.5,3,-0.1474787431082491,-0.1350926361102302,2.3314683517128287e-15,9.0949470177292824e-13,2.2610421720741786e-14,2.3314683517128287e-15,1.4210854715202004e-14,1.2118257228641695e-16,0,8.9528384705772623e-13,true,0,2.0037305148434825e-12,4.480267455263368e-14,INCONSISTENT,true,0.14038066660053289
777,0.62,100,0.40000000000000002,0.69999999999999996,0.34999999999999998,2.0999999999999996,12.6,6,0.71650236684420454,-0.22164015499600465,2.3314683517128287e-15,1.1795009413617663e-12,9.3780992993468437e-15,2.3314683517128287e-15,1.0658141036401503e-12,6.4824571454483197e-15,0,1.1368683772161603e-13,true,0,6.3948846218409017e-13,3.7738171501158335e-14,INCONSISTENT,true,0.19170421264950996
778,0.62,100,-1.2,0.29999999999999999,1,6,36,6,1.1339903035639434,2.2280184001535885,2.3314683517128287e-15,9.0949470177292824e-13,1.1013613854197661e-14,2.3314683517128287e-15,7.3896444519050419e-13,2.2644195468014704e-14,0,1.7053025658242404e-13,true,0,2.8421709430404007e-13,2.4066166820631774e-14,INCONSISTENT,true,0.1912115972210183
779,0.62,100,2,-1.5,2.5,15,90,6,-7.2325771361364897,3.4190390418706382,2.3314683517128287e-15,1.8474111129762605e-13,4.7207330545682824e-15,2.3314683517128287e-15,7.815970093361102e-13,1.5027810883381227e-13,0,9.6633812063373625e-13,true,0,1.0658141036401503e-12,2.4331085539973519e-14,INCONSISTENT,true,0.19042375794445091
780,0.66749999999999998,0.01,0.40000000000000002,0.69999999999999996,0.34999999999999998,0.4375,0.546875,1.25,-0.1474787431082491,-0.1350926361102302,1.7763568394002505e-15,5.2041704279304213e-18,2.6737711109153341e-15,1.7763568394002505e-15,2.0469737016526324e-16,5.8554562448159209e-16,0,1.9949319973733282e-16,true,0,5.377642775528102e-17,1.9961356857445059e-16,INCONSISTENT,true,0.0021540193260781433
781,0.66749999999999998,0.01,-1.2,0.29999999999999999,1,1.25,1.5625,1.25,0.71650236684420454,-0.22164015499600465,1.7763568394002505e-15,8.6736173798840355e-18,3.2334947784230958e-15,1.7763568394002505e-15,2.7061686225238191e-16,2.7307875685720004e-15,0,2.6194324487249787e-16,true,0,3.4694469519536142e-17,1.0279400365151165e-16,INCONSISTENT,true,0.0010746332120684357
782,0.66749999999999998,0.01,2,-1.5,2.5,3.125,3.90625,1.25,1.1339903035639434,2.2280184001535885,1.7763568394002505e-15,4.4929338027799304e-16,7.8692808476918283e-15,1.7763568394002505e-15,3.8510861166685117e-16,2.1390168887322673e-14,0,8.3440199194484421e-16,true,0,1.2836953722228372e-16,1.7801612529284886e-15,INCONSISTENT,true,0.00058436537334922403
783,0.66749999999999998,0.01,0.40000000000000002,0.69999999999999996,0.34999999999999998,0.61249999999999993,1.0718749999999999,1.75,-7.2325771361364897,3.4190390418706382,1.7763568394002505e-15,1.0928757898653885e-16,2.507851037520163e-15,1.7763568394002505e-15,3.5041414214731503e-16,1.6165091241761062e-14,0,2.4112656316077619e-16,true,0,6.2450045135165055e-17,9.2240672057530239e-16,INCONSISTENT,true,0.0024453882252408075
784,0.66749999999999998,0.01,-1.2,0.29999999999999999,1,1.75,3.0625,1.75,-0.1474787431082491,-0.1350926361102302,1.7763568394002505e-15,7.2858385991025898e-17,3.1796795178217619e-15,1.7763568394002505e-15,2.7235158572835871e-16,5.9609904775921677e-16,0,1.9949319973733282e-16,true,0,1.8561541192951836e-16,1.4022556064735435e-15,INCONSISTENT,true,0.0012199962049681838
785,0.66749999999999998,0.01,2,-1.5,2.5,4.375,7.65625,1.75,0.71650236684420454,-0.22164015499600465,1.7763568394002505e-15,4.7011006198971472e-16,7.8692808476918283e-15,1.7763568394002505e-15,1.2663481374630692e-16,6.2330890882559049e-15,0,3.434752482434078e-16,true,0,3.5735303605122226e-16,1.3830352125388236e-15,INCONSISTENT,true,0.0006634110408940538
786,0.66749999999999998,0.01,0.40000000000000002,0.69999999999999996,0.34999999999999998,1.0499999999999998,3.1499999999999999,3,1.1339903035639434,2.2280184001535885,1.7763568394002505e-15,3.2959746043559335e-17,2.6737711109153341e-15,1.7763568394002505e-15,6.0715321659188248e-17,6.6018607235733855e-15,0,9.3675067702747583e-17,true,0,7.4593109467002705e-17,2.2477153351527765e-15,INCONSISTENT,true,0.0030725835289191392
787,0.66749999999999998,0.01,-1.2,0.29999999999999999,1,3,9,3,-7.2325771361364897,3.4190390418706382,1.7763568394002505e-15,1.7347234759768071e-18,3.2334947784230958e-15,1.7763568394002505e-15,9.1940344226770776e-17,2.6407442894293542e-14,0,9.3675067702747583e-17,true,0,1.3010426069826053e-16,5.0677549224944461e-16,INCONSISTENT,true,0.0015329018950997371
788,0.66749999999999998,0.01,2,-1.5,2.5,7.5,22.5,3,-0.1474787431082491,-0.1350926361102302,1.7763568394002505e-15,3.8857805861880479e-16,7.9347943261279304e-15,1.7763568394002505e-15,9.0205620750793969e-17,1.6662594659381951e-15,0,2.9837243786801082e-16,true,0,2.5673907444456745e-16,1.8096137361314734e-15,INCONSISTENT,true,0.00083356328296501844
789,0.66749999999999998,0.01,0.40000000000000002,0.69999999999999996,0.34999999999999998,2.0999999999999996,12.6,6,0.71650236684420454,-0.22164015499600465,1.7763568394002505e-15,4.5102810375396984e-17,2.6184557666721354e-15,1.7763568394002505e-15,4.163336342344337e-17,2.0175840826237853e-15,0,3.4694469519536142e-18,true,0,7.2858385991025898e-17,9.7141047649295994e-16,INCONSISTENT,true,0.0042937176224671384
790,0.66749999999999998,0.01,-1.2,0.29999999999999999,1,6,36,6,1.1339903035639434,2.2280184001535885,1.7763568394002505e-15,1.0581813203458523e-16,3.3422138886441674e-15,1.7763568394002505e-15,1.214306433183765e-17,8.1886004264334452e-15,0,9.3675067702747583e-17,true,0,2.1857515797307769e-16,1.9046004599113215e-15,INCONSISTENT,true,0.0021421217091592616
791,0.66749999999999998,0.01,2,-1.5,2.5,15,90,6,-7.2325771361364897,3.4190390418706382,1.7763568394002505e-15,3.174543961037557e-16,7.9347943261279304e-15,1.7763568394002505e-15,1.1275702593849246e-16,6.4830940938856894e-14,0,2.0469737016526324e-16,true,0,5.2041704279304213e-17,8.9053837853699885e-16,INCONSISTENT,true,0.001164845584772793
792,0.66749999999999998,0.10000000000000001,0.40000000000000002,0.69999999999999996,0.34999999999999998,0.4375,0.546875,1.25,-0.1474787431082491,-0.1350926361102302,1.7763568394002505e-15,2.3592239273284576e-16,2.6927200104409418e-15,1.7763568394002505e-15,5.5511151231257827e-17,5.0425281447675117e-16,0,1.8041124150158794e-16,true,0,5.5511151231257827e-17,1.8206512298548769e-16,INCONSISTENT,true,0.019426921534985233
793,0.66749999999999998,0.10000000000000001,-1.2,0.29999999999999999,1,1.25,1.5625,1.25,0.71650236684420454,-0.22164015499600465,1.7763568394002505e-15,2.9143354396410359e-16,3.3051285367689413e-15,1.7763568394002505e-15,3.0531133177191805e-16,2.4349091853294379e-15,0,1.3877787807814457e-17,true,0,1.3877787807814457e-16,3.0838201095453489e-16,INCONSISTENT,true,0.010227191112290581
794,0.66749999999999998,0.10000000000000001,2,-1.5,2.5,3.125,3.90625,1.25,1.1339903035639434,2.2280184001535885,1.7763568394002505e-15,3.0531133177191805e-16,8.16448078515563e-15,1.7763568394002505e-15,4.8572257327350599e-16,2.0447402763361811e-14,0,7.9103390504542404e-16,true,0,1.1102230246251565e-15,4.097207209484869e-15,INCONSISTENT,true,0.0056918553648942303
795,0.66749999999999998,0.10000000000000001,0.40000000000000002,0.69999999999999996,0.34999999999999998,0.61249999999999993,1.0718749999999999,1.75,-7.2325771361364897,3.4190390418706382,1.7763568394002505e-15,5.5511151231257827e-17,2.2349702243570796e-15,1.7763568394002505e-15,1.1102230246251565e-16,1.637720085286689e-14,0,5.5511151231257827e-17,true,0,0,2.2547977865452289e-15,INCONSISTENT,true,0.022054753455161603
796,0.66749999999999998,0.10000000000000001,-1.2,0.29999999999999999,1,1.75,3.0625,1.75,-0.1474787431082491,-0.1350926361102302,1.7763568394002505e-15,5.134781488891349e-16,3.5042444728376209e-15,1.7763568394002505e-15,3.6082248300317588e-16,6.8901504431431225e-16,0,1.5265566588595902e-16,true,0,2.2204460492503131e-16,6.7654251436604572e-16,INCONSISTENT,true,0.011610598113253656
797,0.66749999999999998,0.10000000000000001,2,-1.5,2.5,4.375,7.65625,1.75,0.71650236684420454,-0.22164015499600465,1.7763568394002505e-15,1.0685896612017132e-15,7.809533195710194e-15,1.7763568394002505e-15,9.0205620750793969e-16,5.773159728050814e-15,0,1.6653345369377348e-16,true,0,2.9143354396410359e-16,1.3830352125388234e-15,INCONSISTENT,true,0.0064617786482062548
798,0.66749999999999998,0.10000000000000001,0.40000000000000002,0.69999999999999996,0.34999999999999998,1.0499999999999998,3.1499999999999999,3,1.1339903035639434,2.2280184001535885,1.7763568394002505e-15,4.163336342344337e-17,2.2349702243570796e-15,1.7763568394002505e-15,6.9388939039072284e-17,6.0971362260113712e-15,0,1.1102230246251565e-16,true,0,8.3266726846886741e-17,1.7822303988482281e-15,INCONSISTENT,true,0.027711375846681451
799,0.66749999999999998,0.10000000000000001,-1.2,0.29999999999999999,1,3,9,3,-7.2325771361364897,3.4190390418706382,1.7763568394002505e-15,2.3592239273284576e-16,3.3051285367689413e-15,1.7763568394002505e-15,8.3266726846886741e-17,2.4884851026246757e-14,0,1.5265566588595902e-16,true,0,4.3021142204224816e-16,8.54503143459883e-16,INCONSISTENT,true,0.014588494438411032
800,0.66749999999999998,0.10000000000000001,2,-1.5,2.5,7.5,22.5,3,-0.1474787431082491,-0.1350926361102302,1.7763568394002505e-15,6.8001160258290838e-16,7.9347943261279304e-15,1.7763568394002505e-15,3.7470027081099033e-16,1.6441518390774997e-15,0,1.0547118733938987e-15,true,0,2.6367796834847468e-16,1.3813515301278651e-16,INCONSISTENT,true,0.008119101268692237
801,0.66749999999999998,0.10000000000000001,0.40000000000000002,0.69999999999999996,0.34999999999999998,2.0999999999999996,12.6,6,0.71650236684420454,-0.22164015499600465,1.7763568394002505e-15,1.2490009027033011e-16,2.1276056357529605e-15,1.7763568394002505e-15,8.3266726846886741e-17,1.5553031891404223e-15,0,4.163336342344337e-17,true,0,2.6367796834847468e-16,9.2867167401374899e-16,INCONSISTENT,true,0.038724682891708308
802,0.66749999999999998,0.10000000000000001,-1.2,0.29999999999999999,1,6,36,6,1.1339903035639434,2.2280184001535885,1.7763568394002505e-15,1.9428902930940239e-16,2.9083817348740073e-15,1.7763568394002505e-15,1.8041124150158794e-16,6.9368952146101872e-15,0,1.3877787807814457e-17,true,0,3.3306690738754696e-16,1.7910596453548198e-15,INCONSISTENT,true,0.020386386591574993
803,0.66749999999999998,0.10000000000000001,2,-1.5,2.5,15,90,6,-7.2325771361364897,3.4190390418706382,1.7763568394002505e-15,7.9103390504542404e-16,7.8692808476918283e-15,1.7763568394002505e-15,9.8532293435482643e-16,6.2045477010645481e-14,0,1.9428902930940239e-16,true,0,1.9428902930940239e-16,8.9053837853699885e-16,INCONSISTENT,true,0.011345868344295931
804,0.66749999999999998,1,0.40000000000000002,0.69999999999999996,0.34999999999999998,0.4375,0.546875,1.25,-0.1474787431082491,-0.1350926361102302,1.7763568394002505e-15,4.4408920985006262e-15,1.6653345369377348e-15,1.7763568394002505e-15,8.2156503822261584e-15,7.8409501114151681e-16,0,3.7747582837255322e-15,true,0,5.5511151231257827e-15,8.8043248665896519e-15,INCONSISTENT,true,0.079030208492107332
805,0.66749999999999998,1,-1.2,0.29999999999999999,1,1.25,1.5625,1.25,0.71650236684420454,-0.22164015499600465,1.7763568394002505e-15,2.6645352591003757e-15,1.1102230246251565e-15,1.7763568394002505e-15,3.3306690738754696e-15,8.9509041826236192e-16,0,6.6613381477509392e-16,true,0,2.2204460492503131e-16,3.9055449415831064e-15,INCONSISTENT,true,0.060867231106873226
806,0.66749999999999998,1,2,-1.5,2.5,3.125,3.90625,1.25,1.1339903035639434,2.2280184001535885,1.7763568394002505e-15,5.9952043329758453e-15,5.9787339602818167e-15,1.7763568394002505e-15,4.4408920985006262e-16,1.4217791915866692e-14,0,5.5511151231257827e-15,true,0,4.4408920985006262e-16,1.3930847927028018e-15,INCONSISTENT,true,0.042596798774751823
807,0.66749999999999998,1,0.40000000000000002,0.69999999999999996,0.34999999999999998,0.61249999999999993,1.0718749999999999,1.75,-7.2325771361364897,3.4190390418706382,1.7763568394002505e-15,8.8817841970012523e-16,5.5511151231257827e-16,1.7763568394002505e-15,3.3306690738754696e-15,8.0427976617668915e-15,0,2.4424906541753444e-15,true,0,6.6613381477509392e-16,1.3736229149296814e-15,INCONSISTENT,true,0.089720430520341357
808,0.66749999999999998,1,-1.2,0.29999999999999999,1,1.75,3.0625,1.75,-0.1474787431082491,-0.1350926361102302,1.7763568394002505e-15,4.4408920985006262e-16,1.7901808365247238e-15,1.7763568394002505e-15,1.7763568394002505e-15,2.2377260456559048e-16,0,1.3322676295501878e-15,true,0,1.3322676295501878e-15,1.8133805453436185e-15,INCONSISTENT,true,0.069100591832987557
809,0.66749999999999998,1,2,-1.5,2.5,4.375,7.65625,1.75,0.71650236684420454,-0.22164015499600465,1.7763568394002505e-15,3.9968028886505635e-15,5.3290705182007514e-15,1.7763568394002505e-15,4.4408920985006262e-15,4.082240392577815e-15,0,4.4408920985006262e-16,true,0,2.2204460492503131e-16,5.7754776431735842e-16,INCONSISTENT,true,0.048358763032243152
810,0.66749999999999998,1,0.40000000000000002,0.69999999999999996,0.34999999999999998,1.0499999999999998,3.1499999999999999,3,1.1339903035639434,2.2280184001535885,1.7763568394002505e-15,2.2204460492503131e-16,9.4205547521026495e-16,1.7763568394002505e-15,1.1102230246251565e-15,4.4242074104630714e-15,0,1.3322676295501878e-15,true,0,1.7763568394002505e-15,9.4288532055972154e-16,INCONSISTENT,true,0.1127320047503621
811,0.66749999999999998,1,-1.2,0.29999999999999999,1,3,9,3,-7.2325771361364897,3.4190390418706382,1.7763568394002505e-15,2.6645352591003757e-15,1.1102230246251565e-15,1.7763568394002505e-15,2.6645352591003757e-15,8.9260826473499665e-15,0,0,true,0,1.1102230246251565e-15,1.0776824615661839e-15,INCONSISTENT,true,0.086823571861962781
812,0.66749999999999998,1,2,-1.5,2.5,7.5,22.5,3,-0.1474787431082491,-0.1350926361102302,1.7763568394002505e-15,4.2188474935755949e-15,5.3290705182007514e-15,1.7763568394002505e-15,2.6645352591003757e-15,1.023951298512e-15,0,1.5543122344752192e-15,true,0,1.5543122344752192e-15,8.9085982923548539e-16,INCONSISTENT,true,0.060761860729553537
813,0.66749999999999998,1,0.40000000000000002,0.69999999999999996,0.34999999999999998,2.0999999999999996,12.6,6,0.71650236684420454,-0.22164015499600465,1.7763568394002505e-15,1.5543122344752192e-15,1.1102230246251565e-16,1.7763568394002505e-15,1.7763568394002505e-15,1.2412670766236366e-16,0,2.2204460492503131e-16,true,0,2.2204460492503131e-15,1.7976898663732943e-15,INCONSISTENT,true,0.15753498346156397
814,0.66749999999999998,1,-1.2,0.29999999999999999,1,6,36,6,1.1339903035639434,2.2280184001535885,1.7763568394002505e-15,3.1086244689504383e-15,1.1957467920563633e-15,1.7763568394002505e-15,3.5527136788005009e-15,3.2330182483522121e-15,0,4.4408920985006262e-16,true,0,2.2204460492503131e-15,9.1723058036433641e-16,INCONSISTENT,true,0.12132978551775778
815,0.66749999999999998,1,2,-1.5,2.5,15,90,6,-7.2325771361364897,3.4190390418706382,1.7763568394002505e-15,4.2188474935755949e-15,5.3290705182007514e-15,1.7763568394002505e-15,4.4408920985006262e-15,4.14314051144892e-14,0,2.2204460492503131e-16,true,0,3.1086244689504383e-15,2.6841554738216049e-15,INCONSISTENT,true,0.084910392096026285
816,0.66749999999999998,10,0.40000000000000002,0.69999999999999996,0.34999999999999998,0.4375,0.546875,1.25,-0.1474787431082491,-0.1350926361102302,2.6645352591003757e-14,1.4921397450962104e-13,1.3586630682756773e-14,3.0198066269804258e-14,2.0961010704922955e-13,2.8142240965420293e-15,5.6843418860808015e-14,6.0396132539608516e-14,true,2.8421709430404007e-14,1.3855583347321954e-13,2.475929815774985e-14,INCONSISTENT,true,0.10043623539809662
817,0.66749999999999998,10,-1.2,0.29999999999999999,1,1.25,1.5625,1.25,0.71650236684420454,-0.22164015499600465,1.7763568394002505e-15,1.4210854715202004e-14,1.3732700395566711e-15,1.7763568394002505e-15,1.5987211554602254e-14,1.2670655869532562e-15,0,1.7763568394002505e-15,true,0,7.460698725481052e-14,1.8033975753978291e-14,INCONSISTENT,true,0.097916297996223964
818,0.66749999999999998,10,2,-1.5,2.5,3.125,3.90625,1.25,1.1339903035639434,2.2280184001535885,1.7763568394002505e-15,4.7961634663806763e-14,1.0405342821915281e-14,2.6645352591003757e-14,5.2047255394427339e-13,2.717071198077135e-13,2.8421709430404007e-14,5.6843418860808015e-13,true,0,6.7501559897209518e-14,1.106844741622393e-14,INCONSISTENT,true,0.09368845693583551
819,0.66749999999999998,10,0.40000000000000002,0.69999999999999996,0.34999999999999998,0.61249999999999993,1.0718749999999999,1.75,-7.2325771361364897,3.4190390418706382,2.6645352591003757e-14,4.7961634663806763e-14,1.8783779327167939e-15,2.6645352591003757e-14,0,1.5536776917933448e-14,0,4.7961634663806763e-14,true,2.8421709430404007e-14,7.460698725481052e-14,2.3971586020705134e-14,INCONSISTENT,true,0.11402199806497082
820,0.66749999999999998,10,-1.2,0.29999999999999999,1,1.75,3.0625,1.75,-0.1474787431082491,-0.1350926361102302,1.7763568394002505e-15,1.5987211554602254e-14,1.6165091241761061e-15,1.7763568394002505e-15,7.1054273576010019e-15,1.3092278833360675e-16,0,8.8817841970012523e-15,true,0,8.8817841970012523e-15,3.6410585824141056e-15,INCONSISTENT,true,0.11116119492529822
821,0.66749999999999998,10,2,-1.5,2.5,4.375,7.65625,1.75,0.71650236684420454,-0.22164015499600465,1.7763568394002505e-15,1.0658141036401503e-14,2.2644195468014703e-15,1.7763568394002505e-15,2.1316282072803006e-14,3.1401849173675502e-15,0,1.0658141036401503e-14,true,0,2.6645352591003757e-14,5.7744861105908982e-15,INCONSISTENT,true,0.10636146419768552
822,0.66749999999999998,10,0.40000000000000002,0.69999999999999996,0.34999999999999998,1.0499999999999998,3.1499999999999999,3,1.1339903035639434,2.2280184001535885,1.7763568394002505e-15,3.3750779948604759e-14,2.494915946531976e-15,1.7763568394002505e-15,1.7763568394002505e-14,2.8951074449790722e-15,0,1.5987211554602254e-14,true,0,1.2434497875801753e-14,8.1554484081583024e-15,INCONSISTENT,true,0.14326645952272141
823,0.66749999999999998,10,-1.2,0.29999999999999999,1,3,9,3,-7.2325771361364897,3.4190390418706382,1.7763568394002505e-15,2.8421709430404007e-14,3.0201331455116262e-15,1.7763568394002505e-15,5.3290705182007514e-15,4.7829871682254532e-15,0,2.3092638912203256e-14,true,0,1.5987211554602254e-14,2.8780597461394647e-15,INCONSISTENT,true,0.13967191510002294
824,0.66749999999999998,10,2,-1.5,2.5,7.5,22.5,3,-0.1474787431082491,-0.1350926361102302,1.7763568394002505e-15,1.7763568394002505e-14,3.972054645195637e-15,1.7763568394002505e-15,3.5527136788005009e-14,1.509620118835668e-15,0,1.7763568394002505e-14,true,0,4.0856207306205761e-14,7.1347044689374854e-15,INCONSISTENT,true,0.1336411452514244
825,0.66749999999999998,10,0.40000000000000002,0.69999999999999996,0.34999999999999998,2.0999999999999996,12.6,6,0.71650236684420454,-0.22164015499600465,1.7763568394002505e-15,1.4210854715202004e-14,9.2388968570518364e-16,1.7763568394002505e-15,7.1054273576010019e-15,2.7755575615628914e-16,0,7.1054273576010019e-15,true,0,2.3092638912203256e-14,3.8425004307412969e-15,INCONSISTENT,true,0.20020471898364484
826,0.66749999999999998,10,-1.2,0.29999999999999999,1,6,36,6,1.1339903035639434,2.2280184001535885,1.7763568394002505e-15,1.5987211554602254e-14,1.6165091241761061e-15,1.7763568394002505e-15,2.6645352591003757e-14,7.5625667354756854e-15,0,1.0658141036401503e-14,true,0,3.907985046680551e-14,4.9966614718203438e-15,INCONSISTENT,true,0.19518159802136414
827,0.66749999999999998,10,2,-1.5,2.5,15,90,6,-7.2325771361364897,3.4190390418706382,1.7763568394002505e-15,3.730349362740526e-14,8.2605368046887562e-15,1.7763568394002505e-15,3.907985046680551e-14,6.4366897348099306e-14,0,1.7763568394002505e-15,true,0,2.8421709430404007e-14,2.2375496926057731e-15,INCONSISTENT,true,0.18675402476508965
828,0.66749999999999998,100,0.40000000000000002,0.69999999999999996,0.34999999999999998,0.4375,0.546875,1.25,-0.1474787431082491,-0.1350926361102302,8.7041485130612273e-14,1.2164491636212915e-11,9.716641530025986e-14,3.0198066269804258e-14,7.545963853772264e-12,1.2195599052823376e-14,5.6843418860808015e-14,1.9710455489985179e-11,true,5.6843418860808015e-14,5.9259264162392356e-12,2.2607811770147565e-13,INCONSISTENT,true,0.10264348815990346
829,0.66749999999999998,100,-1.2,0.29999999999999999,1,1.25,1.5625,1.25,0.71650236684420454,-0.22164015499600465,8.7041485130612273e-14,2.6133761821256485e-11,3.2000471900094077e-13,3.0198066269804258e-14,1.4793499758525286e-11,1.3612733308352393e-13,5.6843418860808015e-14,1.1340262062731199e-11,true,8.5265128291212022e-14,2.6659563445718959e-11,4.2922673526651098e-13,INCONSISTENT,true,0.10239636631326704
830,0.66749999999999998,100,2,-1.5,2.5,3.125,3.90625,1.25,1.1339903035639434,2.2280184001535885,1.7763568394002505e-15,3.1405988920596428e-12,7.7820853049691681e-14,3.0198066269804258e-14,5.7980287238024175e-12,3.5610555380577034e-13,2.8421709430404007e-14,8.9386276158620603e-12,true,2.8421709430404007e-14,4.8601123125990853e-12,1.1875385026995914e-14,INCONSISTENT,true,0.10198144800843804
831,0.66749999999999998,100,0.40000000000000002,0.69999999999999996,0.34999999999999998,0.61249999999999993,1.0718749999999999,1.75,-7.2325771361364897,3.4190390418706382,3.0198066269804258e-14,3.4958702599396929e-12,2.7830802303385864e-14,2.6645352591003757e-14,7.574385563202668e-12,4.8904526531098935e-13,5.6843418860808015e-14,4.0785153032629751e-12,true,5.6843418860808015e-14,4.7180037654470652e-12,1.0091913635509856e-13,INCONSISTENT,true,0.11652782048201202
832,0.66749999999999998,100,-1.2,0.29999999999999999,1,1.75,3.0625,1.75,-0.1474787431082491,-0.1350926361102302,3.0198066269804258e-14,1.3500311979441904e-12,1.599491957855648e-14,2.6645352591003757e-14,4.7037929107318632e-12,1.1505590038518764e-14,5.6843418860808015e-14,6.0538241086760536e-12,true,0,3.737454790098127e-12,6.2429930787749109e-14,INCONSISTENT,true,0.11624727107077149
833,0.66749999999999998,100,2,-1.5,2.5,4.375,7.65625,1.75,0.71650236684420454,-0.22164015499600465,2.6645352591003757e-14,4.7748471843078732e-12,1.171951761352971e-13,2.6645352591003757e-14,7.645439836778678e-12,1.4116676760581249e-13,0,2.8705926524708048e-12,true,0,1.8616219676914625e-12,2.3600415747864854e-14,INCONSISTENT,true,0.11577622778648418
834,0.66749999999999998,100,0.40000000000000002,0.69999999999999996,0.34999999999999998,1.0499999999999998,3.1499999999999999,3,1.1339903035639434,2.2280184001535885,3.0198066269804258e-14,2.5153212845907547e-12,1.9995113591258341e-14,3.0198066269804258e-14,1.0658141036401503e-12,2.0879278190295795e-14,0,1.4495071809506044e-12,true,5.6843418860808015e-14,5.0164317144663073e-12,6.0377158965462386e-14,INCONSISTENT,true,0.14641497745778348
835,0.66749999999999998,100,-1.2,0.29999999999999999,1,3,9,3,-7.2325771361364897,3.4190390418706382,1.7763568394002505e-15,4.6895820560166612e-13,5.7356747587398124e-15,3.0198066269804258e-14,4.4195758164278232e-12,4.320209758710516e-13,2.8421709430404007e-14,3.950617610826157e-12,true,2.8421709430404007e-14,6.2101435105432756e-12,2.4735526981314237e-14,INCONSISTENT,true,0.14606247248877158
836,0.66749999999999998,100,2,-1.5,2.5,7.5,22.5,3,-0.1474787431082491,-0.1350926361102302,1.7763568394002505e-15,4.2632564145606011e-13,1.0480881692492569e-14,1.7763568394002505e-15,5.6843418860808015e-13,2.8453272680791562e-15,0,1.4210854715202004e-13,true,0,0,3.7746302254087991e-15,INCONSISTENT,true,0.14547061561242486
837,0.66749999999999998,100,0.40000000000000002,0.69999999999999996,0.34999999999999998,2.0999999999999996,12.6,6,0.71650236684420454,-0.22164015499600465,3.0198066269804258e-14,3.765876499528531e-12,3.0020449062203262e-14,3.0198066269804258e-14,2.8563817977556027e-12,1.7087789499653902e-14,0,9.0949470177292824e-13,true,0,2.6005864128819667e-12,6.2590928363704432e-14,INCONSISTENT,true,0.20460454955462276
838,0.66749999999999998,100,-1.2,0.29999999999999999,1,6,36,6,1.1339903035639434,2.2280184001535885,3.0198066269804258e-14,5.1869619710487314e-12,6.3238312253722057e-14,2.6645352591003757e-14,5.2011728257639334e-12,1.5921078178632929e-13,5.6843418860808015e-14,1.0388134796812665e-11,true,5.6843418860808015e-14,1.3159251466277055e-11,1.6495232934012974e-14,INCONSISTENT,true,0.20411194885453232
839,0.66749999999999998,100,2,-1.5,2.5,15,90,6,-7.2325771361364897,3.4190390418706382,2.6645352591003757e-14,7.2475359047530219e-12,1.7843822760764238e-13,2.6645352591003757e-14,7.574385563202668e-12,1.4897111383707429e-12,0,3.2684965844964609e-13,true,0,3.2400748750660568e-12,1.6786565139125854e-14,INCONSISTENT,true,0.2032848708350169
840,0.71499999999999997,0.01,0.40000000000000002,0.69999999999999996,0.34999999999999998,0.4375,0.546875,1.25,-0.1474787431082491,-0.1350926361102302,3.3639757646142243e-14,1.1796119636642288e-16,5.098647113631116e-14,3.3639757646142243e-14,2.0643209364124004e-16,1.0098834816307248e-14,0,3.2439329000766293e-16,true,0,1.214306433183765e-16,5.6031328119181473e-16,INCONSISTENT,true,0.0022791350249521916
841,0.71499999999999997,0.01,-1.2,0.29999999999999999,1,1.25,1.5625,1.25,0.71650236684420454,-0.22164015499600465,3.3639757646142243e-14,1.0269562977782698e-15,6.3978233391655699e-14,3.3639757646142243e-14,7.3552275381416621e-16,4.8219639378285597e-14,0,2.9143354396410359e-16,true,0,3.434752482434078e-16,1.9391133570371562e-15,INCONSISTENT,true,0.0010815261312692728
842,0.71499999999999997,0.01,2,-1.5,2.5,3.125,3.90625,1.25,1.1339903035639434,2.2280184001535885,3.3639757646142243e-14,1.7867651802561113e-15,1.5157500525773717e-13,3.3639757646142243e-14,4.2500725161431774e-16,3.8107305188992928e-13,0,1.3617579286417936e-15,true,0,1.1553258350005535e-15,2.1584356741694561e-15,INCONSISTENT,true,0.00056294950985671173
843,0.71499999999999997,0.01,0.40000000000000002,0.69999999999999996,0.34999999999999998,0.61249999999999993,1.0718749999999999,1.75,-7.2325771361364897,3.4190390418706382,3.3639757646142243e-14,6.9388939039072284e-17,5.0875871679325586e-14,3.3639757646142243e-14,1.5612511283791264e-17,4.06202795083895e-13,0,5.377642775528102e-17,true,0,1.1796119636642288e-16,1.7770065590488289e-15,INCONSISTENT,true,0.0026137518948930382
844,0.71499999999999997,0.01,-1.2,0.29999999999999999,1,1.75,3.0625,1.75,-0.1474787431082491,-0.1350926361102302,3.3639757646142243e-14,5.9501015226004483e-16,6.4409108198264888e-14,3.3639757646142243e-14,6.1409211049578971e-16,1.2892098877089911e-14,0,1.9081958235744878e-17,true,0,7.2858385991025898e-17,4.7844830745231604e-16,INCONSISTENT,true,0.001240313076686921
845,0.71499999999999997,0.01,2,-1.5,2.5,4.375,7.65625,1.75,0.71650236684420454,-0.22164015499600465,3.3639757646142243e-14,1.5508427875232655e-15,1.5174340500494943e-13,3.3639757646142243e-14,1.5421691701433815e-15,1.1392359778258835e-13,0,8.6736173798840355e-18,true,0,6.3317406873153459e-16,1.9745290409359463e-15,INCONSISTENT,true,0.00064560034048394331
846,0.71499999999999997,0.01,0.40000000000000002,0.69999999999999996,0.34999999999999998,1.0499999999999998,3.1499999999999999,3,1.1339903035639434,2.2280184001535885,3.3639757646142243e-14,5.2041704279304213e-17,5.0654678315390504e-14,3.3639757646142243e-14,1.1622647289044608e-16,1.2654302358837447e-13,0,6.4184768611141862e-17,true,0,2.6020852139652106e-16,0,INCONSISTENT,true,0.0033495310349138303
847,0.71499999999999997,0.01,-1.2,0.29999999999999999,1,3,9,3,-7.2325771361364897,3.4190390418706382,3.3639757646142243e-14,5.9674487573602164e-16,6.4409108198264888e-14,3.3639757646142243e-14,6.5225602696727947e-16,5.1549939751397979e-13,0,5.5511151231257827e-17,true,0,1.0234868508263162e-16,9.5035902272818265e-16,INCONSISTENT,true,0.0015894649953145401
848,0.71499999999999997,0.01,2,-1.5,2.5,7.5,22.5,3,-0.1474787431082491,-0.1350926361102302,3.3639757646142243e-14,8.3787143889679783e-16,1.5208353540432991e-13,3.3639757646142243e-14,1.0651202142497596e-15,3.042174425663252e-14,0,2.2724877535296173e-16,true,0,4.0419056990259605e-16,4.5962009727820766e-16,INCONSISTENT,true,0.00082733880779799652
849,0.71499999999999997,0.01,0.40000000000000002,0.69999999999999996,0.34999999999999998,2.0999999999999996,12.6,6,0.71650236684420454,-0.22164015499600465,3.3639757646142243e-14,2.5326962749261384e-16,5.0332821307276805e-14,3.3639757646142243e-14,2.445960101127298e-16,3.7789886385370092e-14,0,8.6736173798840355e-18,true,5.6843418860808015e-14,7.1991024253037494e-16,8.9115065970753256e-16,INCONSISTENT,true,0.0048253778896172163
850,0.71499999999999997,0.01,-1.2,0.29999999999999999,1,6,36,6,1.1339903035639434,2.2280184001535885,3.3639757646142243e-14,7.5286998857393428e-16,6.4301372639285109e-14,3.3639757646142243e-14,7.5980888247784151e-16,1.6079770596855601e-13,0,6.9388939039072284e-18,true,5.6843418860808015e-14,1.4276774207289122e-15,1.8501306667434739e-15,INCONSISTENT,true,0.0022898039053126928
851,0.71499999999999997,0.01,2,-1.5,2.5,15,90,6,-7.2325771361364897,3.4190390418706382,3.3639757646142243e-14,1.1431827706687159e-15,1.5191291629272933e-13,3.3639757646142243e-14,8.9338259012805565e-16,1.2128082012370534e-12,0,2.4980018054066022e-16,true,5.6843418860808015e-14,1.9047263766225342e-15,8.9481035089540818e-16,INCONSISTENT,true,0.0011918750263124832
852,0.71499999999999997,0.10000000000000001,0.40000000000000002,0.69999999999999996,0.34999999999999998,0.4375,0.546875,1.25,-0.1474787431082491,-0.1350926361102302,3.3639757646142243e-14,1.457167719820518e-15,4.8336572007930877e-14,3.3639757646142243e-14,1.0685896612017132e-15,9.5687221139041943e-15,0,3.8857805861880479e-16,true,0,9.298117831235686e-16,3.8189137705398156e-15,INCONSISTENT,true,0.02065143909603185
853,0.71499999999999997,0.10000000000000001,-1.2,0.29999999999999999,1,1.25,1.5625,1.25,0.71650236684420454,-0.22164015499600465,3.3639757646142243e-14,2.6367796834847468e-15,5.9635436256059517e-14,3.3639757646142243e-14,3.2474023470285829e-15,4.429845518181743e-14,0,6.106226635438361e-16,true,0,5.6898930012039273e-16,5.5942992213398433e-16,INCONSISTENT,true,0.01035020864321624
854,0.71499999999999997,0.10000000000000001,2,-1.5,2.5,3.125,3.90625,1.25,1.1339903035639434,2.2280184001535885,3.3639757646142243e-14,6.6197047843274959e-15,1.4473902248357836e-13,3.3639757646142243e-14,7.2025718722557031e-15,3.6090439108531522e-13,0,5.8286708792820718e-16,true,0,1.3600232051658168e-15,4.4212691199560986e-15,INCONSISTENT,true,0.0055063722718520745
855,0.71499999999999997,0.10000000000000001,0.40000000000000002,0.69999999999999996,0.34999999999999998,0.61249999999999993,1.0718749999999999,1.75,-7.2325771361364897,3.4190390418706382,3.3639757646142243e-14,6.5225602696727947e-16,4.7069266536809466e-14,3.3639757646142243e-14,5.134781488891349e-16,3.7528691396019243e-13,0,1.3877787807814457e-16,true,0,1.27675647831893e-15,1.0214665827926e-15,INCONSISTENT,true,0.023683431424007955
856,0.71499999999999997,0.10000000000000001,-1.2,0.29999999999999999,1,1.75,3.0625,1.75,-0.1474787431082491,-0.1350926361102302,3.3639757646142243e-14,3.6498581934552021e-15,5.858425567483929e-14,3.3639757646142243e-14,3.0114799542957371e-15,1.1833066488690433e-14,0,6.3837823915946501e-16,true,0,7.3552275381416621e-16,1.3564626905302408e-15,INCONSISTENT,true,0.011869800234545258
857,0.71499999999999997,0.10000000000000001,2,-1.5,2.5,4.375,7.65625,1.75,0.71650236684420454,-0.22164015499600465,3.3639757646142243e-14,6.5225602696727947e-15,1.448243275026559e-13,3.3639757646142243e-14,7.0915495697931874e-15,1.0879732479634452e-13,0,5.6898930012039273e-16,true,0,8.1878948066105295e-16,3.5923368299162319e-16,INCONSISTENT,true,0.0063148039944842084
858,0.71499999999999997,0.10000000000000001,0.40000000000000002,0.69999999999999996,0.34999999999999998,1.0499999999999998,3.1499999999999999,3,1.1339903035639434,2.2280184001535885,3.3639757646142243e-14,5.5511151231257827e-16,4.523722888555806e-14,3.3639757646142243e-14,5.6898930012039273e-16,1.1300565273004729e-13,0,1.3877787807814457e-17,true,5.6843418860808015e-14,2.8727020762175925e-15,9.194330226958776e-16,INCONSISTENT,true,0.030350389691901864
859,0.71499999999999997,0.10000000000000001,-1.2,0.29999999999999999,1,3,9,3,-7.2325771361364897,3.4190390418706382,3.3639757646142243e-14,4.3715031594615539e-15,5.7797132630919936e-14,3.3639757646142243e-14,4.4686476741162551e-15,4.6256362795383155e-13,0,9.7144514654701197e-17,true,0,2.3731017151362721e-15,2.2460414120160783e-15,INCONSISTENT,true,0.015211185247349952
860,0.71499999999999997,0.10000000000000001,2,-1.5,2.5,7.5,22.5,3,-0.1474787431082491,-0.1350926361102302,3.3639757646142243e-14,6.9666494795228573e-15,1.4456928455986697e-13,3.3639757646142243e-14,7.2025718722557031e-15,2.8954693107944943e-14,0,2.3592239273284576e-16,true,0,3.0947466811426239e-15,2.4142590454847622e-15,INCONSISTENT,true,0.0080924406024327419
861,0.71499999999999997,0.10000000000000001,0.40000000000000002,0.69999999999999996,0.34999999999999998,2.0999999999999996,12.6,6,0.71650236684420454,-0.22164015499600465,3.3639757646142243e-14,2.3314683517128287e-15,4.2545884414293335e-14,3.3639757646142243e-14,2.3592239273284576e-15,3.1893608151406664e-14,0,2.7755575615628914e-17,true,5.6843418860808015e-14,7.1748162966400741e-15,3.6361356809663641e-16,INCONSISTENT,true,0.04372316537271792
862,0.71499999999999997,0.10000000000000001,-1.2,0.29999999999999999,1,6,36,6,1.1339903035639434,2.2280184001535885,3.3639757646142243e-14,5.8009153036664429e-15,5.6256245180556458e-14,3.3639757646142243e-14,5.7454041524351851e-15,1.4079519056877905e-13,0,5.5511151231257827e-17,true,5.6843418860808015e-14,1.3045120539345589e-14,9.4083752898767232e-16,INCONSISTENT,true,0.021913430925813177
863,0.71499999999999997,0.10000000000000001,2,-1.5,2.5,15,90,6,-7.2325771361364897,3.4190390418706382,3.3639757646142243e-14,8.8679064091934379e-15,1.4324355440667376e-13,3.3639757646142243e-14,8.7985174701543656e-15,1.1464040597006824e-12,0,6.9388939039072284e-17,true,5.6843418860808015e-14,1.8388068845354155e-14,1.0874124722731391e-16,INCONSISTENT,true,0.011658074980945236
864,0.71499999999999997,1,0.40000000000000002,0.69999999999999996,0.34999999999999998,0.4375,0.546875,1.25,-0.1474787431082491,-0.1350926361102302,5.2180482157382357e-15,1.5543122344752192e-15,3.8475275079637899e-15,5.2180482157382357e-15,3.6637359812630166e-15,1.0275421858793402e-15,0,2.1094237467877974e-15,true,0,1.2212453270876722e-15,1.7766638941531618e-15,INCONSISTENT,true,0.08202596692389677
865,0.71499999999999997,1,-1.2,0.29999999999999999,1,1.25,1.5625,1.25,0.71650236684420454,-0.22164015499600465,2.3203661214665772e-14,2.0539125955565396e-14,1.4625581913867427e-14,2.3203661214665772e-14,2.0095036745715333e-14,1.1177608301970899e-14,0,4.4408920985006262e-16,true,0,2.2204460492503131e-16,2.5660355490623128e-15,INCONSISTENT,true,0.062608311316718748
866,0.71499999999999997,1,2,-1.5,2.5,3.125,3.90625,1.25,1.1339903035639434,2.2280184001535885,3.3639757646142243e-14,5.6177285046032921e-14,9.7606726983103776e-14,3.3639757646142243e-14,5.7509552675583109e-14,2.4354234486379867e-13,0,1.3322676295501878e-15,true,0,3.1086244689504383e-15,2.7273905037191753e-15,INCONSISTENT,true,0.042420162542097635
867,0.71499999999999997,1,0.40000000000000002,0.69999999999999996,0.34999999999999998,0.61249999999999993,1.0718749999999999,1.75,-7.2325771361364897,3.4190390418706382,5.2180482157382357e-15,5.5511151231257827e-16,3.1441076983065966e-15,5.2180482157382357e-15,1.1102230246251565e-15,2.7708462173248621e-14,0,5.5511151231257827e-16,true,0,2.1094237467877974e-15,4.6689767237786005e-16,INCONSISTENT,true,0.09406881300603244
868,0.71499999999999997,1,-1.2,0.29999999999999999,1,1.75,3.0625,1.75,-0.1474787431082491,-0.1350926361102302,2.3203661214665772e-14,2.3425705819590803e-14,1.3413152936013144e-14,2.3203661214665772e-14,2.1538326677728037e-14,2.8275290246326904e-15,0,1.8873791418627661e-15,true,0,6.3282712403633923e-15,2.6680395245905161e-15,INCONSISTENT,true,0.071800306058452057
869,0.71499999999999997,1,2,-1.5,2.5,4.375,7.65625,1.75,0.71650236684420454,-0.22164015499600465,3.3639757646142243e-14,6.1950444774083735e-14,9.7159422220049319e-14,3.3639757646142243e-14,6.1728400169158704e-14,7.267238711529259e-14,0,2.2204460492503131e-16,true,0,1.2434497875801753e-14,2.2216081137750538e-15,INCONSISTENT,true,0.048648184075180151
870,0.71499999999999997,1,0.40000000000000002,0.69999999999999996,0.34999999999999998,1.0499999999999998,3.1499999999999999,3,1.1339903035639434,2.2280184001535885,5.2180482157382357e-15,2.2204460492503131e-16,2.6737711109153341e-15,5.2180482157382357e-15,3.3306690738754696e-16,7.5885997444280754e-15,0,5.5511151231257827e-16,true,0,5.5511151231257827e-15,1.9916754047462168e-15,INCONSISTENT,true,0.12054947112493404
871,0.71499999999999997,1,-1.2,0.29999999999999999,1,3,9,3,-7.2325771361364897,3.4190390418706382,2.3203661214665772e-14,2.9198865547641617e-14,1.1840542871323836e-14,2.3203661214665772e-14,2.9198865547641617e-14,9.4146912488213275e-14,0,0,true,2.8421709430404007e-14,3.985700658404312e-14,0,INCONSISTENT,true,0.092012311470324265
872,0.71499999999999997,1,2,-1.5,2.5,7.5,22.5,3,-0.1474787431082491,-0.1350926361102302,3.3639757646142243e-14,7.3496764230185363e-14,9.7218015333851273e-14,3.3639757646142243e-14,7.2386541205560206e-14,1.9458776684117443e-14,0,1.1102230246251565e-15,true,5.6843418860808015e-14,1.4122036873231991e-13,5.6880039904718581e-16,INCONSISTENT,true,0.062342796449181941
873,0.71499999999999997,1,0.40000000000000002,0.69999999999999996,0.34999999999999998,2.0999999999999996,12.6,6,0.71650236684420454,-0.22164015499600465,5.2180482157382357e-15,3.3306690738754696e-15,8.4552066524511512e-16,5.2180482157382357e-15,2.4424906541753444e-15,1.0663343936900019e-15,0,8.8817841970012523e-16,true,0,7.3274719625260332e-15,0,INCONSISTENT,true,0.17366513297178127
874,0.71499999999999997,1,-1.2,0.29999999999999999,1,6,36,6,1.1339903035639434,2.2280184001535885,2.3203661214665772e-14,4.0412118096355698e-14,1.2867216636521313e-14,2.3203661214665772e-14,3.985700658404312e-14,3.0901717197755122e-14,0,5.5511151231257827e-16,true,2.8421709430404007e-14,5.6399329650957952e-14,1.9182861498326129e-15,INCONSISTENT,true,0.13255413032856975
875,0.71499999999999997,1,2,-1.5,2.5,15,90,6,-7.2325771361364897,3.4190390418706382,2.3203661214665772e-14,6.106226635438361e-14,6.7816726412036986e-14,2.3203661214665772e-14,6.1506355564233672e-14,5.4212361952707811e-13,0,4.4408920985006262e-16,true,2.8421709430404007e-14,8.1934459217336553e-14,1.102065616816384e-15,INCONSISTENT,true,0.089811841845073043
876,0.71499999999999997,10,0.40000000000000002,0.69999999999999996,0.34999999999999998,0.4375,0.546875,1.25,-0.1474787431082491,-0.1350926361102302,5.2180482157382357e-15,1.9539925233402755e-14,1.2325475812854657e-15,5.2180482157382357e-15,1.794120407794253e-13,2.9083237918100646e-15,0,1.9895196601282805e-13,true,0,7.1054273576010019e-15,7.0438878059345641e-15,INCONSISTENT,true,0.10141977687483578
877,0.71499999999999997,10,-1.2,0.29999999999999999,1,1.25,1.5625,1.25,0.71650236684420454,-0.22164015499600465,5.2180482157382357e-15,5.3290705182007514e-14,5.5068069270988305e-15,5.2180482157382357e-15,1.2434497875801753e-14,5.5788016545937291e-16,0,4.0856207306205761e-14,true,0,5.1514348342607263e-14,1.1368299287441998e-14,INCONSISTENT,true,0.099042175897775281
878,0.71499999999999997,10,2,-1.5,2.5,3.125,3.90625,1.25,1.1339903035639434,2.2280184001535885,5.2180482157382357e-15,8.8817841970012523e-15,3.4684476073050936e-15,5.2180482157382357e-15,1.0480505352461478e-13,5.3622737710141096e-14,0,9.5923269327613525e-14,true,0,4.2632564145606011e-14,6.8102696141175867e-15,INCONSISTENT,true,0.094760840038464911
879,0.71499999999999997,10,0.40000000000000002,0.69999999999999996,0.34999999999999998,0.61249999999999993,1.0718749999999999,1.75,-7.2325771361364897,3.4190390418706382,5.2180482157382357e-15,2.6645352591003757e-14,1.7554167342883505e-15,5.2180482157382357e-15,1.5987211554602254e-14,1.2346957922256014e-14,0,4.2632564145606011e-14,true,0,1.2434497875801753e-14,3.2538052147433626e-15,INCONSISTENT,true,0.11630997333813789
880,0.71499999999999997,10,-1.2,0.29999999999999999,1,1.75,3.0625,1.75,-0.1474787431082491,-0.1350926361102302,5.2180482157382357e-15,4.2632564145606011e-14,4.335559509131367e-15,5.2180482157382357e-15,6.5725203057809267e-14,1.3653937842860002e-15,0,2.3092638912203256e-14,true,0,4.0856207306205761e-14,5.6484917939411208e-15,INCONSISTENT,true,0.11358329896780071
881,0.71499999999999997,10,2,-1.5,2.5,4.375,7.65625,1.75,0.71650236684420454,-0.22164015499600465,5.2180482157382357e-15,6.9277916736609768e-14,1.4052108216852535e-14,5.2180482157382357e-15,1.0302869668521453e-13,1.5900626406633618e-14,0,3.3750779948604759e-14,true,0,4.2632564145606011e-14,6.4290941935376583e-15,INCONSISTENT,true,0.10867338814967462
882,0.71499999999999997,10,0.40000000000000002,0.69999999999999996,0.34999999999999998,1.0499999999999998,3.1499999999999999,3,1.1339903035639434,2.2280184001535885,5.2180482157382357e-15,3.3750779948604759e-14,2.9893669801409084e-15,5.2180482157382357e-15,7.1054273576010019e-15,2.4017796254920329e-15,0,2.6645352591003757e-14,true,0,8.5265128291212022e-14,1.1353597855412716e-14,INCONSISTENT,true,0.14905158600831739
883,0.71499999999999997,10,-1.2,0.29999999999999999,1,3,9,3,-7.2325771361364897,3.4190390418706382,5.2180482157382357e-15,6.5725203057809267e-14,6.9235558742470291e-15,5.2180482157382357e-15,5.3290705182007514e-14,4.4701058968718213e-14,0,1.2434497875801753e-14,true,0,3.907985046680551e-14,1.8571545425094097e-15,INCONSISTENT,true,0.14555734447627483
884,0.71499999999999997,10,2,-1.5,2.5,7.5,22.5,3,-0.1474787431082491,-0.1350926361102302,5.2180482157382357e-15,1.1901590823981678e-13,2.483030610437167e-14,5.2180482157382357e-15,1.3322676295501878e-13,5.6727569001123157e-15,0,1.4210854715202004e-14,true,0,3.3750779948604759e-14,3.2498941782819738e-15,INCONSISTENT,true,0.13926527876946343
885,0.71499999999999997,10,0.40000000000000002,0.69999999999999996,0.34999999999999998,2.0999999999999996,12.6,6,0.71650236684420454,-0.22164015499600465,5.2180482157382357e-15,5.1514348342607263e-14,3.7258694339902999e-15,5.2180482157382357e-15,4.0856207306205761e-14,2.0984389971707484e-15,0,1.0658141036401503e-14,true,0,6.0396132539608516e-14,5.7863054304231939e-15,INCONSISTENT,true,0.21472564966261848
886,0.71499999999999997,10,-1.2,0.29999999999999999,1,6,36,6,1.1339903035639434,2.2280184001535885,5.2180482157382357e-15,8.7041485130612273e-14,9.4857496805350946e-15,5.2180482157382357e-15,7.1054273576010019e-14,1.9178279303923403e-14,0,1.5987211554602254e-14,true,0,7.460698725481052e-14,9.7983999593351883e-16,INCONSISTENT,true,0.20969179995235024
887,0.71499999999999997,10,2,-1.5,2.5,15,90,6,-7.2325771361364897,3.4190390418706382,5.2180482157382357e-15,1.3145040611561853e-13,2.781147456661013e-14,5.2180482157382357e-15,1.3677947663381929e-13,2.3523150158051249e-13,0,5.3290705182007514e-15,true,0,7.638334409421077e-14,2.6844310526862247e-15,INCONSISTENT,true,0.2006273684169553
888,0.71499999999999997,100,0.40000000000000002,0.69999999999999996,0.34999999999999998,0.4375,0.546875,1.25,-0.1474787431082491,-0.1350926361102302,2.2215562722749382e-13,2.8279600883251987e-11,2.2585503735868979e-13,5.2180482157382357e-15,9.7060137704829685e-12,1.5609519562888756e-14,2.2737367544323206e-13,1.8573587112769019e-11,true,1.1368683772161603e-13,1.8474111129762605e-11,5.3760508053903559e-13,INCONSISTENT,true,0.10327341127879987
889,0.71499999999999997,100,-1.2,0.29999999999999999,1,1.25,1.5625,1.25,0.71650236684420454,-0.22164015499600465,5.2180482157382357e-15,3.3963942769332789e-12,4.1980672839081091e-14,5.2180482157382357e-15,4.4337866711430252e-12,4.0883501228432471e-14,0,7.830180948076304e-12,true,0,4.3200998334214091e-12,9.2370760231159587e-14,INCONSISTENT,true,0.10304664313942506
890,0.71499999999999997,100,2,-1.5,2.5,3.125,3.90625,1.25,1.1339903035639434,2.2280184001535885,5.1625370645069779e-14,1.1652900866465643e-11,2.8626260529220333e-13,5.2180482157382357e-15,3.1974423109204508e-12,1.9845223366714747e-13,5.6843418860808015e-14,1.4850343177386094e-11,true,0,1.4210854715202004e-13,4.5838939367904928e-14,INCONSISTENT,true,0.10264654845335613
891,0.71499999999999997,100,0.40000000000000002,0.69999999999999996,0.34999999999999998,0.61249999999999993,1.0718749999999999,1.75,-7.2325771361364897,3.4190390418706382,5.2180482157382357e-15,1.4068746168049984e-12,1.1264387587084046e-14,6.2061467076546251e-14,1.3500311979441904e-12,8.9934369743891761e-14,5.6843418860808015e-14,5.6843418860808015e-14,true,5.6843418860808015e-14,3.936406756110955e-12,1.4872770348941928e-13,INCONSISTENT,true,0.11843575368115236
892,0.71499999999999997,100,-1.2,0.29999999999999999,1,1.75,3.0625,1.75,-0.1474787431082491,-0.1350926361102302,5.2180482157382357e-15,1.9895196601282805e-12,2.4558775740008701e-14,5.2180482157382357e-15,3.865352482534945e-12,9.5104470734148135e-15,0,1.8758328224066645e-12,true,0,2.4158453015843406e-12,5.6866430814594722e-14,INCONSISTENT,true,0.11817569201435112
893,0.71499999999999997,100,2,-1.5,2.5,4.375,7.65625,1.75,0.71650236684420454,-0.22164015499600465,2.3203661214665772e-14,8.4554585555451922e-12,2.0797615632081451e-13,5.2180482157382357e-15,1.7621459846850485e-12,3.258083724504366e-14,2.8421709430404007e-14,6.6933125708601438e-12,true,2.8421709430404007e-14,8.5123019744060002e-12,7.2944893092753507e-14,INCONSISTENT,true,0.11771685643320871
894,0.71499999999999997,100,0.40000000000000002,0.69999999999999996,0.34999999999999998,1.0499999999999998,3.1499999999999999,3,1.1339903035639434,2.2280184001535885,2.3203661214665772e-14,3.993250174971763e-12,3.1810602126652115e-14,5.2180482157382357e-15,3.1832314562052488e-12,6.3866297200153968e-14,2.8421709430404007e-14,8.1001871876651421e-13,true,2.8421709430404007e-14,2.1174173525650986e-12,5.1328514430903945e-14,INCONSISTENT,true,0.15177578000936803
895,0.71499999999999997,100,-1.2,0.29999999999999999,1,3,9,3,-7.2325771361364897,3.4190390418706382,5.2180482157382357e-15,1.2363443602225743e-12,1.513328059433826e-14,5.2180482157382357e-15,1.9184653865522705e-12,1.9048062493265611e-13,0,6.8212102632969618e-13,true,0,4.2632564145606011e-14,1.3482407822639514e-14,INCONSISTENT,true,0.15144251018913304
896,0.71499999999999997,100,2,-1.5,2.5,7.5,22.5,3,-0.1474787431082491,-0.1350926361102302,5.2180482157382357e-15,7.2475359047530219e-13,1.825228262536356e-14,5.2180482157382357e-15,1.3358203432289883e-12,6.6314918645911149e-15,0,6.1106675275368616e-13,true,0,3.979039320256561e-13,8.0518126466419529e-15,INCONSISTENT,true,0.15085451099076669
897,0.71499999999999997,100,0.40000000000000002,0.69999999999999996,0.34999999999999998,2.0999999999999996,12.6,6,0.71650236684420454,-0.22164015499600465,5.2180482157382357e-15,1.7053025658242404e-13,1.2947314098277875e-15,5.2180482157382357e-15,2.1032064978498966e-12,1.2610320521230429e-14,0,1.9326762412674725e-12,true,0,1.0516032489249483e-12,3.7401784708842425e-14,INCONSISTENT,true,0.21865015890357431
898,0.71499999999999997,100,-1.2,0.29999999999999999,1,6,36,6,1.1339903035639434,2.2280184001535885,5.2180482157382357e-15,1.3784529073745944e-12,1.6964265943032738e-14,5.2180482157382357e-15,9.6633812063373625e-13,2.9577808300989817e-14,0,4.1211478674085811e-13,true,0,2.2737367544323206e-13,2.1580824710809611e-14,INCONSISTENT,true,0.21817004607443288
899,0.71499999999999997,100,2,-1.5,2.5,15,90,6,-7.2325771361364897,3.4190390418706382,5.2180482157382357e-15,1.0373923942097463e-12,2.6157005254032787e-14,5.2180482157382357e-15,1.1368683772161603e-12,2.2801807941763402e-13,0,9.9475983006414026e-14,true,0,9.6633812063373625e-13,2.27442692577452e-14,INCONSISTENT,true,0.21732296679637789
900,0.76250000000000007,0.01,0.40000000000000002,0.69999999999999996,0.34999999999999998,0.4375,0.546875,1.25,-0.1474787431082491,-0.1350926361102302,6.6280314570121845e-14,3.2092384305570931e-16,1.0070109935095478e-13,6.6280314570121845e-14,3.2786273695961654e-16,2.0122133115612578e-14,0,6.9388939039072284e-18,true,1.1368683772161603e-13,3.7470027081099033e-16,1.5195767456155175e-15,INCONSISTENT,true,0.0024120070554008968
901,0.76250000000000007,0.01,-1.2,0.29999999999999999,1,1.25,1.5625,1.25,0.71650236684420454,-0.22164015499600465,6.6280314570121845e-14,4.6143644460983069e-16,1.2774524708595713e-13,6.6280314570121845e-14,8.6042284408449632e-16,9.5600775388118086e-14,0,3.9898639947466563e-16,true,1.1368683772161603e-13,9.1766871879173095e-16,1.3354259898248617e-15,INCONSISTENT,true,0.0010885219841947683
902,0.76250000000000007,0.01,2,-1.5,2.5,3.125,3.90625,1.25,1.1339903035639434,2.2280184001535885,6.6280314570121845e-14,2.3175905639050143e-15,2.9938464374799949e-13,6.6280314570121845e-14,2.8067825841304739e-15,7.4734659397890153e-13,0,4.891920202254596e-16,true,1.1368683772161603e-13,3.1467883854219281e-15,4.1389955031104482e-15,INCONSISTENT,true,0.00054232126857642251
903,0.76250000000000007,0.01,0.40000000000000002,0.69999999999999996,0.34999999999999998,0.61249999999999993,1.0718749999999999,1.75,-7.2325771361364897,3.4190390418706382,4.7406523151494184e-14,6.9388939039072284e-18,7.1631951764183685e-14,4.7406523151494184e-14,0,5.7442849171562859e-13,0,6.9388939039072284e-18,true,0,1.457167719820518e-16,4.6312331594476033e-17,INCONSISTENT,true,0.0027946702232857284
904,0.76250000000000007,0.01,-1.2,0.29999999999999999,1,1.75,3.0625,1.75,-0.1474787431082491,-0.1350926361102302,4.7406523151494184e-14,4.0419056990259605e-16,9.1286007984740294e-14,4.7406523151494184e-14,1.7520707107365752e-16,1.8311681851605933e-14,0,2.2898349882893854e-16,true,0,2.9143354396410359e-16,9.2431402403346956e-16,INCONSISTENT,true,0.0012612152065684975
905,0.76250000000000007,0.01,2,-1.5,2.5,4.375,7.65625,1.75,0.71650236684420454,-0.22164015499600465,4.7406523151494184e-14,1.474514954580286e-16,2.1499628682616438e-13,4.7406523151494184e-14,5.377642775528102e-16,1.611560521734718e-13,0,3.903127820947816e-16,true,0,7.3725747729014302e-16,1.0858959352293168e-15,INCONSISTENT,true,0.00062836014403376929
906,0.76250000000000007,0.01,0.40000000000000002,0.69999999999999996,0.34999999999999998,1.0499999999999998,3.1499999999999999,3,1.1339903035639434,2.2280184001535885,4.7406523151494184e-14,1.3357370765021415e-16,7.1410840364944822e-14,4.7406523151494184e-14,1.9255430583342559e-16,1.7841460175902709e-13,0,5.8980598183211441e-17,true,5.6843418860808015e-14,2.0122792321330962e-16,4.6886663940334336e-16,INCONSISTENT,true,0.0036542192729971472
907,0.76250000000000007,0.01,-1.2,0.29999999999999999,1,3,9,3,-7.2325771361364897,3.4190390418706382,4.7406523151494184e-14,6.8174632605888519e-16,9.0906607663965102e-14,4.7406523151494184e-14,8.7777007884426439e-16,7.2560480581616387e-13,0,1.960237527853792e-16,true,5.6843418860808015e-14,8.2052420413702976e-16,4.4408920985006262e-16,INCONSISTENT,true,0.0016491237058453723
908,0.76250000000000007,0.01,2,-1.5,2.5,7.5,22.5,3,-0.1474787431082491,-0.1350926361102302,4.7406523151494184e-14,1.2993078835066285e-15,2.1398292381976416e-13,4.7406523151494184e-14,1.1171619185290638e-15,4.2822274969098559e-14,0,1.8214596497756474e-16,true,5.6843418860808015e-14,1.8405416080113923e-15,1.2737500648293542e-15,INCONSISTENT,true,0.00082162314880083131
909,0.76250000000000007,0.01,0.40000000000000002,0.69999999999999996,0.34999999999999998,2.0999999999999996,12.6,6,0.71650236684420454,-0.22164015499600465,9.4368957093138306e-15,5.377642775528102e-17,1.408813525136879e-14,9.4368957093138306e-15,6.9388939039072284e-18,1.0639186784500125e-14,0,6.0715321659188248e-17,true,0,1.457167719820518e-16,1.3503266526355375e-16,INCONSISTENT,true,0.005430505542847467
910,0.76250000000000007,0.01,-1.2,0.29999999999999999,1,6,36,6,1.1339903035639434,2.2280184001535885,9.4368957093138306e-15,1.9775847626135601e-16,1.8148750957599579e-14,9.4368957093138306e-15,1.4224732503009818e-16,4.5327565869436727e-14,0,5.5511151231257827e-17,true,0,1.1622647289044608e-16,9.0755751322600423e-16,INCONSISTENT,true,0.0024507493273901631
911,0.76250000000000007,0.01,2,-1.5,2.5,15,90,6,-7.2325771361364897,3.4190390418706382,9.4368957093138306e-15,8.1532003370909933e-17,4.2803381319421482e-14,9.4368957093138306e-15,1.4918621893400541e-16,3.4152279280065322e-13,0,6.7654215563095477e-17,true,0,4.9613091412936683e-16,9.1078637194908303e-16,INCONSISTENT,true,0.0012210074793995622
912,0.76250000000000007,0.10000000000000001,0.40000000000000002,0.69999999999999996,0.34999999999999998,0.4375,0.546875,1.25,-0.1474787431082491,-0.1350926361102302,4.7406523151494184e-14,1.5126788710517758e-15,6.7857063772130951e-14,4.7406523151494184e-14,1.6237011735142914e-15,1.3587658344756149e-14,0,1.1102230246251565e-16,true,0,6.5225602696727947e-16,9.4827629947840219e-16,INCONSISTENT,true,0.021982738102475047
913,0.76250000000000007,0.10000000000000001,-1.2,0.29999999999999999,1,1.25,1.5625,1.25,0.71650236684420454,-0.22164015499600465,4.7406523151494184e-14,4.2188474935755949e-15,8.3765738618478249e-14,4.7406523151494184e-14,4.3715031594615539e-15,6.2764826529307029e-14,0,1.5265566588595902e-16,true,0,1.3877787807814457e-16,2.3048603502831511e-15,INCONSISTENT,true,0.010478262643775122
914,0.76250000000000007,0.10000000000000001,2,-1.5,2.5,3.125,3.90625,1.25,1.1339903035639434,2.2280184001535885,4.7406523151494184e-14,7.7715611723760958e-15,2.0569493610711285e-13,6.6280314570121845e-14,1.4155343563970746e-14,7.1380112444720141e-13,1.1368683772161603e-13,2.1926904736346842e-14,true,0,1.429412144204889e-15,1.9509413101521664e-15,INCONSISTENT,true,0.0053260713742809872
915,0.76250000000000007,0.10000000000000001,0.40000000000000002,0.69999999999999996,0.34999999999999998,0.61249999999999993,1.0718749999999999,1.75,-7.2325771361364897,3.4190390418706382,4.7406523151494184e-14,3.1918911957973251e-16,6.6030648558894049e-14,4.7406523151494184e-14,6.9388939039072284e-17,5.2566376620045089e-13,0,2.4980018054066022e-16,true,5.6843418860808015e-14,5.5511151231257827e-17,9.8111788379178206e-16,INCONSISTENT,true,0.025470283539902827
916,0.76250000000000007,0.10000000000000001,-1.2,0.29999999999999999,1,1.75,3.0625,1.75,-0.1474787431082491,-0.1350926361102302,4.7406523151494184e-14,4.7739590058881731e-15,8.3110278975645761e-14,4.7406523151494184e-14,4.5102810375396984e-15,1.6684570031220561e-14,0,2.6367796834847468e-16,true,0,1.6653345369377348e-15,4.6215701201673488e-16,INCONSISTENT,true,0.012140631403531906
917,0.76250000000000007,0.10000000000000001,2,-1.5,2.5,4.375,7.65625,1.75,0.71650236684420454,-0.22164015499600465,4.7406523151494184e-14,9.2703622556200571e-15,2.0488124400917753e-13,4.7406523151494184e-14,9.4368957093138306e-15,1.5351104788147102e-13,0,1.6653345369377348e-16,true,0,1.0824674490095276e-15,6.6859033461323631e-16,INCONSISTENT,true,0.0061710487303434057
918,0.76250000000000007,0.10000000000000001,0.40000000000000002,0.69999999999999996,0.34999999999999998,1.0499999999999998,3.1499999999999999,3,1.1339903035639434,2.2280184001535885,9.4368957093138306e-15,4.3021142204224816e-16,1.2468773378912247e-14,9.4368957093138306e-15,4.9960036108132044e-16,3.0831435107554097e-14,0,6.9388939039072284e-17,true,0,6.3837823915946501e-16,1.4065999182100301e-15,INCONSISTENT,true,0.03330410873695102
919,0.76250000000000007,0.10000000000000001,-1.2,0.29999999999999999,1,3,9,3,-7.2325771361364897,3.4190390418706382,4.7406523151494184e-14,6.2866378769399489e-15,8.1554647594986467e-14,4.7406523151494184e-14,6.4254157550180935e-15,6.5091299408088538e-13,0,1.3877787807814457e-16,true,5.6843418860808015e-14,8.174017018802715e-15,4.471168632579719e-16,INCONSISTENT,true,0.015874692080480271
920,0.76250000000000007,0.10000000000000001,2,-1.5,2.5,7.5,22.5,3,-0.1474787431082491,-0.1350926361102302,4.7406523151494184e-14,1.0824674490095276e-14,2.0370145023993209e-13,4.7406523151494184e-14,1.0436096431476471e-14,4.0806171377349885e-14,0,3.8857805861880479e-16,true,5.6843418860808015e-14,1.3572476476042539e-14,1.8221144495586228e-15,INCONSISTENT,true,0.0080690612499213984
921,0.76250000000000007,0.10000000000000001,0.40000000000000002,0.69999999999999996,0.34999999999999998,2.0999999999999996,12.6,6,0.71650236684420454,-0.22164015499600465,9.4368957093138306e-15,7.7715611723760958e-16,1.1986810180987303e-14,9.4368957093138306e-15,7.3552275381416621e-16,8.9955473731938119e-15,0,4.163336342344337e-17,true,0,1.3183898417423734e-15,1.7814818106206493e-15,INCONSISTENT,true,0.049492965140887427
922,0.76250000000000007,0.10000000000000001,-1.2,0.29999999999999999,1,6,36,6,1.1339903035639434,2.2280184001535885,9.4368957093138306e-15,1.5681900222830336e-15,1.5905373715539482e-14,9.4368957093138306e-15,1.5126788710517758e-15,3.9884057157944327e-14,0,5.5511151231257827e-17,true,0,1.5404344466674047e-15,7.4618747876878107e-16,INCONSISTENT,true,0.023591250796327082
923,0.76250000000000007,0.10000000000000001,2,-1.5,2.5,15,90,6,-7.2325771361364897,3.4190390418706382,9.4368957093138306e-15,2.1371793224034263e-15,4.0412118096355698e-14,9.4368957093138306e-15,2.4286128663675299e-15,3.2378458712584141e-13,0,2.9143354396410359e-16,true,0,1.8041124150158794e-15,1.9962403252645262e-15,INCONSISTENT,true,0.011991366300068553
924,0.76250000000000007,1,0.40000000000000002,0.69999999999999996,0.34999999999999998,0.4375,0.546875,1.25,-0.1474787431082491,-0.1350926361102302,9.4368957093138306e-15,6.6613381477509392e-16,4.6853516280108012e-15,9.4368957093138306e-15,1.7763568394002505e-15,1.2505611792675499e-15,0,2.4424906541753444e-15,true,0,1.8873791418627661e-15,5.1596723012437174e-15,INCONSISTENT,true,0.085122764914332211
925,0.76250000000000007,1,-1.2,0.29999999999999999,1,1.25,1.5625,1.25,0.71650236684420454,-0.22164015499600465,9.4368957093138306e-15,5.773159728050814e-15,7.1607233460988954e-15,9.4368957093138306e-15,9.7699626167013776e-15,3.7747582837255322e-15,0,3.9968028886505635e-15,true,0,2.886579864025407e-15,2.2947681735355668e-15,INCONSISTENT,true,0.064526120626102051
926,0.76250000000000007,1,2,-1.5,2.5,3.125,3.90625,1.25,1.1339903035639434,2.2280184001535885,9.4368957093138306e-15,1.7319479184152442e-14,2.7034785530631964e-14,9.4368957093138306e-15,1.6653345369377348e-14,6.6454800899961542e-14,0,6.6613381477509392e-16,true,0,1.9984014443252818e-15,9.0608809713943519e-16,INCONSISTENT,true,0.042259762979402676
927,0.76250000000000007,1,0.40000000000000002,0.69999999999999996,0.34999999999999998,0.61249999999999993,1.0718749999999999,1.75,-7.2325771361364897,3.4190390418706382,9.4368957093138306e-15,4.4408920985006262e-16,4.9301903251418629e-15,9.4368957093138306e-15,4.4408920985006262e-16,4.3311790919050741e-14,0,8.8817841970012523e-16,true,0,1.5543122344752192e-15,3.1089694306980747e-15,INCONSISTENT,true,0.098627429757010665
928,0.76250000000000007,1,-1.2,0.29999999999999999,1,1.75,3.0625,1.75,-0.1474787431082491,-0.1350926361102302,9.4368957093138306e-15,7.3274719625260332e-15,6.2212127565616893e-15,9.4368957093138306e-15,9.1038288019262836e-15,1.0392600794855742e-15,0,1.7763568394002505e-15,true,0,5.1070259132757201e-15,2.8530090497620345e-15,INCONSISTENT,true,0.074763142808483035
929,0.76250000000000007,1,2,-1.5,2.5,4.375,7.65625,1.75,0.71650236684420454,-0.22164015499600465,9.4368957093138306e-15,1.9761969838327786e-14,2.6977277269453264e-14,9.4368957093138306e-15,1.865174681370263e-14,2.0062808300161304e-14,0,1.1102230246251565e-15,true,0,1.7763568394002505e-15,1.4714775274103977e-15,INCONSISTENT,true,0.048964243689610901
930,0.76250000000000007,1,0.40000000000000002,0.69999999999999996,0.34999999999999998,1.0499999999999998,3.1499999999999999,3,1.1339903035639434,2.2280184001535885,9.4368957093138306e-15,1.9984014443252818e-15,3.942464333787022e-15,9.4368957093138306e-15,1.5543122344752192e-15,1.0438458340849585e-14,0,4.4408920985006262e-16,true,0,7.7715611723760958e-15,1.1426414525439349e-15,INCONSISTENT,true,0.12896199761293228
931,0.76250000000000007,1,-1.2,0.29999999999999999,1,3,9,3,-7.2325771361364897,3.4190390418706382,9.4368957093138306e-15,1.1324274851176597e-14,4.4685614758450916e-15,9.4368957093138306e-15,1.2212453270876722e-14,3.30540822551633e-14,0,8.8817841970012523e-16,true,0,7.7715611723760958e-15,1.1815117873766125e-15,INCONSISTENT,true,0.097757837430787753
932,0.76250000000000007,1,2,-1.5,2.5,7.5,22.5,3,-0.1474787431082491,-0.1350926361102302,9.4368957093138306e-15,2.19824158875781e-14,2.6720187556070636e-14,9.4368957093138306e-15,2.1316282072803006e-14,5.401508855265454e-15,0,6.6613381477509392e-16,true,0,6.2172489379008766e-15,2.241205138142168e-15,INCONSISTENT,true,0.064024041723236141
933,0.76250000000000007,1,0.40000000000000002,0.69999999999999996,0.34999999999999998,2.0999999999999996,12.6,6,0.71650236684420454,-0.22164015499600465,9.4368957093138306e-15,6.6613381477509392e-15,1.3506446028928519e-15,9.4368957093138306e-15,6.4392935428259079e-15,1.0053497077208614e-15,0,2.2204460492503131e-16,true,0,1.3322676295501878e-14,1.7306510938056421e-15,INCONSISTENT,true,0.19164937584035682
934,0.76250000000000007,1,-1.2,0.29999999999999999,1,6,36,6,1.1339903035639434,2.2280184001535885,9.4368957093138306e-15,1.6431300764452317e-14,4.5775667985222376e-15,9.4368957093138306e-15,1.7097434579227411e-14,1.1957467920563633e-14,0,6.6613381477509392e-16,true,0,1.354472090042691e-14,6.5291404392268338e-16,INCONSISTENT,true,0.14527712716846511
935,0.76250000000000007,1,2,-1.5,2.5,15,90,6,-7.2325771361364897,3.4190390418706382,9.4368957093138306e-15,2.55351295663786e-14,2.7122182694587717e-14,9.4368957093138306e-15,2.5091040356528538e-14,2.1610313646285632e-13,0,4.4408920985006262e-16,true,0,1.354472090042691e-14,1.8215727438981662e-16,INCONSISTENT,true,0.095145607715098182
936,0.76250000000000007,10,0.40000000000000002,0.69999999999999996,0.34999999999999998,0.4375,0.546875,1.25,-0.1474787431082491,-0.1350926361102302,9.4368957093138306e-15,3.6770586575585185e-13,2.8303937908977005e-14,3.7858605139717838e-14,4.2810199829546036e-13,6.2455942916490189e-15,2.8421709430404007e-14,6.0396132539608516e-14,true,0,2.8954616482224083e-13,6.0395823917617774e-14,INCONSISTENT,true,0.10239423874896458
937,0.76250000000000007,10,-1.2,0.29999999999999999,1,1.25,1.5625,1.25,0.71650236684420454,-0.22164015499600465,9.4368957093138306e-15,2.6112445539183682e-13,2.9404409286932258e-14,1.8984813721090177e-14,3.0198066269804258e-14,9.8834794874740657e-16,2.8421709430404007e-14,2.9132252166164108e-13,true,2.8421709430404007e-14,4.3343106881366111e-13,3.735095595735633e-14,INCONSISTENT,true,0.10021174824346589
938,0.76250000000000007,10,2,-1.5,2.5,3.125,3.90625,1.25,1.1339903035639434,2.2280184001535885,9.4368957093138306e-15,1.8474111129762605e-13,3.8015696473494911e-14,9.4368957093138306e-15,1.4921397450962104e-13,7.429441266899833e-14,0,3.5527136788005009e-14,true,0,3.3750779948604759e-14,1.0926293504535114e-14,INCONSISTENT,true,0.095955179976794161
939,0.76250000000000007,10,0.40000000000000002,0.69999999999999996,0.34999999999999998,0.61249999999999993,1.0718749999999999,1.75,-7.2325771361364897,3.4190390418706382,1.8984813721090177e-14,1.6164847238542279e-13,1.3870791639280339e-14,1.8984813721090177e-14,1.1546319456101628e-13,8.2030381698095433e-14,0,4.6185277824406512e-14,true,0,1.7763568394002505e-13,2.7876654091351535e-14,INCONSISTENT,true,0.11863901037404824
940,0.76250000000000007,10,-1.2,0.29999999999999999,1,1.75,3.0625,1.75,-0.1474787431082491,-0.1350926361102302,1.8984813721090177e-14,1.6875389974302379e-13,1.676335667668049e-14,1.8984813721090177e-14,1.6875389974302379e-13,3.358453322484004e-15,0,0,true,0,1.0835776720341528e-13,1.0698016485641105e-14,INCONSISTENT,true,0.11611026933462433
941,0.76250000000000007,10,2,-1.5,2.5,4.375,7.65625,1.75,0.71650236684420454,-0.22164015499600465,9.4368957093138306e-15,1.971756091734278e-13,4.0507168289818833e-14,9.4368957093138306e-15,1.8829382497642655e-13,2.8832472711913171e-14,0,8.8817841970012523e-15,true,0,1.5987211554602254e-14,3.2814110027752971e-15,INCONSISTENT,true,0.1111783996032825
942,0.76250000000000007,10,0.40000000000000002,0.69999999999999996,0.34999999999999998,1.0499999999999998,3.1499999999999999,3,1.1339903035639434,2.2280184001535885,1.8984813721090177e-14,2.6645352591003757e-14,1.0990647210786425e-15,1.8984813721090177e-14,1.5987211554602254e-14,5.9123936660718126e-15,0,4.2632564145606011e-14,true,0,1.5454304502782179e-13,4.0250376606133157e-15,INCONSISTENT,true,0.15512848515220362
943,0.76250000000000007,10,-1.2,0.29999999999999999,1,3,9,3,-7.2325771361364897,3.4190390418706382,1.8984813721090177e-14,2.5046631435543532e-13,2.6612082953990549e-14,1.8984813721090177e-14,2.6822988274943782e-13,2.2763026973260157e-13,0,1.7763568394002505e-14,true,0,1.4743761767022079e-13,3.8237897009082051e-15,INCONSISTENT,true,0.1518219861722028
944,0.76250000000000007,10,2,-1.5,2.5,7.5,22.5,3,-0.1474787431082491,-0.1350926361102302,9.4368957093138306e-15,2.2915003228263231e-13,4.7650172092578821e-14,9.4368957093138306e-15,2.2026824808563106e-13,9.2869674889883703e-15,0,8.8817841970012523e-15,true,2.8421709430404007e-14,8.0113693456951296e-13,5.6956279698864736e-15,INCONSISTENT,true,0.14537323480467709
945,0.76250000000000007,10,0.40000000000000002,0.69999999999999996,0.34999999999999998,2.0999999999999996,12.6,6,0.71650236684420454,-0.22164015499600465,1.8984813721090177e-14,1.0480505352461478e-13,7.3285232346742419e-15,1.8984813721090177e-14,1.1368683772161603e-13,5.9993148609410945e-15,0,8.8817841970012523e-15,true,0,3.0198066269804258e-13,1.3175583587930307e-14,INCONSISTENT,true,0.23053518016766292
946,0.76250000000000007,10,-1.2,0.29999999999999999,1,6,36,6,1.1339903035639434,2.2280184001535885,1.8984813721090177e-14,3.3750779948604759e-13,3.6943578246367841e-14,1.8984813721090177e-14,3.3573144264664734e-13,9.1392868866812458e-14,0,1.7763568394002505e-15,true,0,2.7000623958883807e-13,1.003174584217893e-15,INCONSISTENT,true,0.22562141892432766
947,0.76250000000000007,10,2,-1.5,2.5,15,90,6,-7.2325771361364897,3.4190390418706382,1.8984813721090177e-14,5.0270898555027088e-13,1.0638532187765581e-13,9.4368957093138306e-15,2.6290081223123707e-13,4.4693646413829753e-13,2.8421709430404007e-14,7.6560979778150795e-13,true,0,2.8066438062523957e-13,3.5647416762800027e-15,INCONSISTENT,true,0.21603798196296373
948,0.76250000000000007,100,0.40000000000000002,0.69999999999999996,0.34999999999999998,0.4375,0.546875,1.25,-0.1474787431082491,-0.1350926361102302,1.8984813721090177e-14,1.6342482922482304e-12,1.3330075727505561e-14,1.8951507030351422e-13,6.4233063312713057e-12,1.0112413641862887e-14,1.7053025658242404e-13,8.0575546235195361e-12,true,0,1.7053025658242404e-12,1.0598243100798368e-13,INCONSISTENT,true,0.10390762411245563
949,0.76250000000000007,100,-1.2,0.29999999999999999,1,1.25,1.5625,1.25,0.71650236684420454,-0.22164015499600465,7.5828232581898192e-14,1.8516743693908211e-11,2.265276230763684e-13,1.8984813721090177e-14,1.1851852832478471e-11,1.0912905016187853e-13,5.6843418860808015e-14,6.6648908614297397e-12,true,5.6843418860808015e-14,1.1965539670200087e-11,2.2749056808425839e-13,INCONSISTENT,true,0.10370638668811194
950,0.76250000000000007,100,2,-1.5,2.5,3.125,3.90625,1.25,1.1339903035639434,2.2280184001535885,3.7858605139717838e-14,1.0729195309977513e-11,2.6375469112724181e-13,3.7858605139717838e-14,1.2761347534251399e-11,7.8598031826684618e-13,0,2.0321522242738865e-12,true,2.8421709430404007e-14,7.3612227424746379e-12,7.6971908558356629e-14,INCONSISTENT,true,0.10333277001648726
951,0.76250000000000007,100,0.40000000000000002,0.69999999999999996,0.34999999999999998,0.61249999999999993,1.0718749999999999,1.75,-7.2325771361364897,3.4190390418706382,7.5828232581898192e-14,5.5564441936439835e-12,4.4273405789475393e-14,3.7858605139717838e-14,3.3111291486420669e-12,2.1112927680841613e-13,1.1368683772161603e-13,8.8675733422860503e-12,true,5.6843418860808015e-14,3.3253400033572689e-12,1.6888339205591032e-13,INCONSISTENT,true,0.12039249322674819
952,0.76250000000000007,100,-1.2,0.29999999999999999,1,1.75,3.0625,1.75,-0.1474787431082491,-0.1350926361102302,1.8984813721090177e-14,4.9453774408902973e-12,6.0519299870503425e-14,1.8984813721090177e-14,2.3305801732931286e-12,5.6442346681452379e-15,0,2.6147972675971687e-12,true,0,2.0037305148434825e-12,7.9161560946490773e-14,INCONSISTENT,true,0.1201593296308243
953,0.76250000000000007,100,2,-1.5,2.5,4.375,7.65625,1.75,0.71650236684420454,-0.22164015499600465,3.7858605139717838e-14,7.9154460763675161e-12,1.9398109490113274e-13,9.4368957093138306e-15,2.2311041902867146e-12,4.1041628231262531e-14,2.8421709430404007e-14,5.6843418860808015e-12,true,5.6843418860808015e-14,1.2363443602225743e-11,4.6682247275548643e-14,INCONSISTENT,true,0.11972643894567855
954,0.76250000000000007,100,0.40000000000000002,0.69999999999999996,0.34999999999999998,1.0499999999999998,3.1499999999999999,3,1.1339903035639434,2.2280184001535885,1.8984813721090177e-14,1.7337242752546445e-12,1.3825731738188993e-14,1.8984813721090177e-14,7.673861546209082e-13,1.5704064457799415e-14,0,2.5011104298755527e-12,true,0,4.2632564145606011e-14,4.8520224337352531e-14,INCONSISTENT,true,0.1574212819127897
955,0.76250000000000007,100,-1.2,0.29999999999999999,1,3,9,3,-7.2325771361364897,3.4190390418706382,1.8984813721090177e-14,3.865352482534945e-12,4.7217022980689189e-14,1.8984813721090177e-14,3.5385028240852989e-12,3.4320942639677235e-13,0,3.2684965844964609e-13,true,0,5.1159076974727213e-13,5.0378351906086244e-14,INCONSISTENT,true,0.15711640482971603
956,0.76250000000000007,100,2,-1.5,2.5,7.5,22.5,3,-0.1474787431082491,-0.1350926361102302,1.8984813721090177e-14,3.4390268410788849e-12,8.4333113891479094e-14,1.8984813721090177e-14,3.5242919693700969e-12,1.7340806765291924e-14,0,8.5265128291212022e-14,true,0,2.0889956431346945e-12,2.9607380669899076e-14,INCONSISTENT,true,0.15655037114478193
957,0.76250000000000007,100,0.40000000000000002,0.69999999999999996,0.34999999999999998,2.0999999999999996,12.6,6,0.71650236684420454,-0.22164015499600465,1.8984813721090177e-14,1.0373923942097463e-12,8.2073945765320659e-15,1.8984813721090177e-14,1.3926637620897964e-12,8.3682024818905936e-15,0,3.5527136788005009e-13,true,0,2.8421709430404007e-12,2.1552619554159967e-14,INCONSISTENT,true,0.23394248678683827
958,0.76250000000000007,100,-1.2,0.29999999999999999,1,6,36,6,1.1339903035639434,2.2280184001535885,1.8984813721090177e-14,3.780087354243733e-12,4.6072650352260589e-14,1.8984813721090177e-14,3.5100811146548949e-12,1.0698956101045322e-13,0,2.7000623958883807e-13,true,0,2.5437429940211587e-12,1.2188446895866883e-14,INCONSISTENT,true,0.23348941143319943
959,0.76250000000000007,100,2,-1.5,2.5,15,90,6,-7.2325771361364897,3.4190390418706382,1.8984813721090177e-14,5.2295945351943374e-12,1.28790656211684e-13,1.8984813721090177e-14,4.8885340220294893e-12,9.6452087073506011e-13,0,3.4106051316484809e-13,true,0,2.5579538487363607e-12,7.5036286459016714e-15,INCONSISTENT,true,0.23264823337745869
960,0.81000000000000005,0.01,0.40000000000000002,0.69999999999999996,0.34999999999999998,0.4375,0.546875,1.25,-0.1474787431082491,-0.1350926361102302,1.5543122344752192e-14,4.3368086899420177e-17,2.3475442051102089e-14,1.5543122344752192e-14,4.3368086899420177e-17,4.6816146895450749e-15,0,0,true,0,3.1225022567582528e-17,3.5579773610373954e-15,INCONSISTENT,true,0.0025531688015156618
961,0.81000000000000005,0.01,-1.2,0.29999999999999999,1,1.25,1.5625,1.25,0.71650236684420454,-0.22164015499600465,1.5543122344752192e-14,1.9775847626135601e-16,2.978135755786176e-14,1.5543122344752192e-14,3.8163916471489756e-17,2.2600879674965069e-14,0,2.3592239273284576e-16,true,0,5.377642775528102e-17,1.3385743852524122e-15,INCONSISTENT,true,0.0010956179365284612
962,0.81000000000000005,0.01,2,-1.5,2.5,3.125,3.90625,1.25,1.1339903035639434,2.2280184001535885,1.5543122344752192e-14,9.6624097611908155e-16,6.8868200044832212e-14,1.5543122344752192e-14,1.8388068845354155e-16,1.7529546155298508e-13,0,1.1501216645726231e-15,true,0,7.9103390504542404e-16,2.0104366997826244e-15,INCONSISTENT,true,0.00052245084720535973
963,0.81000000000000005,0.01,0.40000000000000002,0.69999999999999996,0.34999999999999998,0.61249999999999993,1.0718749999999999,1.75,-7.2325771361364897,3.4190390418706382,1.5543122344752192e-14,6.4184768611141862e-17,2.3420180361420892e-14,1.5543122344752192e-14,3.4694469519536142e-17,1.8811201673663815e-13,0,2.9490299091605721e-17,true,0,1.7347234759768071e-18,1.3588244711765918e-15,INCONSISTENT,true,0.0029891687100176557
964,0.81000000000000005,0.01,-1.2,0.29999999999999999,1,1.75,3.0625,1.75,-0.1474787431082491,-0.1350926361102302,1.5543122344752192e-14,1.3010426069826053e-16,2.9889185414584632e-14,1.5543122344752192e-14,3.1571967262777889e-16,5.9620404240983652e-15,0,1.8561541192951836e-16,true,0,1.1102230246251565e-16,9.0066441145273224e-16,INCONSISTENT,true,0.0012827145827802365
965,0.81000000000000005,0.01,2,-1.5,2.5,4.375,7.65625,1.75,0.71650236684420454,-0.22164015499600465,1.5543122344752192e-14,4.5449755070592346e-16,6.9420462212533114e-14,1.5543122344752192e-14,9.3675067702747583e-17,5.2523758368675701e-14,0,5.4817261840867104e-16,true,0,4.891920202254596e-16,1.4825897204040295e-15,INCONSISTENT,true,0.00061166881095483811
966,0.81000000000000005,0.01,0.40000000000000002,0.69999999999999996,0.34999999999999998,1.0499999999999998,3.1499999999999999,3,1.1339903035639434,2.2280184001535885,1.5543122344752192e-14,3.4694469519536142e-18,2.3530704915145269e-14,1.5543122344752192e-14,2.9490299091605721e-17,5.8797813880543931e-14,0,3.2959746043559335e-17,true,0,1.960237527853792e-16,8.3941840506175857e-16,INCONSISTENT,true,0.0039896502337230218
967,0.81000000000000005,0.01,-1.2,0.29999999999999999,1,3,9,3,-7.2325771361364897,3.4190390418706382,1.5543122344752192e-14,1.2836953722228372e-16,2.9943108098363071e-14,1.5543122344752192e-14,1.1622647289044608e-16,2.4135584659407032e-13,0,2.445960101127298e-16,true,0,2.1163626406917047e-16,5.2860471130146163e-16,INCONSISTENT,true,0.0017120420529754667
968,0.81000000000000005,0.01,2,-1.5,2.5,7.5,22.5,3,-0.1474787431082491,-0.1350926361102302,1.5543122344752192e-14,9.1940344226770776e-17,6.9712458789090343e-14,1.5543122344752192e-14,6.9388939039072284e-17,1.3918943811427993e-14,0,2.2551405187698492e-17,true,0,2.5847379792054426e-16,4.7671523339049159e-16,INCONSISTENT,true,0.00081639574454446767
969,0.81000000000000005,0.01,0.40000000000000002,0.69999999999999996,0.34999999999999998,2.0999999999999996,12.6,6,0.71650236684420454,-0.22164015499600465,1.5543122344752192e-14,1.5612511283791264e-16,2.3254402422270813e-14,1.5543122344752192e-14,2.5326962749261384e-16,1.7342682247999177e-14,0,9.7144514654701197e-17,true,0,2.0469737016526324e-16,1.793882376987998e-15,INCONSISTENT,true,0.0061198238667392628
970,0.81000000000000005,0.01,-1.2,0.29999999999999999,1,6,36,6,1.1339903035639434,2.2280184001535885,1.5543122344752192e-14,2.445960101127298e-16,2.9727452448432886e-14,1.5543122344752192e-14,1.5612511283791264e-17,7.4661157046472131e-14,0,2.2898349882893854e-16,true,0,2.1857515797307769e-16,0,INCONSISTENT,true,0.0026261439481839628
971,0.81000000000000005,0.01,2,-1.5,2.5,15,90,6,-7.2325771361364897,3.4190390418706382,1.5543122344752192e-14,3.6429192995512949e-17,6.9801161636976178e-14,1.5543122344752192e-14,1.1796119636642288e-16,5.5805883525554182e-13,0,1.5439038936193583e-16,true,0,4.9439619065339002e-16,1.8777393184393651e-15,INCONSISTENT,true,0.0012522897671421757
972,0.81000000000000005,0.10000000000000001,0.40000000000000002,0.69999999999999996,0.34999999999999998,0.4375,0.546875,1.25,-0.1474787431082491,-0.1350926361102302,1.5543122344752192e-14,1.1102230246251565e-16,2.1441968107525039e-14,1.5543122344752192e-14,4.7184478546569153e-16,4.1805151399792999e-15,0,3.6082248300317588e-16,true,0,1.6653345369377348e-16,1.6195225818198679e-15,INCONSISTENT,true,0.023434001947017603
973,0.81000000000000005,0.10000000000000001,-1.2,0.29999999999999999,1,1.25,1.5625,1.25,0.71650236684420454,-0.22164015499600465,1.5543122344752192e-14,1.2490009027033011e-15,2.769027319221402e-14,1.5543122344752192e-14,1.3877787807814457e-15,2.0654922858845019e-14,0,1.3877787807814457e-16,true,0,6.9388939039072284e-17,3.5533062871870246e-15,INCONSISTENT,true,0.010611227895720107
974,0.81000000000000005,0.10000000000000001,2,-1.5,2.5,3.125,3.90625,1.25,1.1339903035639434,2.2280184001535885,1.5543122344752192e-14,2.9143354396410359e-15,6.6826204324771794e-14,1.5543122344752192e-14,2.2759572004815709e-15,1.6898746926621697e-13,0,6.3837823915946501e-16,true,0,5.5511151231257827e-17,2.2425144127278875e-15,INCONSISTENT,true,0.0051507498762569095
975,0.81000000000000005,0.10000000000000001,0.40000000000000002,0.69999999999999996,0.34999999999999998,0.61249999999999993,1.0718749999999999,1.75,-7.2325771361364897,3.4190390418706382,1.5543122344752192e-14,6.9388939039072284e-17,2.1495434511026535e-14,1.5543122344752192e-14,1.9428902930940239e-16,1.7105737608090471e-13,0,1.2490009027033011e-16,true,0,4.163336342344337e-16,1.3588244711765918e-15,INCONSISTENT,true,0.027435783066498919
976,0.81000000000000005,0.10000000000000001,-1.2,0.29999999999999999,1,1.75,3.0625,1.75,-0.1474787431082491,-0.1350926361102302,1.5543122344752192e-14,1.3739009929736312e-15,2.7505817446522794e-14,1.5543122344752192e-14,1.5681900222830336e-15,5.4583299522557979e-15,0,1.9428902930940239e-16,true,0,6.8001160258290838e-16,6.3105825232985834e-16,INCONSISTENT,true,0.012423287634540233
977,0.81000000000000005,0.10000000000000001,2,-1.5,2.5,4.375,7.65625,1.75,0.71650236684420454,-0.22164015499600465,1.5543122344752192e-14,3.70536934468646e-15,6.6272410501086794e-14,1.5543122344752192e-14,2.7061686225238191e-15,5.0513073534851972e-14,0,9.9920072216264089e-16,true,0,2.7755575615628914e-17,1.8917132084923629e-15,INCONSISTENT,true,0.006030333894924661
978,0.81000000000000005,0.10000000000000001,0.40000000000000002,0.69999999999999996,0.34999999999999998,1.0499999999999998,3.1499999999999999,3,1.1339903035639434,2.2280184001535885,1.5543122344752192e-14,4.5796699765787707e-16,2.0801206852337318e-14,1.5543122344752192e-14,2.6367796834847468e-16,5.2952866660909742e-14,0,1.9428902930940239e-16,true,0,1.2212453270876722e-15,6.1634577794260542e-16,INCONSISTENT,true,0.036618601672373463
979,0.81000000000000005,0.10000000000000001,-1.2,0.29999999999999999,1,3,9,3,-7.2325771361364897,3.4190390418706382,1.5543122344752192e-14,1.9706458687096529e-15,2.68486384298515e-14,1.5543122344752192e-14,1.9428902930940239e-15,2.1581821815562611e-13,0,2.7755575615628914e-17,true,0,1.2906342661267445e-15,2.3893239761147303e-16,INCONSISTENT,true,0.016581390086367331
980,0.81000000000000005,0.10000000000000001,2,-1.5,2.5,7.5,22.5,3,-0.1474787431082491,-0.1350926361102302,1.5543122344752192e-14,3.7608804959177178e-15,6.6272410501086794e-14,1.5543122344752192e-14,3.2612801348363973e-15,1.3318627992321205e-14,0,4.9960036108132044e-16,true,0,1.0963452368173421e-15,4.7671523339049159e-16,INCONSISTENT,true,0.0080487002800112648
981,0.81000000000000005,0.10000000000000001,0.40000000000000002,0.69999999999999996,0.34999999999999998,2.0999999999999996,12.6,6,0.71650236684420454,-0.22164015499600465,1.5543122344752192e-14,1.2351231148954867e-15,1.9557895013796402e-14,1.5543122344752192e-14,1.2490009027033011e-15,1.4766383598692852e-14,0,1.3877787807814457e-17,true,0,2.3037127760971998e-15,2.6674689758992739e-15,INCONSISTENT,true,0.056170185192413888
982,0.81000000000000005,0.10000000000000001,-1.2,0.29999999999999999,1,6,36,6,1.1339903035639434,2.2280184001535885,1.5543122344752192e-14,2.886579864025407e-15,2.5793577639185336e-14,1.5543122344752192e-14,2.8727020762175925e-15,6.4392935428259079e-14,0,1.3877787807814457e-17,true,0,2.1649348980190553e-15,9.6509958674182945e-16,INCONSISTENT,true,0.025434607258682435
983,0.81000000000000005,0.10000000000000001,2,-1.5,2.5,15,90,6,-7.2325771361364897,3.4190390418706382,1.5543122344752192e-14,4.4131365228849972e-15,6.5726703342070682e-14,1.5543122344752192e-14,4.5657921887709563e-15,5.2638941406250753e-13,0,1.5265566588595902e-16,true,0,2.0261570199409107e-15,2.7331683947605918e-15,INCONSISTENT,true,0.012346101834563134
984,0.81000000000000005,1,0.40000000000000002,0.69999999999999996,0.34999999999999998,0.4375,0.546875,1.25,-0.1474787431082491,-0.1350926361102302,1.5543122344752192e-14,4.4408920985006262e-16,8.806525293470786e-15,1.5543122344752192e-14,2.1094237467877974e-15,1.3683702862097964e-15,0,2.55351295663786e-15,true,0,1.9984014443252818e-15,6.6953054629632333e-15,INCONSISTENT,true,0.088310128743188443
985,0.81000000000000005,1,-1.2,0.29999999999999999,1,1.25,1.5625,1.25,0.71650236684420454,-0.22164015499600465,1.5543122344752192e-14,1.5432100042289676e-14,8.2186504372402366e-15,1.5543122344752192e-14,1.1990408665951691e-14,7.5568600600391436e-15,0,3.4416913763379853e-15,true,0,3.3306690738754696e-16,2.699427267106068e-15,INCONSISTENT,true,0.066640220398380134
986,0.81000000000000005,1,2,-1.5,2.5,3.125,3.90625,1.25,1.1339903035639434,2.2280184001535885,1.5543122344752192e-14,2.6534330288541241e-14,4.3823302862296372e-14,1.5543122344752192e-14,2.5979218776228663e-14,1.0995132274107486e-13,0,5.5511151231257827e-16,true,0,3.6637359812630166e-15,2.6932580895793082e-15,INCONSISTENT,true,0.042110243337557328
987,0.81000000000000005,1,0.40000000000000002,0.69999999999999996,0.34999999999999998,0.61249999999999993,1.0718749999999999,1.75,-7.2325771361364897,3.4190390418706382,1.5543122344752192e-14,5.5511151231257827e-16,8.1319573640348202e-15,1.5543122344752192e-14,1.1102230246251565e-15,6.2572469088555123e-14,0,5.5511151231257827e-16,true,0,4.7739590058881731e-15,8.9263748108314596e-16,INCONSISTENT,true,0.10339068590379275
988,0.81000000000000005,1,-1.2,0.29999999999999999,1,1.75,3.0625,1.75,-0.1474787431082491,-0.1350926361102302,1.5543122344752192e-14,1.609823385706477e-14,7.8000575199911534e-15,1.5543122344752192e-14,1.6986412276764895e-14,1.5011122659325204e-15,0,8.8817841970012523e-16,true,0,5.9952043329758453e-15,1.1090571108938917e-15,INCONSISTENT,true,0.078020247437353293
989,0.81000000000000005,1,2,-1.5,2.5,4.375,7.65625,1.75,0.71650236684420454,-0.22164015499600465,1.5543122344752192e-14,2.9864999362416711e-14,4.282468555890543e-14,1.5543122344752192e-14,2.9309887850104133e-14,3.2425355437371538e-14,0,5.5511151231257827e-16,true,0,5.5511151231257827e-15,1.3366715353735351e-15,INCONSISTENT,true,0.049301331616295803
990,0.81000000000000005,1,0.40000000000000002,0.69999999999999996,0.34999999999999998,1.0499999999999998,3.1499999999999999,3,1.1339903035639434,2.2280184001535885,1.5543122344752192e-14,5.6621374255882984e-15,4.9513955426800389e-15,1.5543122344752192e-14,5.6621374255882984e-15,1.2250746394334408e-14,0,0,true,2.8421709430404007e-14,1.9872992140790302e-14,2.8493031637961539e-16,INCONSISTENT,true,0.13799578217133651
991,0.81000000000000005,1,-1.2,0.29999999999999999,1,3,9,3,-7.2325771361364897,3.4190390418706382,1.5543122344752192e-14,2.1760371282653068e-14,5.6871167663466769e-15,1.5543122344752192e-14,2.0872192862952943e-14,4.5574891809492254e-14,0,8.8817841970012523e-16,true,0,1.1879386363489175e-14,1.3331243694316037e-15,INCONSISTENT,true,0.10413380060499222
992,0.81000000000000005,1,2,-1.5,2.5,7.5,22.5,3,-0.1474787431082491,-0.1350926361102302,1.5543122344752192e-14,3.5305092183079978e-14,4.1985223549755304e-14,1.5543122344752192e-14,3.5416114485542494e-14,8.3312973296909756e-15,0,1.1102230246251565e-16,true,0,1.2101430968414206e-14,4.7671523339049159e-16,INCONSISTENT,true,0.065802598744823859
993,0.81000000000000005,1,0.40000000000000002,0.69999999999999996,0.34999999999999998,2.0999999999999996,12.6,6,0.71650236684420454,-0.22164015499600465,1.5543122344752192e-14,1.2212453270876722e-14,2.4349091853294379e-15,1.5543122344752192e-14,1.1990408665951691e-14,1.866033584759964e-15,0,2.2204460492503131e-16,true,2.8421709430404007e-14,4.1300296516055823e-14,1.8155514133309989e-15,INCONSISTENT,true,0.21167516743774725
994,0.81000000000000005,1,-1.2,0.29999999999999999,1,6,36,6,1.1339903035639434,2.2280184001535885,1.5543122344752192e-14,2.9198865547641617e-14,7.1062946664058918e-15,1.5543122344752192e-14,2.9198865547641617e-14,1.7478168827049271e-14,0,0,true,0,2.2759572004815709e-14,9.2315722601070743e-16,INCONSISTENT,true,0.15973343048719341
995,0.81000000000000005,1,2,-1.5,2.5,15,90,6,-7.2325771361364897,3.4190390418706382,1.5543122344752192e-14,4.2854608750531042e-14,4.1759146720181229e-14,1.5543122344752192e-14,4.2632564145606011e-14,3.3842278537889169e-13,0,2.2204460492503131e-16,true,0,2.2759572004815709e-14,9.3886965921968253e-16,INCONSISTENT,true,0.10093624520969358
996,0.81000000000000005,10,0.40000000000000002,0.69999999999999996,0.34999999999999998,0.4375,0.546875,1.25,-0.1474787431082491,-0.1350926361102302,1.2878587085651816e-14,1.4921397450962104e-13,1.2604821168591383e-14,1.2878587085651816e-14,1.5987211554602254e-13,2.6631706219183639e-15,0,1.0658141036401503e-14,true,0,1.0835776720341528e-13,1.9993091776269515e-14,INCONSISTENT,true,0.10335806072566751
997,0.81000000000000005,10,-1.2,0.29999999999999999,1,1.25,1.5625,1.25,0.71650236684420454,-0.22164015499600465,1.2878587085651816e-14,1.2434497875801753e-13,1.2474579732659881e-14,1.2878587085651816e-14,1.723066134218243e-13,1.3611556143588142e-14,0,4.7961634663806763e-14,true,0,3.907985046680551e-14,1.0147762749924945e-14,INCONSISTENT,true,0.10142374739073585
998,0.81000000000000005,10,2,-1.5,2.5,3.125,3.90625,1.25,1.1339903035639434,2.2280184001535885,1.2878587085651816e-14,2.1849189124623081e-13,4.365478250540524e-14,1.2878587085651816e-14,2.2915003228263231e-13,1.1559293236454163e-13,0,1.0658141036401503e-14,true,0,4.4408920985006262e-14,1.1620255810789393e-14,INCONSISTENT,true,0.097283345948751501
999,0.81000000000000005,10,0.40000000000000002,0.69999999999999996,0.34999999999999998,0.61249999999999993,1.0718749999999999,1.75,-7.2325771361364897,3.4190390418706382,1.2878587085651816e-14,5.3290705182007514e-15,3.3306690738754696e-16,1.2878587085651816e-14,7.638334409421077e-14,5.3954554538906529e-14,0,8.1712414612411521e-14,true,0,5.6843418860808015e-14,1.7227503712294849e-14,INCONSISTENT,true,0.12100832536647774
1000,0.81000000000000005,10,-1.2,0.29999999999999999,1,1.75,3.0625,1.75,-0.1474787431082491,-0.1350926361102302,1.2878587085651816e-14,1.723066134218243e-13,1.8333140741038547e-14,1.2878587085651816e-14,1.6164847238542279e-13,3.4021815010030383e-15,0,1.0658141036401503e-14,true,0,1.4210854715202004e-14,8.6668563276473569e-15,INCONSISTENT,true,0.11874369292512812
1001,0.81000000000000005,10,2,-1.5,2.5,4.375,7.65625,1.75,0.71650236684420454,-0.22164015499600465,1.2878587085651816e-14,2.6112445539183682e-13,5.3403458573394505e-14,1.2878587085651816e-14,2.8066438062523957e-13,4.3232033258856586e-14,0,1.9539925233402755e-14,true,0,3.1974423109204508e-14,3.801421291958994e-15,INCONSISTENT,true,0.11389624279574041
1002,0.81000000000000005,10,0.40000000000000002,0.69999999999999996,0.34999999999999998,1.0499999999999998,3.1499999999999999,3,1.1339903035639434,2.2280184001535885,1.2878587085651816e-14,3.5527136788005009e-14,2.1326687873800038e-15,1.2878587085651816e-14,5.5067062021407764e-14,9.1443565084388119e-15,0,1.9539925233402755e-14,true,0,9.9475983006414026e-14,3.7982522474927951e-15,INCONSISTENT,true,0.16151008538359532
1003,0.81000000000000005,10,-1.2,0.29999999999999999,1,3,9,3,-7.2325771361364897,3.4190390418706382,1.2878587085651816e-14,1.971756091734278e-13,2.117384800054209e-14,1.2878587085651816e-14,2.0250467969162855e-13,1.7410336091849972e-13,0,5.3290705182007514e-15,true,0,8.1712414612411521e-14,7.7442506440797112e-15,INCONSISTENT,true,0.15848747534535376
1004,0.81000000000000005,10,2,-1.5,2.5,7.5,22.5,3,-0.1474787431082491,-0.1350926361102302,1.2878587085651816e-14,3.0198066269804258e-13,6.2574438925739229e-14,1.2878587085651816e-14,3.0198066269804258e-13,1.255905293345903e-14,0,0,true,0,9.4146912488213275e-14,1.5036382842441236e-15,INCONSISTENT,true,0.15201757270088978
1005,0.81000000000000005,10,0.40000000000000002,0.69999999999999996,0.34999999999999998,2.0999999999999996,12.6,6,0.71650236684420454,-0.22164015499600465,1.2878587085651816e-14,1.1546319456101628e-13,8.4988279565066443e-15,1.2878587085651816e-14,1.0480505352461478e-13,5.6789834016953157e-15,0,1.0658141036401503e-14,true,0,1.723066134218243e-13,7.1356832347229239e-15,INCONSISTENT,true,0.24774434282353672
1006,0.81000000000000005,10,-1.2,0.29999999999999999,1,6,36,6,1.1339903035639434,2.2280184001535885,1.2878587085651816e-14,2.4691360067663481e-13,2.7281005960578002e-14,1.2878587085651816e-14,2.3980817331903381e-13,6.5630616009093114e-14,0,7.1054273576010019e-15,true,0,1.7763568394002505e-13,4.8275419880712027e-15,INCONSISTENT,true,0.24310788599945224
1007,0.81000000000000005,10,2,-1.5,2.5,15,90,6,-7.2325771361364897,3.4190390418706382,1.2878587085651816e-14,3.5527136788005009e-13,7.4905094542256908e-14,1.2878587085651816e-14,3.5882408155885059e-13,6.0714255264747772e-13,0,3.5527136788005009e-15,true,0,1.865174681370263e-13,1.217310686930964e-15,INCONSISTENT,true,0.23318354118235801
1008,0.81000000000000005,100,0.40000000000000002,0.69999999999999996,0.34999999999999998,0.4375,0.546875,1.25,-0.1474787431082491,-0.1350926361102302,1.2656542480726785e-13,1.2093437362636905e-11,9.6506419798195659e-14,1.2878587085651816e-14,1.1183942660863977e-11,1.7963760411530642e-14,1.1368683772161603e-13,9.0949470177292824e-13,true,5.6843418860808015e-14,5.6417093219351955e-12,1.7017475745008214e-13,INCONSISTENT,true,0.10454608046231186
1009,0.81000000000000005,100,-1.2,0.29999999999999999,1,1.25,1.5625,1.25,0.71650236684420454,-0.22164015499600465,1.0080825063596421e-13,1.3699263945454732e-11,1.6688237358175643e-13,1.0080825063596421e-13,9.4217966761789285e-12,8.5541603356222047e-14,0,4.2774672692758031e-12,true,1.1368683772161603e-13,1.5802470443304628e-11,3.3995605741864444e-13,INCONSISTENT,true,0.10437535638074896
1010,0.81000000000000005,100,2,-1.5,2.5,3.125,3.90625,1.25,1.1339903035639434,2.2280184001535885,1.2878587085651816e-14,3.694822225952521e-12,9.1221155762925104e-14,4.3964831775156199e-14,8.9670493252924643e-12,5.4977383256619761e-13,5.6843418860808015e-14,1.2661871551244985e-11,true,0,6.6791017161449417e-13,1.7273580829393905e-14,INCONSISTENT,true,0.10404105033323333
1011,0.81000000000000005,100,0.40000000000000002,0.69999999999999996,0.34999999999999998,0.61249999999999993,1.0718749999999999,1.75,-7.2325771361364897,3.4190390418706382,6.9722005946459831e-14,2.1174173525650986e-12,1.6498769578236324e-14,6.9722005946459831e-14,3.737454790098127e-12,2.3674620278090882e-13,0,1.6200374375330284e-12,true,5.6843418860808015e-14,1.9895196601282805e-12,2.7283586961304373e-13,INCONSISTENT,true,0.12239922103368847
1012,0.81000000000000005,100,-1.2,0.29999999999999999,1,1.75,3.0625,1.75,-0.1474787431082491,-0.1350926361102302,4.3964831775156199e-14,5.5564441936439835e-12,6.7628190060997902e-14,4.3964831775156199e-14,4.7180037654470652e-12,1.1436981227182046e-14,0,8.3844042819691822e-13,true,5.6843418860808015e-14,7.9438677857979201e-12,1.1761844739649928e-13,INCONSISTENT,true,0.12219934271681804
1013,0.81000000000000005,100,2,-1.5,2.5,4.375,7.65625,1.75,0.71650236684420454,-0.22164015499600465,1.2878587085651816e-14,3.3537617127876729e-12,8.2692463632921447e-14,1.2878587085651816e-14,2.1316282072803006e-12,3.9131542579447806e-14,0,1.2221335055073723e-12,true,0,5.1159076974727213e-13,2.5830560222358034e-14,INCONSISTENT,true,0.12180794784464333
1014,0.81000000000000005,100,0.40000000000000002,0.69999999999999996,0.34999999999999998,1.0499999999999998,3.1499999999999999,3,1.1339903035639434,2.2280184001535885,1.2878587085651816e-14,6.8212102632969618e-13,5.2744357860044847e-15,1.2878587085651816e-14,2.8421709430404007e-14,2.2204460492503131e-16,0,6.5369931689929217e-13,true,0,1.2079226507921703e-12,5.4883766024149953e-14,INCONSISTENT,true,0.16336651697448817
1015,0.81000000000000005,100,-1.2,0.29999999999999999,1,3,9,3,-7.2325771361364897,3.4190390418706382,1.2878587085651816e-14,1.0942358130705543e-12,1.3302306634655067e-14,1.2878587085651816e-14,1.7479351299698465e-12,1.7274099861031832e-13,0,6.5369931689929217e-13,true,0,1.9468870959826745e-12,5.2651922386300291e-14,INCONSISTENT,true,0.16309973893321941
1016,0.81000000000000005,100,2,-1.5,2.5,7.5,22.5,3,-0.1474787431082491,-0.1350926361102302,1.2878587085651816e-14,3.0411229090532288e-12,7.4921219123200913e-14,1.2878587085651816e-14,1.8332002582610585e-12,9.0358813537265601e-15,0,1.2079226507921703e-12,true,0,9.8054897534893826e-13,1.8433386214536668e-14,INCONSISTENT,true,0.16257734331262957
1017,0.81000000000000005,100,0.40000000000000002,0.69999999999999996,0.34999999999999998,2.0999999999999996,12.6,6,0.71650236684420454,-0.22164015499600465,1.2878587085651816e-14,1.1510792319313623e-12,9.1024747707145231e-15,1.2878587085651816e-14,6.2527760746888816e-13,3.6557370077854216e-15,0,5.2580162446247414e-13,true,0,1.8616219676914625e-12,1.1272107262962113e-14,INCONSISTENT,true,0.25059196948034884
1018,0.81000000000000005,100,-1.2,0.29999999999999999,1,6,36,6,1.1339903035639434,2.2280184001535885,1.2878587085651816e-14,2.5011104298755527e-12,3.0724306447204586e-14,1.2878587085651816e-14,1.8616219676914625e-12,5.7275457871252126e-14,0,6.3948846218409017e-13,true,0,1.7479351299698465e-12,6.2533777020477467e-15,INCONSISTENT,true,0.25018275199797591
1019,0.81000000000000005,100,2,-1.5,2.5,15,90,6,-7.2325771361364897,3.4190390418706382,1.2878587085651816e-14,3.822719918389339e-12,9.41995286409923e-14,1.2878587085651816e-14,3.3537617127876729e-12,6.6256919511238385e-13,0,4.6895820560166612e-13,true,0,1.6342482922482304e-12,1.4623971526164531e-14,INCONSISTENT,true,0.24938143634388688
1020,0.85749999999999993,0.01,0.40000000000000002,0.69999999999999996,0.34999999999999998,0.4375,0.546875,1.25,-0.1474787431082491,-0.1350926361102302,1.7319479184152442e-14,5.8980598183211441e-17,2.6204321020395825e-14,1.7319479184152442e-14,2.4633073358870661e-16,5.3042931076218111e-15,0,1.8735013540549517e-16,true,0,5.2041704279304213e-17,3.1311178165947911e-15,INCONSISTENT,true,0.0027031936130055495
1021,0.85749999999999993,0.01,-1.2,0.29999999999999999,1,1.25,1.5625,1.25,0.71650236684420454,-0.22164015499600465,1.7319479184152442e-14,3.5214886562329184e-16,3.3066199367147813e-14,1.7319479184152442e-14,1.214306433183765e-16,2.5077527366798336e-14,0,4.7357950894166834e-16,true,0,6.9388939039072284e-18,2.0345948590881239e-17,INCONSISTENT,true,0.0011028109147708358
1022,0.85749999999999993,0.01,2,-1.5,2.5,3.125,3.90625,1.25,1.1339903035639434,2.2280184001535885,1.7319479184152442e-14,1.1362438767648086e-15,7.8095331957101944e-14,1.7319479184152442e-14,2.7131075164277263e-15,1.9107193067959623e-13,0,1.5768636396629176e-15,true,0,1.0408340855860843e-16,1.7816291885584966e-15,INCONSISTENT,true,0.00050330976958741947
1023,0.85749999999999993,0.01,0.40000000000000002,0.69999999999999996,0.34999999999999998,0.61249999999999993,1.0718749999999999,1.75,-7.2325771361364897,3.4190390418706382,1.7319479184152442e-14,7.2858385991025898e-17,2.6259591014793585e-14,1.7319479184152442e-14,1.5959455978986625e-16,2.1035067242362897e-13,0,8.6736173798840355e-17,true,0,1.2490009027033011e-16,4.2759678377860022e-16,INCONSISTENT,true,0.0031983630749838326
1024,0.85749999999999993,0.01,-1.2,0.29999999999999999,1,1.75,3.0625,1.75,-0.1474787431082491,-0.1350926361102302,1.7319479184152442e-14,1.7694179454963432e-16,3.3281701346161639e-14,1.7319479184152442e-14,2.0816681711721685e-16,6.6454174906321208e-15,0,3.1225022567582528e-17,true,0,1.3010426069826053e-16,4.7960842580178659e-16,INCONSISTENT,true,0.0013048231882182789
1025,0.85749999999999993,0.01,2,-1.5,2.5,4.375,7.65625,1.75,0.71650236684420454,-0.22164015499600465,1.7319479184152442e-14,5.2562121322097255e-16,7.8674010178650254e-14,1.7319479184152442e-14,1.9428902930940239e-16,5.8882025969330601e-14,0,3.3133218391157016e-16,true,0,1.9255430583342559e-16,9.077724847343366e-16,INCONSISTENT,true,0.00059550576569231454
1026,0.85749999999999993,0.01,0.40000000000000002,0.69999999999999996,0.34999999999999998,1.0499999999999998,3.1499999999999999,3,1.1339903035639434,2.2280184001535885,1.7319479184152442e-14,2.4286128663675299e-17,2.6093784103094089e-14,1.7319479184152442e-14,9.540979117872439e-17,6.4901248888092813e-14,0,7.1123662515049091e-17,true,0,1.214306433183765e-16,4.640372650799008e-16,INCONSISTENT,true,0.0043591686575531014
1027,0.85749999999999993,0.01,-1.2,0.29999999999999999,1,3,9,3,-7.2325771361364897,3.4190390418706382,1.7319479184152442e-14,2.6541269182445149e-16,3.3173939569937845e-14,1.7319479184152442e-14,1.8041124150158794e-16,2.6634099954962674e-13,0,8.5001450322863548e-17,true,0,1.3877787807814457e-16,1.3323127460842967e-15,INCONSISTENT,true,0.0017783923251916702
1028,0.85749999999999993,0.01,2,-1.5,2.5,7.5,22.5,3,-0.1474787431082491,-0.1350926361102302,1.7319479184152442e-14,5.863365348801608e-16,7.8263085158895613e-14,1.7319479184152442e-14,2.4806545706468341e-16,1.5730832123172049e-14,0,3.3827107781547738e-16,true,0,1.1969591984239969e-16,1.364588222472187e-15,INCONSISTENT,true,0.00081163708069951536
1029,0.85749999999999993,0.01,0.40000000000000002,0.69999999999999996,0.34999999999999998,2.0999999999999996,12.6,6,0.71650236684420454,-0.22164015499600465,1.7319479184152442e-14,1.1102230246251565e-16,2.5883439680818861e-14,1.7319479184152442e-14,1.7694179454963432e-16,1.9367346642451002e-14,0,6.591949208711867e-17,true,0,2.931682674400804e-16,1.1265527610915713e-15,INCONSISTENT,true,0.0069056715901878608
1030,0.85749999999999993,0.01,-1.2,0.29999999999999999,1,6,36,6,1.1339903035639434,2.2280184001535885,1.7319479184152442e-14,3.5388358909926865e-16,3.3066199367147813e-14,1.7319479184152442e-14,2.7929047963226594e-16,8.2802097452311669e-14,0,7.4593109467002705e-17,true,0,2.2551405187698492e-16,2.6687847225018155e-15,INCONSISTENT,true,0.0028172787797525003
1031,0.85749999999999993,0.01,2,-1.5,2.5,15,90,6,-7.2325771361364897,3.4190390418706382,1.7319479184152442e-14,7.9797279894933126e-16,7.8178938226562471e-14,1.7319479184152442e-14,5.9674487573602164e-16,6.2628608786270397e-13,0,2.0122792321330962e-16,true,0,3.4694469519536142e-18,1.0225551660250603e-15,INCONSISTENT,true,0.0012857724878379791
1032,0.85749999999999993,0.10000000000000001,0.40000000000000002,0.69999999999999996,0.34999999999999998,0.4375,0.546875,1.25,-0.1474787431082491,-0.1350926361102302,1.7319479184152442e-14,4.0245584642661925e-16,2.5011331388797805e-14,1.7319479184152442e-14,5.2735593669694936e-16,5.0350222633278073e-15,0,1.2490009027033011e-16,true,0,3.4694469519536142e-16,9.8048848178990938e-16,INCONSISTENT,true,0.025020550176704858
1033,0.85749999999999993,0.10000000000000001,-1.2,0.29999999999999999,1,1.25,1.5625,1.25,0.71650236684420454,-0.22164015499600465,1.7319479184152442e-14,1.5265566588595902e-15,3.0828686461739059e-14,1.7319479184152442e-14,2.2204460492503131e-15,2.2493732216725853e-14,0,6.9388939039072284e-16,true,0,1.6653345369377348e-16,8.9797027503011716e-16,INCONSISTENT,true,0.010748946860005573
1034,0.85749999999999993,0.10000000000000001,2,-1.5,2.5,3.125,3.90625,1.25,1.1339903035639434,2.2280184001535885,1.7319479184152442e-14,3.9412917374193057e-15,7.4641343390398568e-14,1.7319479184152442e-14,2.9698465908722937e-15,1.8870395136741697e-13,0,9.7144514654701197e-16,true,0,8.0491169285323849e-16,9.5874307681383805e-16,INCONSISTENT,true,0.0049802304579191553
1035,0.85749999999999993,0.10000000000000001,0.40000000000000002,0.69999999999999996,0.34999999999999998,0.61249999999999993,1.0718749999999999,1.75,-7.2325771361364897,3.4190390418706382,1.7319479184152442e-14,5.5511151231257827e-17,2.4267199914681739e-14,1.7319479184152442e-14,3.4694469519536142e-16,1.9004735342946511e-13,0,2.9143354396410359e-16,true,0,6.3837823915946501e-16,9.517761665957001e-16,INCONSISTENT,true,0.02960380026645313
1036,0.85749999999999993,0.10000000000000001,-1.2,0.29999999999999999,1,1.75,3.0625,1.75,-0.1474787431082491,-0.1350926361102302,1.7319479184152442e-14,1.7763568394002505e-15,3.0500687793442911e-14,1.7319479184152442e-14,2.0261570199409107e-15,6.0520521876762144e-15,0,2.4980018054066022e-16,true,0,7.9103390504542404e-16,6.7516898843778766e-16,INCONSISTENT,true,0.012717932806074018
1037,0.85749999999999993,0.10000000000000001,2,-1.5,2.5,4.375,7.65625,1.75,0.71650236684420454,-0.22164015499600465,1.7319479184152442e-14,3.5943470422239443e-15,7.4727494516006714e-14,1.7319479184152442e-14,4.3159920082302961e-15,5.576635996375892e-14,0,7.2164496600635175e-16,true,0,3.3306690738754696e-16,4.8208423032183125e-16,INCONSISTENT,true,0.005892506228518603
1038,0.85749999999999993,0.10000000000000001,0.40000000000000002,0.69999999999999996,0.34999999999999998,1.0499999999999998,3.1499999999999999,3,1.1339903035639434,2.2280184001535885,1.7319479184152442e-14,7.0776717819853729e-16,2.3136632294927388e-14,1.7319479184152442e-14,6.8001160258290838e-16,5.8225667431129119e-14,0,2.7755575615628914e-17,true,0,1.3183898417423734e-15,1.7966371501208504e-15,INCONSISTENT,true,0.040348126601176836
1039,0.85749999999999993,0.10000000000000001,-1.2,0.29999999999999999,1,3,9,3,-7.2325771361364897,3.4190390418706382,1.7319479184152442e-14,2.4980018054066022e-15,2.9681184980677724e-14,1.7319479184152442e-14,2.4147350785597155e-15,2.3809146278096977e-13,0,8.3266726846886741e-17,true,0,1.3877787807814457e-15,4.5067265420037055e-16,INCONSISTENT,true,0.017333746287507099
1040,0.85749999999999993,0.10000000000000001,2,-1.5,2.5,7.5,22.5,3,-0.1474787431082491,-0.1350926361102302,1.7319479184152442e-14,3.6914915568786455e-15,7.4641343390398568e-14,1.7319479184152442e-14,3.70536934468646e-15,1.4939314493122144e-14,0,1.3877787807814457e-17,true,0,2.0400348077487251e-15,1.2543272008067713e-15,INCONSISTENT,true,0.0080311171257271274
1041,0.85749999999999993,0.10000000000000001,0.40000000000000002,0.69999999999999996,0.34999999999999998,2.0999999999999996,12.6,6,0.71650236684420454,-0.22164015499600465,1.7319479184152442e-14,1.4988010832439613e-15,2.1807052537658208e-14,1.7319479184152442e-14,1.4988010832439613e-15,1.6338771701307537e-14,0,0,true,0,2.5257573810222311e-15,9.1772716626403476e-16,INCONSISTENT,true,0.063918360007532496
1042,0.85749999999999993,0.10000000000000001,-1.2,0.29999999999999999,1,6,36,6,1.1339903035639434,2.2280184001535885,1.7319479184152442e-14,3.3029134982598407e-15,2.8740841591358318e-14,1.7319479184152442e-14,3.1918911957973251e-15,7.2134087162989689e-14,0,1.1102230246251565e-16,true,0,2.5396351688300456e-15,9.0789482407400289e-16,INCONSISTENT,true,0.027459630193878849
1043,0.85749999999999993,0.10000000000000001,2,-1.5,2.5,15,90,6,-7.2325771361364897,3.4190390418706382,1.7319479184152442e-14,5.134781488891349e-15,7.3724159113365083e-14,1.7319479184152442e-14,4.649058915617843e-15,5.906166111797819e-13,0,4.8572257327350599e-16,true,0,2.2898349882893854e-15,5.0671309667653831e-16,INCONSISTENT,true,0.012722668409834525
1044,0.85749999999999993,1,0.40000000000000002,0.69999999999999996,0.34999999999999998,0.4375,0.546875,1.25,-0.1474787431082491,-0.1350926361102302,1.7319479184152442e-14,3.8857805861880479e-15,1.1793996960463561e-14,1.7319479184152442e-14,3.3306690738754696e-15,2.3077325734296411e-15,0,5.5511151231257827e-16,true,0,3.6637359812630166e-15,3.118641541340579e-15,INCONSISTENT,true,0.091574512280803405
1045,0.85749999999999993,1,-1.2,0.29999999999999999,1,1.25,1.5625,1.25,0.71650236684420454,-0.22164015499600465,1.7319479184152442e-14,1.7541523789077473e-14,8.5048083891033402e-15,1.7319479184152442e-14,1.9317880628477724e-14,5.5646987355862973e-15,0,1.7763568394002505e-15,true,0,2.2204460492503131e-15,2.0940394585003704e-15,INCONSISTENT,true,0.068973566412970436
1046,0.85749999999999993,1,2,-1.5,2.5,3.125,3.90625,1.25,1.1339903035639434,2.2280184001535885,1.7319479184152442e-14,3.1974423109204508e-14,4.8730570896938512e-14,1.7319479184152442e-14,3.2862601528904634e-14,1.2090731429436712e-13,0,8.8817841970012523e-16,true,0,3.5527136788005009e-15,3.5527136788005009e-15,INCONSISTENT,true,0.041965565509147588
1047,0.85749999999999993,1,0.40000000000000002,0.69999999999999996,0.34999999999999998,0.61249999999999993,1.0718749999999999,1.75,-7.2325771361364897,3.4190390418706382,1.7319479184152442e-14,6.6613381477509392e-16,8.8887203825152457e-15,1.7319479184152442e-14,4.4408920985006262e-16,7.2031488870249661e-14,0,2.2204460492503131e-16,true,2.8421709430404007e-14,5.440092820663267e-15,1.1117516378243605e-15,INCONSISTENT,true,0.10834907913347409
1048,0.85749999999999993,1,-1.2,0.29999999999999999,1,1.75,3.0625,1.75,-0.1474787431082491,-0.1350926361102302,1.7319479184152442e-14,2.042810365310288e-14,6.775317366032284e-15,1.7319479184152442e-14,2.0650148258027912e-14,1.3092278833360677e-15,0,2.2204460492503131e-16,true,0,4.8849813083506888e-15,1.8932222427581662e-15,INCONSISTENT,true,0.081608104911125273
1049,0.85749999999999993,1,2,-1.5,2.5,4.375,7.65625,1.75,0.71650236684420454,-0.22164015499600465,1.7319479184152442e-14,3.5083047578154947e-14,4.7888077381369753e-14,1.7319479184152442e-14,3.5305092183079978e-14,3.5538237284069671e-14,0,2.2204460492503131e-16,true,0,5.773159728050814e-15,4.8208423032183125e-16,INCONSISTENT,true,0.049652793828583008
1050,0.85749999999999993,1,0.40000000000000002,0.69999999999999996,0.34999999999999998,1.0499999999999998,3.1499999999999999,3,1.1339903035639434,2.2280184001535885,1.7319479184152442e-14,6.8833827526759706e-15,5.0560877869968216e-15,1.1102230246251565e-14,3.5527136788005009e-15,9.1119487638216835e-15,2.8421709430404007e-14,1.0436096431476471e-14,true,2.8421709430404007e-14,1.9761969838327786e-14,9.7565317552870307e-16,INCONSISTENT,true,0.14767301233795788
1051,0.85749999999999993,1,-1.2,0.29999999999999999,1,3,9,3,-7.2325771361364897,3.4190390418706382,1.7319479184152442e-14,2.55351295663786e-14,4.829470157119431e-15,1.7319479184152442e-14,2.55351295663786e-14,3.9611164341440311e-14,0,0,true,0,1.3322676295501878e-14,1.5267019160122225e-15,INCONSISTENT,true,0.11122673842545931
1052,0.85749999999999993,1,2,-1.5,2.5,7.5,22.5,3,-0.1474787431082491,-0.1350926361102302,1.7319479184152442e-14,4.1300296516055823e-14,4.6223692645559054e-14,1.7319479184152442e-14,4.1744385725905886e-14,9.2469398682455485e-15,0,4.4408920985006262e-16,true,0,1.3766765505351941e-14,4.4285319843677839e-16,INCONSISTENT,true,0.067673649783675432
1053,0.85749999999999993,1,0.40000000000000002,0.69999999999999996,0.34999999999999998,2.0999999999999996,12.6,6,0.71650236684420454,-0.22164015499600465,1.1102230246251565e-14,9.3258734068513149e-15,2.2840663373370189e-15,1.1102230246251565e-14,9.5479180117763462e-15,1.7342238036525468e-15,0,2.2204460492503131e-16,true,0,1.6431300764452317e-14,2.3100269798858077e-16,INCONSISTENT,true,0.23393940589398216
1054,0.85749999999999993,1,-1.2,0.29999999999999999,1,6,36,6,1.1339903035639434,2.2280184001535885,1.7319479184152442e-14,3.3306690738754696e-14,7.2396842388692603e-15,1.7319479184152442e-14,3.3528735343679728e-14,1.8657032840962988e-14,0,2.2204460492503131e-16,true,0,2.55351295663786e-14,9.2642788909085805e-16,INCONSISTENT,true,0.17620225046421215
1055,0.85749999999999993,1,2,-1.5,2.5,15,90,6,-7.2325771361364897,3.4190390418706382,1.7319479184152442e-14,4.9515946898281982e-14,4.5749810893353967e-14,1.7319479184152442e-14,4.9737991503207013e-14,3.6387142555069449e-13,0,2.2204460492503131e-16,true,0,2.55351295663786e-14,1.9321359905961542e-15,INCONSISTENT,true,0.10720668031636697
1056,0.85749999999999993,10,0.40000000000000002,0.69999999999999996,0.34999999999999998,0.4375,0.546875,1.25,-0.1474787431082491,-0.1350926361102302,1.1102230246251565e-14,1.8829382497642655e-13,1.5689144474197559e-14,1.1102230246251565e-14,1.3145040611561853e-13,2.2114179756519749e-15,0,5.6843418860808015e-14,true,0,1.8829382497642655e-13,4.9873648888665447e-14,INCONSISTENT,true,0.10430989834776602
1057,0.85749999999999993,10,-1.2,0.29999999999999999,1,1.25,1.5625,1.25,0.71650236684420454,-0.22164015499600465,1.1102230246251565e-14,1.6164847238542279e-13,1.7291077599926342e-14,1.1102230246251565e-14,1.1901590823981678e-13,9.1458728038731453e-15,0,4.2632564145606011e-14,true,0,5.3290705182007514e-15,1.5352735735319485e-15,INCONSISTENT,true,0.10267662341425829
1058,0.85749999999999993,10,2,-1.5,2.5,3.125,3.90625,1.25,1.1339903035639434,2.2280184001535885,1.1102230246251565e-14,2.1849189124623081e-13,4.4353930899092524e-14,1.1102230246251565e-14,1.4743761767022079e-13,7.0396194546284926e-14,0,7.1054273576010019e-14,true,0,8.8817841970012523e-15,9.2194231594068922e-15,INCONSISTENT,true,0.09875868389151489
1059,0.85749999999999993,10,0.40000000000000002,0.69999999999999996,0.34999999999999998,0.61249999999999993,1.0718749999999999,1.75,-7.2325771361364897,3.4190390418706382,1.1102230246251565e-14,6.5725203057809267e-14,5.8663495455237441e-15,1.1102230246251565e-14,2.6645352591003757e-14,1.1916163935586911e-14,0,9.2370555648813024e-14,true,0,1.2079226507921703e-13,2.4754646751810022e-14,INCONSISTENT,true,0.12341732594581495
1060,0.85749999999999993,10,-1.2,0.29999999999999999,1,1.75,3.0625,1.75,-0.1474787431082491,-0.1350926361102302,1.1102230246251565e-14,1.1013412404281553e-13,1.0954700598681209e-14,1.1102230246251565e-14,1.2967404927621828e-13,2.6887475211046437e-15,0,1.9539925233402755e-14,true,0,6.3948846218409017e-14,6.5569182315089043e-15,INCONSISTENT,true,0.12148486864286989
1061,0.85749999999999993,10,2,-1.5,2.5,4.375,7.65625,1.75,0.71650236684420454,-0.22164015499600465,1.1102230246251565e-14,2.4336088699783431e-13,4.9809311849493388e-14,1.1102230246251565e-14,2.3803181647963356e-13,3.6461995890656978e-14,0,5.3290705182007514e-15,true,0,1.9539925233402755e-14,5.2322066538240881e-15,INCONSISTENT,true,0.11684924319627127
1062,0.85749999999999993,10,0.40000000000000002,0.69999999999999996,0.34999999999999998,1.0499999999999998,3.1499999999999999,3,1.1339903035639434,2.2280184001535885,1.1102230246251565e-14,3.0198066269804258e-14,1.8906416838689214e-15,1.1102230246251565e-14,5.5067062021407764e-14,9.7320405071648641e-15,0,2.4868995751603507e-14,true,0,9.9475983006414026e-14,9.6944350158953223e-15,INCONSISTENT,true,0.16821008948921506
1063,0.85749999999999993,10,-1.2,0.29999999999999999,1,3,9,3,-7.2325771361364897,3.4190390418706382,1.1102230246251565e-14,1.5987211554602254e-13,1.7062795135414645e-14,1.1102230246251565e-14,1.6342482922482304e-13,1.3821951165679346e-13,0,3.5527136788005009e-15,true,0,8.5265128291212022e-14,1.3423806385720046e-15,INCONSISTENT,true,0.16557627115477958
1064,0.85749999999999993,10,2,-1.5,2.5,7.5,22.5,3,-0.1474787431082491,-0.1350926361102302,1.1102230246251565e-14,2.5757174171303632e-13,5.3225902771817392e-14,1.1102230246251565e-14,2.5757174171303632e-13,1.0608304817614801e-14,0,0,true,0,8.7041485130612273e-14,6.2716360040338566e-16,INCONSISTENT,true,0.15925820385558584
1065,0.85749999999999993,10,0.40000000000000002,0.69999999999999996,0.34999999999999998,2.0999999999999996,12.6,6,0.71650236684420454,-0.22164015499600465,1.1102230246251565e-14,9.2370555648813024e-14,6.8050422722274263e-15,1.1102230246251565e-14,8.1712414612411521e-14,4.4994861457058206e-15,0,1.0658141036401503e-14,true,0,1.6697754290362354e-13,7.4246730552390188e-15,INCONSISTENT,true,0.26647366216396995
1066,0.85749999999999993,10,-1.2,0.29999999999999999,1,6,36,6,1.1339903035639434,2.2280184001535885,1.1102230246251565e-14,2.1316282072803006e-13,2.3417285553483775e-14,1.1102230246251565e-14,2.1849189124623081e-13,5.9984929806905174e-14,0,5.3290705182007514e-15,true,0,1.6164847238542279e-13,2.1674858647514765e-15,INCONSISTENT,true,0.26230124171533037
1067,0.85749999999999993,10,2,-1.5,2.5,15,90,6,-7.2325771361364897,3.4190390418706382,1.1102230246251565e-14,3.1796787425264483e-13,6.727328602984208e-14,1.1102230246251565e-14,3.1974423109204508e-13,5.3837387496044515e-13,0,1.7763568394002505e-15,true,0,1.5631940186722204e-13,3.5886672520421444e-15,INCONSISTENT,true,0.25229233834855719
1068,0.85749999999999993,100,0.40000000000000002,0.69999999999999996,0.34999999999999998,0.4375,0.546875,1.25,-0.1474787431082491,-0.1350926361102302,1.1102230246251565e-14,3.836930773104541e-13,3.1811328642149311e-15,4.5741188614556449e-14,3.4958702599396929e-12,5.5679900175043147e-15,5.6843418860808015e-14,3.1121771826292388e-12,true,0,3.0127011996228248e-12,6.5199799565076851e-14,INCONSISTENT,true,0.10518875905514719
1069,0.85749999999999993,100,-1.2,0.29999999999999999,1,1.25,1.5625,1.25,0.71650236684420454,-0.22164015499600465,4.5741188614556449e-14,7.631228982063476e-12,9.3331134800041755e-14,4.5741188614556449e-14,4.2632564145606011e-12,3.879594098286976e-14,0,3.3679725675028749e-12,true,5.6843418860808015e-14,7.560174708487466e-12,5.027461285948564e-14,INCONSISTENT,true,0.10505329123690087
1070,0.85749999999999993,100,2,-1.5,2.5,3.125,3.90625,1.25,1.1339903035639434,2.2280184001535885,1.1102230246251565e-14,3.5527136788005009e-13,1.0216465069780992e-14,1.1102230246251565e-14,3.5527136788005009e-13,1.8736144289136714e-14,0,7.1054273576010019e-13,true,0,4.1637804315541871e-12,8.9409207791571398e-14,INCONSISTENT,true,0.1047723039631193
1071,0.85749999999999993,100,0.40000000000000002,0.69999999999999996,0.34999999999999998,0.61249999999999993,1.0718749999999999,1.75,-7.2325771361364897,3.4190390418706382,4.5741188614556449e-14,2.8563817977556027e-12,2.273600140854491e-14,6.794564910705958e-14,3.1405988920596428e-12,2.0548233766202252e-13,1.1368683772161603e-13,2.8421709430404007e-13,true,5.6843418860808015e-14,3.5527136788005009e-12,1.2445212208813305e-13,INCONSISTENT,true,0.12445717585549319
1072,0.85749999999999993,100,-1.2,0.29999999999999999,1,1.75,3.0625,1.75,-0.1474787431082491,-0.1350926361102302,1.1102230246251565e-14,4.2632564145606011e-14,4.4408920985006262e-16,1.1102230246251565e-14,9.0949470177292824e-13,2.2041230194153869e-15,0,8.6686213762732223e-13,true,0,1.5489831639570184e-12,4.4361526830441577e-14,INCONSISTENT,true,0.12429689311980115
1073,0.85749999999999993,100,2,-1.5,2.5,4.375,7.65625,1.75,0.71650236684420454,-0.22164015499600465,1.1102230246251565e-14,2.6716406864579767e-12,6.5282624338000665e-14,1.1102230246251565e-14,2.4442670110147446e-12,4.4603892240110523e-14,0,2.2737367544323206e-13,true,0,1.1368683772161603e-13,5.0088477869733222e-14,INCONSISTENT,true,0.12396443475771121
1074,0.85749999999999993,100,0.40000000000000002,0.69999999999999996,0.34999999999999998,1.0499999999999998,3.1499999999999999,3,1.1339903035639434,2.2280184001535885,1.1102230246251565e-14,3.836930773104541e-13,2.9893669801409084e-15,1.1102230246251565e-14,7.9580786405131221e-13,1.5827591137448791e-14,0,1.1795009413617663e-12,true,0,9.2370555648813024e-13,8.9718438639004696e-14,INCONSISTENT,true,0.16962733982288769
1075,0.85749999999999993,100,-1.2,0.29999999999999999,1,3,9,3,-7.2325771361364897,3.4190390418706382,1.1102230246251565e-14,1.3073986337985843e-12,1.6035037660803437e-14,1.1102230246251565e-14,1.3642420526593924e-12,1.3192065960296266e-13,0,5.6843418860808015e-14,true,0,1.2363443602225743e-12,1.2122868293282716e-14,INCONSISTENT,true,0.169408884487524
1076,0.85749999999999993,100,2,-1.5,2.5,7.5,22.5,3,-0.1474787431082491,-0.1350926361102302,1.1102230246251565e-14,2.7569058147491887e-12,6.7150047909463949e-14,1.1102230246251565e-14,2.4726887204451486e-12,1.2039170891498076e-14,0,2.8421709430404007e-13,true,0,8.5265128291212022e-13,5.8132363681311629e-15,INCONSISTENT,true,0.1689557645514598
1077,0.85749999999999993,100,0.40000000000000002,0.69999999999999996,0.34999999999999998,2.0999999999999996,12.6,6,0.71650236684420454,-0.22164015499600465,1.1102230246251565e-14,9.5212726591853425e-13,7.5879906179041097e-15,1.1102230246251565e-14,5.2580162446247414e-13,3.1411660718727826e-15,0,4.2632564145606011e-13,true,0,1.6910917111090384e-12,4.2073888717247991e-14,INCONSISTENT,true,0.26871883002380159
1078,0.85749999999999993,100,-1.2,0.29999999999999999,1,6,36,6,1.1339903035639434,2.2280184001535885,1.1102230246251565e-14,1.9895196601282805e-12,2.4302031366992332e-14,1.1102230246251565e-14,2.0889956431346945e-12,6.3839272016510746e-14,0,9.9475983006414026e-14,true,0,1.8189894035458565e-12,1.025111619732236e-14,INCONSISTENT,true,0.26837275926543042
1079,0.85749999999999993,100,2,-1.5,2.5,15,90,6,-7.2325771361364897,3.4190390418706382,1.1102230246251565e-14,3.3537617127876729e-12,8.2204799331645284e-14,1.1102230246251565e-14,3.5242919693700969e-12,6.9118316255667338e-13,0,1.7053025658242404e-13,true,0,1.4210854715202004e-12,1.5980946952732128e-14,INCONSISTENT,true,0.26765493948939001
1080,0.90499999999999992,0.01,0.40000000000000002,0.69999999999999996,0.34999999999999998,0.4375,0.546875,1.25,-0.1474787431082491,-0.1350926361102302,6.4503957730721595e-14,3.2959746043559335e-16,9.7314847998920525e-14,6.4503957730721595e-14,1.4918621893400541e-16,1.963476114287977e-14,0,4.7878367936959876e-16,true,0,1.6826817716975029e-16,1.6288134497285255e-15,INCONSISTENT,true,0.0028626976649111084
1081,0.90499999999999992,0.01,-1.2,0.29999999999999999,1,1.25,1.5625,1.25,0.71650236684420454,-0.22164015499600465,6.4503957730721595e-14,6.7133798520302435e-16,1.2451738986986866e-13,6.4503957730721595e-14,5.6898930012039273e-16,9.3535894492193182e-14,0,1.0234868508263162e-16,true,0,1.5612511283791264e-17,1.3458741020138443e-15,INCONSISTENT,true,0.0011100976202422605
1082,0.90499999999999992,0.01,2,-1.5,2.5,3.125,3.90625,1.25,1.1339903035639434,2.2280184001535885,6.4503957730721595e-14,8.2052420413702976e-16,2.925797258926395e-13,6.4503957730721595e-14,1.8145207558717402e-15,7.3012588007532768e-13,0,9.9399655173471047e-16,true,0,3.2612801348363973e-16,1.191157161649329e-16,INCONSISTENT,true,0.00048487080274428932
1083,0.90499999999999992,0.01,0.40000000000000002,0.69999999999999996,0.34999999999999998,0.61249999999999993,1.0718749999999999,1.75,-7.2325771361364897,3.4190390418706382,6.4503957730721595e-14,1.7867651802561113e-16,9.7580583152456674e-14,6.4503957730721595e-14,8.6736173798840355e-17,7.8204311598440225e-13,0,9.1940344226770776e-17,true,1.1368683772161603e-13,3.4694469519536142e-16,1.3422799421928128e-15,INCONSISTENT,true,0.0034234672825357863
1084,0.90499999999999992,0.01,-1.2,0.29999999999999999,1,1.75,3.0625,1.75,-0.1474787431082491,-0.1350926361102302,6.4503957730721595e-14,6.9735883734267645e-16,1.2446339159869093e-13,6.4503957730721595e-14,5.4817261840867104e-16,2.4923224178972193e-14,0,1.4918621893400541e-16,true,1.1368683772161603e-13,1.4849232954361469e-15,5.1827131578391462e-17,INCONSISTENT,true,0.0013275530035543575
1085,0.90499999999999992,0.01,2,-1.5,2.5,4.375,7.65625,1.75,0.71650236684420454,-0.22164015499600465,6.4503957730721595e-14,1.1830814106161824e-15,2.9228838849308454e-13,6.4503957730721595e-14,1.3287981825982342e-15,2.1922089493594502e-13,0,1.457167719820518e-16,true,1.1368683772161603e-13,2.2967738821932926e-15,3.2339752160171328e-16,INCONSISTENT,true,0.00057985142818350638
1086,0.90499999999999992,0.01,0.40000000000000002,0.69999999999999996,0.34999999999999998,1.0499999999999998,3.1499999999999999,3,1.1339903035639434,2.2280184001535885,4.9182879990894435e-14,1.0581813203458523e-16,7.4468762830991574e-14,4.9182879990894435e-14,2.2204460492503131e-16,1.8572328958968784e-13,0,1.1622647289044608e-16,true,5.6843418860808015e-14,2.4112656316077619e-16,8.8064642005055235e-16,INCONSISTENT,true,0.0047665022986218743
1087,0.90499999999999992,0.01,-1.2,0.29999999999999999,1,3,9,3,-7.2325771361364897,3.4190390418706382,4.9182879990894435e-14,7.3552275381416621e-16,9.4516191688215679e-14,4.9182879990894435e-14,7.4072692424209663e-16,7.5653826154005784e-13,0,5.2041704279304213e-18,true,5.6843418860808015e-14,8.5174922670461228e-16,5.2552141801158966e-16,INCONSISTENT,true,0.0018483554597600546
1088,0.90499999999999992,0.01,2,-1.5,2.5,7.5,22.5,3,-0.1474787431082491,-0.1350926361102302,4.9182879990894435e-14,1.35828848168984e-15,2.2243783079913872e-13,4.9182879990894435e-14,1.474514954580286e-15,4.4542780839701776e-14,0,1.1622647289044608e-16,true,5.6843418860808015e-14,1.6826817716975029e-15,1.0197194942586881e-15,INCONSISTENT,true,0.00080732863415796893
1089,0.90499999999999992,0.01,0.40000000000000002,0.69999999999999996,0.34999999999999998,2.0999999999999996,12.6,6,0.71650236684420454,-0.22164015499600465,7.6605388699135801e-15,8.5001450322863548e-17,1.1599572757078549e-14,7.6605388699135801e-15,1.3530843112619095e-16,8.6885148813912725e-15,0,5.0306980803327406e-17,true,0,1.4051260155412137e-16,1.8265242776113994e-15,INCONSISTENT,true,0.0078022513378516066
1090,0.90499999999999992,0.01,-1.2,0.29999999999999999,1,6,36,6,1.1339903035639434,2.2280184001535885,7.6605388699135801e-15,1.1102230246251565e-16,1.4971554049181536e-14,7.6605388699135801e-15,8.1532003370909933e-17,3.7527508990683236e-14,0,2.9490299091605721e-17,true,0,1.5092094240998222e-16,2.0197238584387973e-16,INCONSISTENT,true,0.0030255589854446818
1091,0.90499999999999992,0.01,2,-1.5,2.5,15,90,6,-7.2325771361364897,3.4190390418706382,7.6605388699135801e-15,4.2847669856627135e-16,3.4584828285555491e-14,7.6605388699135801e-15,3.6255720647915268e-16,2.7713443981634203e-13,0,6.591949208711867e-17,true,0,1.1275702593849246e-16,8.8817841970012523e-16,INCONSISTENT,true,0.0013215100971996504
1092,0.90499999999999992,0.10000000000000001,0.40000000000000002,0.69999999999999996,0.34999999999999998,0.4375,0.546875,1.25,-0.1474787431082491,-0.1350926361102302,4.9182879990894435e-14,6.5225602696727947e-16,7.1210919906900294e-14,4.9182879990894435e-14,8.4654505627668186e-16,1.4290914370140527e-14,0,1.9428902930940239e-16,true,0,8.6042284408449632e-16,1.3110586687387373e-15,INCONSISTENT,true,0.026760281228403633
1093,0.90499999999999992,0.10000000000000001,-1.2,0.29999999999999999,1,1.25,1.5625,1.25,0.71650236684420454,-0.22164015499600465,6.4503957730721595e-14,5.9535709695524019e-15,1.1595790537342942e-13,6.4503957730721595e-14,6.5503158452884236e-15,8.6393615264990379e-14,0,5.9674487573602164e-16,true,0,1.0963452368173421e-15,3.565818425207653e-15,INCONSISTENT,true,0.010891226190948232
1094,0.90499999999999992,0.10000000000000001,2,-1.5,2.5,3.125,3.90625,1.25,1.1339903035639434,2.2280184001535885,6.4503957730721595e-14,1.1254885912137524e-14,2.8195188610464824e-13,6.4503957730721595e-14,1.1671219546371958e-14,7.0412847518326976e-13,0,4.163336342344337e-16,true,0,1.3877787807814457e-15,6.5133101239309248e-16,INCONSISTENT,true,0.0048143585132989462
1095,0.90499999999999992,0.10000000000000001,0.40000000000000002,0.69999999999999996,0.34999999999999998,0.61249999999999993,1.0718749999999999,1.75,-7.2325771361364897,3.4190390418706382,4.9182879990894435e-14,5.2735593669694936e-16,6.9146241737139665e-14,4.9182879990894435e-14,4.9960036108132044e-16,5.5308364972959503e-13,0,2.7755575615628914e-17,true,5.6843418860808015e-14,9.1593399531575415e-16,4.7327965598694135e-16,INCONSISTENT,true,0.032002313195653012
1096,0.90499999999999992,0.10000000000000001,-1.2,0.29999999999999999,1,1.75,3.0625,1.75,-0.1474787431082491,-0.1350926361102302,4.9182879990894435e-14,5.773159728050814e-15,8.6862607106169999e-14,4.9182879990894435e-14,5.8286708792820718e-15,1.7359509483686572e-14,0,5.5511151231257827e-17,true,0,1.6792123247455493e-15,8.8968924731540714e-16,INCONSISTENT,true,0.013024692404111459
1097,0.90499999999999992,0.10000000000000001,2,-1.5,2.5,4.375,7.65625,1.75,0.71650236684420454,-0.22164015499600465,6.4503957730721595e-14,1.3072876114961218e-14,2.8042572173944401e-13,6.4503957730721595e-14,1.354472090042691e-14,2.1041265908388622e-13,0,4.7184478546569153e-16,true,1.1368683772161603e-13,2.5424107263916085e-14,0,INCONSISTENT,true,0.0057574360920859633
1098,0.90499999999999992,0.10000000000000001,0.40000000000000002,0.69999999999999996,0.34999999999999998,1.0499999999999998,3.1499999999999999,3,1.1339903035639434,2.2280184001535885,7.6605388699135801e-15,3.8857805861880479e-16,1.0358446266776774e-14,7.6605388699135801e-15,3.8857805861880479e-16,2.5592988695467385e-14,0,0,true,0,5.8286708792820718e-16,1.0226892495528916e-15,INCONSISTENT,true,0.044556902934764803
1099,0.90499999999999992,0.10000000000000001,-1.2,0.29999999999999999,1,3,9,3,-7.2325771361364897,3.4190390418706382,4.9182879990894435e-14,7.4801276284119922e-15,8.4780504075597756e-14,4.9182879990894435e-14,7.4246164771807344e-15,6.7851774039823713e-13,0,5.5511151231257827e-17,true,5.6843418860808015e-14,9.2009733165809848e-15,1.6056790487608908e-16,INCONSISTENT,true,0.018134312718494534
1100,0.90499999999999992,0.10000000000000001,2,-1.5,2.5,7.5,22.5,3,-0.1474787431082491,-0.1350926361102302,4.9182879990894435e-14,1.2129186544029835e-14,2.1190548571814522e-13,4.9182879990894435e-14,1.1671219546371958e-14,4.2469352614129696e-14,0,4.5796699765787707e-16,true,5.6843418860808015e-14,1.4432899320127035e-14,1.3322676295501878e-15,INCONSISTENT,true,0.0080160930723909216
1101,0.90499999999999992,0.10000000000000001,0.40000000000000002,0.69999999999999996,0.34999999999999998,2.0999999999999996,12.6,6,0.71650236684420454,-0.22164015499600465,7.6605388699135801e-15,7.6327832942979512e-16,9.7326737531236397e-15,7.6605388699135801e-15,6.9388939039072284e-16,7.4038225565667937e-15,0,6.9388939039072284e-17,true,0,1.1796119636642288e-15,1.2295731651675708e-15,INCONSISTENT,true,0.072934855320191311
1102,0.90499999999999992,0.10000000000000001,-1.2,0.29999999999999999,1,6,36,6,1.1339903035639434,2.2280184001535885,7.6605388699135801e-15,1.4988010832439613e-15,1.3013902453820183e-14,7.6605388699135801e-15,1.457167719820518e-15,3.2685086521157554e-14,0,4.163336342344337e-17,true,0,1.1934897514720433e-15,2.0197238584387973e-16,INCONSISTENT,true,0.029683918480396216
1103,0.90499999999999992,0.10000000000000001,2,-1.5,2.5,15,90,6,-7.2325771361364897,3.4190390418706382,7.6605388699135801e-15,2.2898349882893854e-15,3.2917316979481119e-14,7.6605388699135801e-15,2.4702462297909733e-15,2.6477252675680095e-13,0,1.8041124150158794e-16,true,0,1.1518563880485999e-15,0,INCONSISTENT,true,0.013121481744905683
1104,0.90499999999999992,1,0.40000000000000002,0.69999999999999996,0.34999999999999998,0.4375,0.546875,1.25,-0.1474787431082491,-0.1350926361102302,7.6605388699135801e-15,2.886579864025407e-15,6.0971362260113712e-15,7.6605388699135801e-15,0,8.4075230468832212e-16,0,2.886579864025407e-15,true,0,1.7763568394002505e-15,2.8931168916733749e-15,INCONSISTENT,true,0.094899085241450215
1105,0.90499999999999992,1,-1.2,0.29999999999999999,1,1.25,1.5625,1.25,0.71650236684420454,-0.22164015499600465,7.6605388699135801e-15,3.9968028886505635e-15,6.6281802289471668e-15,7.6605388699135801e-15,5.8841820305133297e-15,3.8873662955322348e-15,0,1.8873791418627661e-15,true,0,4.4408920985006262e-15,5.4282654940287633e-15,INCONSISTENT,true,0.071553232775895523
1106,0.90499999999999992,1,2,-1.5,2.5,3.125,3.90625,1.25,1.1339903035639434,2.2280184001535885,4.9182879990894435e-14,9.5479180117763462e-14,1.3685587324703997e-13,4.9182879990894435e-14,9.3924867883288243e-14,3.435359429228775e-13,0,1.5543122344752192e-15,true,0,3.7747582837255322e-15,2.2287578715915678e-15,INCONSISTENT,true,0.041818962546658837
1107,0.90499999999999992,1,0.40000000000000002,0.69999999999999996,0.34999999999999998,0.61249999999999993,1.0718749999999999,1.75,-7.2325771361364897,3.4190390418706382,7.6605388699135801e-15,4.4408920985006262e-16,3.8346916840060847e-15,7.6605388699135801e-15,2.2204460492503131e-16,3.384705673477702e-14,0,6.6613381477509392e-16,true,0,3.3306690738754696e-15,9.4655931197388289e-16,INCONSISTENT,true,0.11348872689179527
1108,0.90499999999999992,1,-1.2,0.29999999999999999,1,1.75,3.0625,1.75,-0.1474787431082491,-0.1350926361102302,7.6605388699135801e-15,8.1046280797636427e-15,3.451079653686751e-15,7.6605388699135801e-15,8.8817841970012523e-15,6.1125314658586724e-16,0,7.7715611723760958e-16,true,0,3.6637359812630166e-15,1.2510514810630696e-15,INCONSISTENT,true,0.085569689866538581
1109,0.90499999999999992,1,2,-1.5,2.5,4.375,7.65625,1.75,0.71650236684420454,-0.22164015499600465,7.6605388699135801e-15,1.5765166949677223e-14,2.0791723739534308e-14,7.6605388699135801e-15,1.6764367671839864e-14,1.4876988529977098e-14,0,9.9920072216264089e-16,true,0,2.7755575615628914e-15,5.4936434475071593e-16,INCONSISTENT,true,0.050010817356996903
1110,0.90499999999999992,1,0.40000000000000002,0.69999999999999996,0.34999999999999998,1.0499999999999998,3.1499999999999999,3,1.1339903035639434,2.2280184001535885,7.6605388699135801e-15,2.6645352591003757e-15,2.4525628233156873e-15,7.6605388699135801e-15,2.3314683517128287e-15,6.4047456679787536e-15,0,3.3306690738754696e-16,true,0,6.7723604502134549e-15,2.6645352591003757e-15,INCONSISTENT,true,0.15801064621149352
1111,0.90499999999999992,1,-1.2,0.29999999999999999,1,3,9,3,-7.2325771361364897,3.4190390418706382,7.6605388699135801e-15,1.1213252548714081e-14,1.5553031891404223e-15,7.6605388699135801e-15,1.1657341758564144e-14,1.1916163935586911e-14,0,4.4408920985006262e-16,true,0,6.106226635438361e-15,1.3419087483221701e-15,INCONSISTENT,true,0.11913889918617651
1112,0.90499999999999992,1,2,-1.5,2.5,7.5,22.5,3,-0.1474787431082491,-0.1350926361102302,7.6605388699135801e-15,1.7763568394002505e-14,1.99815471286631e-14,7.6605388699135801e-15,1.7985612998927536e-14,3.9724425222186988e-15,0,2.2204460492503131e-16,true,0,6.4392935428259079e-15,1.0197194942586881e-15,INCONSISTENT,true,0.069630189575378088
1113,0.90499999999999992,1,0.40000000000000002,0.69999999999999996,0.34999999999999998,2.0999999999999996,12.6,6,0.71650236684420454,-0.22164015499600465,7.6605388699135801e-15,7.3274719625260332e-15,2.2452871135843694e-15,7.6605388699135801e-15,6.9944050551384862e-15,1.6392246515987586e-15,0,3.3306690738754696e-16,true,0,1.1213252548714081e-14,2.1868171993246755e-15,INCONSISTENT,true,0.25864642426692741
1114,0.90499999999999992,1,-1.2,0.29999999999999999,1,6,36,6,1.1339903035639434,2.2280184001535885,7.6605388699135801e-15,1.4765966227514582e-14,2.6604844918946567e-15,7.6605388699135801e-15,1.532107773982716e-14,7.2836045936138691e-15,0,5.5511151231257827e-16,true,0,1.1657341758564144e-14,3.36620643073133e-16,INCONSISTENT,true,0.19501755738886631
1115,0.90499999999999992,1,2,-1.5,2.5,15,90,6,-7.2325771361364897,3.4190390418706382,7.6605388699135801e-15,2.1649348980190553e-14,1.9142254059414216e-14,7.6605388699135801e-15,2.120525977034049e-14,1.5510352080342978e-13,0,4.4408920985006262e-16,true,0,1.2101430968414206e-14,1.2602929590093073e-15,INCONSISTENT,true,0.11397712740566826
1116,0.90499999999999992,10,0.40000000000000002,0.69999999999999996,0.34999999999999998,0.4375,0.546875,1.25,-0.1474787431082491,-0.1350926361102302,3.6082248300317588e-14,7.638334409421077e-14,7.9951476050283227e-15,2.0761170560490427e-14,6.0396132539608516e-14,7.2194514417633959e-16,5.6843418860808015e-14,1.5987211554602254e-14,true,5.6843418860808015e-14,1.9539925233402755e-14,4.9010469725100675e-14,INCONSISTENT,true,0.10524862799165899
1117,0.90499999999999992,10,-1.2,0.29999999999999999,1,1.25,1.5625,1.25,0.71650236684420454,-0.22164015499600465,7.6605388699135801e-15,7.1054273576010019e-14,7.0043107463434754e-15,7.6605388699135801e-15,2.4868995751603507e-14,1.0934428697813141e-15,0,4.6185277824406512e-14,true,2.8421709430404007e-14,2.9842794901924208e-13,7.058982910019348e-15,INCONSISTENT,true,0.103968517751086
1118,0.90499999999999992,10,2,-1.5,2.5,3.125,3.90625,1.25,1.1339903035639434,2.2280184001535885,7.6605388699135801e-15,1.829647544582258e-13,3.7729292379679159e-14,7.6605388699135801e-15,1.723066134218243e-13,8.8256515782984949e-14,0,1.0658141036401503e-14,true,0,2.3092638912203256e-14,9.7638274273197721e-15,INCONSISTENT,true,0.10039627914800262
1119,0.90499999999999992,10,0.40000000000000002,0.69999999999999996,0.34999999999999998,0.61249999999999993,1.0718749999999999,1.75,-7.2325771361364897,3.4190390418706382,2.0761170560490427e-14,6.7501559897209518e-14,4.3002335929607924e-15,2.0761170560490427e-14,5.1514348342607263e-14,2.5572752891079575e-14,0,1.5987211554602254e-14,true,0,2.6645352591003757e-14,1.5940387371518864e-14,INCONSISTENT,true,0.12586562628598907
1120,0.90499999999999992,10,-1.2,0.29999999999999999,1,1.75,3.0625,1.75,-0.1474787431082491,-0.1350926361102302,2.0761170560490427e-14,2.4336088699783431e-13,2.5945273117430249e-14,2.0761170560490427e-14,2.4868995751603507e-13,5.2868543284166169e-15,0,5.3290705182007514e-15,true,0,5.8619775700208265e-14,3.6715971792814097e-15,INCONSISTENT,true,0.12433475714099577
1121,0.90499999999999992,10,2,-1.5,2.5,4.375,7.65625,1.75,0.71650236684420454,-0.22164015499600465,7.6605388699135801e-15,1.5809575870662229e-13,3.1959770976048644e-14,7.6605388699135801e-15,1.4743761767022079e-13,2.2054071095272411e-14,0,1.0658141036401503e-14,true,0,2.8421709430404007e-14,1.0987286895014319e-15,INCONSISTENT,true,0.12006275799381694
1122,0.90499999999999992,10,0.40000000000000002,0.69999999999999996,0.34999999999999998,1.0499999999999998,3.1499999999999999,3,1.1339903035639434,2.2280184001535885,2.0761170560490427e-14,1.1901590823981678e-13,8.4406161210407278e-15,2.0761170560490427e-14,1.3145040611561853e-13,2.3445428968549845e-14,0,1.2434497875801753e-14,true,0,1.4566126083082054e-13,9.3092062228197024e-15,INCONSISTENT,true,0.17524303505691988
1123,0.90499999999999992,10,-1.2,0.29999999999999999,1,3,9,3,-7.2325771361364897,3.4190390418706382,2.0761170560490427e-14,3.1086244689504383e-13,3.3967427207304134e-14,2.0761170560490427e-14,3.0908609005564358e-13,2.7197554710243541e-13,0,1.7763568394002505e-15,true,0,1.7053025658242404e-13,1.9382336781433185e-15,INCONSISTENT,true,0.17311160201073805
1124,0.90499999999999992,10,2,-1.5,2.5,7.5,22.5,3,-0.1474787431082491,-0.1350926361102302,7.6605388699135801e-15,1.8829382497642655e-13,3.898384965480294e-14,7.6605388699135801e-15,1.865174681370263e-13,7.7160625011597531e-15,0,1.7763568394002505e-15,true,0,5.6843418860808015e-14,1.9287610634347529e-15,INCONSISTENT,true,0.16716368661554654
1125,0.90499999999999992,10,0.40000000000000002,0.69999999999999996,0.34999999999999998,2.0999999999999996,12.6,6,0.71650236684420454,-0.22164015499600465,2.0761170560490427e-14,2.007283228522283e-13,1.4995924222350409e-14,2.0761170560490427e-14,1.9539925233402755e-13,1.0897448376334364e-14,0,5.3290705182007514e-15,true,0,3.0553337637684308e-13,5.1213695433973509e-15,INCONSISTENT,true,0.28685399042346105
1126,0.90499999999999992,10,-1.2,0.29999999999999999,1,6,36,6,1.1339903035639434,2.2280184001535885,2.0761170560490427e-14,4.1211478674085811e-13,4.6449401521775405e-14,2.0761170560490427e-14,4.1033842990145786e-13,1.1494621047057935e-13,0,1.7763568394002505e-15,true,0,3.1263880373444408e-13,8.0788954337551903e-16,INCONSISTENT,true,0.28336506389111144
1127,0.90499999999999992,10,2,-1.5,2.5,15,90,6,-7.2325771361364897,3.4190390418706382,7.6605388699135801e-15,2.2559731860383181e-13,4.7586495271699627e-14,7.6605388699135801e-15,2.2915003228263231e-13,3.8924514242359969e-13,0,3.5527136788005009e-15,true,0,1.1191048088221578e-13,3.150152497249704e-15,INCONSISTENT,true,0.27362896644645435
1128,0.90499999999999992,100,0.40000000000000002,0.69999999999999996,0.34999999999999998,0.4375,0.546875,1.25,-0.1474787431082491,-0.1350926361102302,1.9129142714291447e-13,9.1091578724444844e-12,7.2299731693685768e-14,1.3444800828210646e-13,1.354294454358751e-11,2.1647268324038694e-14,5.6843418860808015e-14,4.4337866711430252e-12,true,2.2737367544323206e-13,5.6559201766503975e-12,6.7014449679257151e-13,INCONSISTENT,true,0.10583566225538717
1129,0.90499999999999992,100,-1.2,0.29999999999999999,1,1.25,1.5625,1.25,0.71650236684420454,-0.22164015499600465,2.0761170560490427e-14,7.673861546209082e-13,9.3840119369705868e-15,2.0761170560490427e-14,8.5265128291212022e-13,8.1319573640348202e-15,0,1.6200374375330284e-12,true,5.6843418860808015e-14,5.5280224842135794e-12,1.9932187066041636e-13,INCONSISTENT,true,0.10573991112745093
1130,0.90499999999999992,100,2,-1.5,2.5,3.125,3.90625,1.25,1.1339903035639434,2.2280184001535885,2.0761170560490427e-14,2.8848035071860068e-12,7.0077502454262054e-14,2.0761170560490427e-14,2.4584778657299466e-12,1.4855696780852464e-13,0,4.2632564145606011e-13,true,0,2.5153212845907547e-12,5.0635137488789997e-14,INCONSISTENT,true,0.10552741309744888
1131,0.90499999999999992,100,0.40000000000000002,0.69999999999999996,0.34999999999999998,0.61249999999999993,1.0718749999999999,1.75,-7.2325771361364897,3.4190390418706382,3.6082248300317588e-14,1.5631940186722204e-13,1.2412670766236366e-15,3.6082248300317588e-14,5.1159076974727213e-12,3.291480056657703e-13,0,5.2722270993399434e-12,true,0,4.1211478674085811e-13,5.339923463618417e-14,INCONSISTENT,true,0.12656765382469118
1132,0.90499999999999992,100,-1.2,0.29999999999999999,1,1.75,3.0625,1.75,-0.1474787431082491,-0.1350926361102302,2.0761170560490427e-14,2.6858515411731787e-12,3.3013037490806629e-14,3.6082248300317588e-14,3.5811353882309049e-12,8.6548453992558058e-15,5.6843418860808015e-14,6.2669869294040836e-12,true,0,4.5474735088646412e-13,2.3642490338242119e-14,INCONSISTENT,true,0.12645314614968342
1133,0.90499999999999992,100,2,-1.5,2.5,4.375,7.65625,1.75,0.71650236684420454,-0.22164015499600465,2.0761170560490427e-14,4.5616843635798432e-12,1.1182674226136513e-13,2.0761170560490427e-14,4.6185277824406512e-12,8.4896860745014306e-14,0,5.6843418860808015e-14,true,0,5.9685589803848416e-13,3.4324061120101375e-15,INCONSISTENT,true,0.12619902219434817
1134,0.90499999999999992,100,0.40000000000000002,0.69999999999999996,0.34999999999999998,1.0499999999999998,3.1499999999999999,3,1.1339903035639434,2.2280184001535885,2.0761170560490427e-14,1.0658141036401503e-12,8.3873289860757175e-15,2.0761170560490427e-14,4.8032688937382773e-12,9.6325396273306553e-14,0,3.737454790098127e-12,true,0,1.5774048733874224e-12,4.4146025136940115e-14,INCONSISTENT,true,0.17622046980385173
1135,0.90499999999999992,100,-1.2,0.29999999999999999,1,3,9,3,-7.2325771361364897,3.4190390418706382,2.0761170560490427e-14,2.2879476091475226e-12,2.7977840502032909e-14,2.0761170560490427e-14,2.8421709430404007e-12,2.7872674731352155e-13,0,5.5422333389287814e-13,true,0,2.5295321393059567e-12,3.988073648647727e-14,INCONSISTENT,true,0.17606104047357818
1136,0.90499999999999992,100,2,-1.5,2.5,7.5,22.5,3,-0.1474787431082491,-0.1350926361102302,2.0761170560490427e-14,5.2864379540551454e-12,1.2999474291292891e-13,2.0761170560490427e-14,5.5564441936439835e-12,2.7295516639445103e-14,0,2.7000623958883807e-13,true,0,1.5347723092418164e-12,5.5369391421351267e-15,INCONSISTENT,true,0.17570722303721717
1137,0.90499999999999992,100,0.40000000000000002,0.69999999999999996,0.34999999999999998,2.0999999999999996,12.6,6,0.71650236684420454,-0.22164015499600465,2.0761170560490427e-14,2.1032064978498966e-12,1.6814290138457351e-14,2.0761170560490427e-14,1.9042545318370685e-12,1.1392911558858282e-14,0,1.9895196601282805e-13,true,0,3.0269120543380268e-12,1.0545624782780394e-14,INCONSISTENT,true,0.28845394592208717
1138,0.90499999999999992,100,-1.2,0.29999999999999999,1,6,36,6,1.1339903035639434,2.2280184001535885,2.0761170560490427e-14,4.0358827391173691e-12,4.9547302015829164e-14,2.0761170560490427e-14,3.865352482534945e-12,1.1860507947439429e-13,0,1.7053025658242404e-13,true,0,3.1832314562052488e-12,3.7759794500988304e-15,INCONSISTENT,true,0.28819297726463977
1139,0.90499999999999992,100,2,-1.5,2.5,15,90,6,-7.2325771361364897,3.4190390418706382,2.0761170560490427e-14,5.9543481256696396e-12,1.4643046251853674e-13,2.0761170560490427e-14,6.1106675275368616e-12,1.2035587753911876e-12,0,1.5631940186722204e-13,true,0,3.2258640203508548e-12,8.9617276440465143e-15,INCONSISTENT,true,0.28761381619578513
1140,0.95250000000000012,0.01,0.40000000000000002,0.69999999999999996,0.34999999999999998,0.4375,0.546875,1.25,-0.1474787431082491,-0.1350926361102302,3.219646771412954e-14,3.9898639947466563e-17,4.9071857688431919e-14,3.219646771412954e-14,1.3704315460216776e-16,9.8402837113658621e-15,0,9.7144514654701197e-17,true,0,1.0061396160665481e-16,2.3187786346125711e-16,INCONSISTENT,true,0.0030323429327662921
1141,0.95250000000000012,0.01,-1.2,0.29999999999999999,1,1.25,1.5625,1.25,0.71650236684420454,-0.22164015499600465,3.219646771412954e-14,2.3939183968479938e-16,6.2310544000696335e-14,3.219646771412954e-14,3.8684333514282798e-16,4.6544205210149828e-14,0,1.474514954580286e-16,true,0,2.2377932840100812e-16,3.1290767125300916e-15,INCONSISTENT,true,0.0011174745449692603
1142,0.95250000000000012,0.01,2,-1.5,2.5,3.125,3.90625,1.25,1.1339903035639434,2.2280184001535885,3.219646771412954e-14,6.1582683397176652e-16,1.4586843411060638e-13,3.219646771412954e-14,1.0217521273503394e-15,3.6898896499887586e-13,0,1.6375789613221059e-15,true,0,2.7235158572835871e-16,9.1181551837577949e-16,INCONSISTENT,true,0.00046710788018299975
1143,0.95250000000000012,0.01,0.40000000000000002,0.69999999999999996,0.34999999999999998,0.61249999999999993,1.0718749999999999,1.75,-7.2325771361364897,3.4190390418706382,3.219646771412954e-14,4.163336342344337e-17,4.8906080339920217e-14,3.219646771412954e-14,3.2959746043559335e-17,3.9148145204958154e-13,0,8.6736173798840355e-18,true,0,1.3183898417423734e-16,1.559832818518722e-16,INCONSISTENT,true,0.003665802180148176
1144,0.95250000000000012,0.01,-1.2,0.29999999999999999,1,1.75,3.0625,1.75,-0.1474787431082491,-0.1350926361102302,3.219646771412954e-14,4.145989107584569e-16,6.2042720542545634e-14,3.219646771412954e-14,4.0245584642661925e-16,1.2436015666210312e-14,0,1.214306433183765e-17,true,0,8.1532003370909933e-17,9.6108437337358373e-17,INCONSISTENT,true,0.0013509160124813002
1145,0.95250000000000012,0.01,2,-1.5,2.5,4.375,7.65625,1.75,0.71650236684420454,-0.22164015499600465,3.219646771412954e-14,2.0816681711721685e-16,1.462463377073241e-13,3.219646771412954e-14,1.214306433183765e-17,1.1005216983536194e-13,0,1.960237527853792e-16,true,0,5.7939764097625357e-16,1.8244786508003683e-15,INCONSISTENT,true,0.00056468714901411314
1146,0.95250000000000012,0.01,0.40000000000000002,0.69999999999999996,0.34999999999999998,1.0499999999999998,3.1499999999999999,3,1.1339903035639434,2.2280184001535885,3.219646771412954e-14,1.9081958235744878e-16,4.8596359047635853e-14,3.219646771412954e-14,1.9775847626135601e-16,1.2147767911644039e-13,0,6.9388939039072284e-18,true,0,2.4286128663675299e-16,1.3533222499959966e-15,INCONSISTENT,true,0.0052158068515423964
1147,0.95250000000000012,0.01,-1.2,0.29999999999999999,1,3,9,3,-7.2325771361364897,3.4190390418706382,3.219646771412954e-14,4.8745729674948279e-16,6.1934749445161597e-14,3.219646771412954e-14,3.6082248300317588e-16,4.9547302015829169e-13,0,1.2663481374630692e-16,true,0,2.9663771439203401e-16,7.3256644310696392e-17,INCONSISTENT,true,0.001922121447773695
1148,0.95250000000000012,0.01,2,-1.5,2.5,7.5,22.5,3,-0.1474787431082491,-0.1350926361102302,3.219646771412954e-14,7.8062556418956319e-16,1.4586843411060638e-13,3.219646771412954e-14,1.0998146837692957e-15,2.9071121034154228e-14,0,3.1918911957973251e-16,true,0,2.6020852139652106e-16,2.1152751600777206e-16,INCONSISTENT,true,0.00080345282043835372
1149,0.95250000000000012,0.01,0.40000000000000002,0.69999999999999996,0.34999999999999998,2.0999999999999996,12.6,6,0.71650236684420454,-0.22164015499600465,3.219646771412954e-14,3.3133218391157016e-16,4.8331567322774218e-14,3.219646771412954e-14,2.9663771439203401e-16,3.632877236949121e-14,0,3.4694469519536142e-17,true,5.6843418860808015e-14,9.7144514654701197e-16,2.6928661011421876e-15,INCONSISTENT,true,0.0088259165932484014
1150,0.95250000000000012,0.01,-1.2,0.29999999999999999,1,6,36,6,1.1339903035639434,2.2280184001535885,3.219646771412954e-14,6.5052130349130266e-16,6.1772813080880549e-14,3.219646771412954e-14,6.9735883734267645e-16,1.5433106398693043e-13,0,4.6837533851373792e-17,true,5.6843418860808015e-14,1.5508427875232655e-15,8.8817841970012523e-16,INCONSISTENT,true,0.0032525137649856862
1151,0.95250000000000012,0.01,2,-1.5,2.5,15,90,6,-7.2325771361364897,3.4190390418706382,3.219646771412954e-14,9.4542429440735987e-16,1.4557746227548087e-13,3.219646771412954e-14,8.0838113980519211e-16,1.1679799499129665e-12,0,1.3704315460216776e-16,true,5.6843418860808015e-14,2.0712598303163077e-15,3.4656136732913209e-16,INCONSISTENT,true,0.0013595610001729671
1152,0.95250000000000012,0.10000000000000001,0.40000000000000002,0.69999999999999996,0.34999999999999998,0.4375,0.546875,1.25,-0.1474787431082491,-0.1350926361102302,3.219646771412954e-14,5.5511151231257827e-17,4.6485344299323594e-14,3.219646771412954e-14,1.3877787807814457e-16,9.2559564934360798e-15,0,8.3266726846886741e-17,true,0,3.1918911957973251e-16,1.1281697555293834e-15,INCONSISTENT,true,0.028674229610673976
1153,0.95250000000000012,0.10000000000000001,-1.2,0.29999999999999999,1,1.25,1.5625,1.25,0.71650236684420454,-0.22164015499600465,3.219646771412954e-14,3.2890357104520263e-15,5.7862220967767651e-14,3.219646771412954e-14,3.5804692544161298e-15,4.3147843378607879e-14,0,2.9143354396410359e-16,true,0,5.8286708792820718e-16,2.6683628209858613e-15,INCONSISTENT,true,0.011037833220058527
1154,0.95250000000000012,0.10000000000000001,2,-1.5,2.5,3.125,3.90625,1.25,1.1339903035639434,2.2280184001535885,3.219646771412954e-14,6.411537967210279e-15,1.4059404296537317e-13,3.219646771412954e-14,5.2041704279304213e-15,3.5309979619107816e-13,0,1.2073675392798577e-15,true,0,2.7755575615628914e-17,2.3050597316773033e-15,INCONSISTENT,true,0.0046529994762680507
1155,0.95250000000000012,0.10000000000000001,0.40000000000000002,0.69999999999999996,0.34999999999999998,0.61249999999999993,1.0718749999999999,1.75,-7.2325771361364897,3.4190390418706382,3.219646771412954e-14,5.4123372450476381e-16,4.5511019701506569e-14,3.219646771412954e-14,6.5225602696727947e-16,3.6230304497807051e-13,0,1.1102230246251565e-16,true,0,1.2212453270876722e-15,1.8369596290717914e-15,INCONSISTENT,true,0.034664302736023771
1156,0.95250000000000012,0.10000000000000001,-1.2,0.29999999999999999,1,1.75,3.0625,1.75,-0.1474787431082491,-0.1350926361102302,3.219646771412954e-14,3.9690473130349346e-15,5.703956498477391e-14,3.219646771412954e-14,3.8302694349567901e-15,1.1431557623635371e-14,0,1.3877787807814457e-16,true,0,1.1102230246251565e-15,4.5436995722943869e-16,INCONSISTENT,true,0.013343646803589928
1157,0.95250000000000012,0.10000000000000001,2,-1.5,2.5,4.375,7.65625,1.75,0.71650236684420454,-0.22164015499600465,3.219646771412954e-14,6.8417493892525272e-15,1.403016207162022e-13,3.219646771412954e-14,6.8139938136368983e-15,1.0502240363551226e-13,0,2.7755575615628914e-17,true,0,1.124100812432971e-15,4.4408920985006262e-16,INCONSISTENT,true,0.005625015376730302
1158,0.95250000000000012,0.10000000000000001,0.40000000000000002,0.69999999999999996,0.34999999999999998,1.0499999999999998,3.1499999999999999,3,1.1339903035639434,2.2280184001535885,3.219646771412954e-14,1.7347234759768071e-15,4.3378333047559525e-14,3.219646771412954e-14,1.7069679003611782e-15,1.0846077787702156e-13,0,2.7755575615628914e-17,true,0,2.5396351688300456e-15,0,INCONSISTENT,true,0.049321348733330543
1159,0.95250000000000012,0.10000000000000001,-1.2,0.29999999999999999,1,3,9,3,-7.2325771361364897,3.4190390418706382,3.219646771412954e-14,5.1902926401226068e-15,5.552447230921575e-14,3.219646771412954e-14,4.9960036108132044e-15,4.4563992642994245e-13,0,1.9428902930940239e-16,true,0,2.4702462297909733e-15,9.9098748675495974e-16,INCONSISTENT,true,0.018985717450774858
1160,0.95250000000000012,0.10000000000000001,2,-1.5,2.5,7.5,22.5,3,-0.1474787431082491,-0.1350926361102302,3.219646771412954e-14,7.9242168382620548e-15,1.3924870214954418e-13,3.219646771412954e-14,7.868705687030797e-15,2.7823044612422719e-14,0,5.5511151231257827e-17,true,0,2.6090241078691179e-15,9.8378679871946077e-16,INCONSISTENT,true,0.0080034307090715746
1161,0.95250000000000012,0.10000000000000001,0.40000000000000002,0.69999999999999996,0.34999999999999998,2.0999999999999996,12.6,6,0.71650236684420454,-0.22164015499600465,3.219646771412954e-14,3.3029134982598407e-15,4.07173442882361e-14,3.219646771412954e-14,3.2612801348363973e-15,3.0614186011729635e-14,0,4.163336342344337e-17,true,2.8421709430404007e-14,2.3869795029440866e-15,3.8958913189618012e-16,INCONSISTENT,true,0.083459016519796675
1162,0.95250000000000012,0.10000000000000001,-1.2,0.29999999999999999,1,6,36,6,1.1339903035639434,2.2280184001535885,3.219646771412954e-14,6.6752159355587537e-15,5.3735253159744065e-14,3.219646771412954e-14,6.7723604502134549e-15,1.3412670481140276e-13,0,9.7144514654701197e-17,true,5.6843418860808015e-14,1.5501488981328748e-14,8.8817841970012523e-16,INCONSISTENT,true,0.032126641851007429
1163,0.95250000000000012,0.10000000000000001,2,-1.5,2.5,15,90,6,-7.2325771361364897,3.4190390418706382,3.219646771412954e-14,9.5617957995841607e-15,1.3811335068605627e-13,3.219646771412954e-14,9.7144514654701197e-15,1.1040840155029247e-12,0,1.5265566588595902e-16,true,5.6843418860808015e-14,2.0483614804334138e-14,1.3674077435594515e-15,INCONSISTENT,true,0.013542988440461014
1164,0.95250000000000012,1,0.40000000000000002,0.69999999999999996,0.34999999999999998,0.4375,0.546875,1.25,-0.1474787431082491,-0.1350926361102302,3.7747582837255322e-15,0,1.9836985815319826e-15,3.7747582837255322e-15,5.5511151231257827e-16,2.9642967751672171e-16,0,5.5511151231257827e-16,true,0,1.1102230246251565e-15,3.279075295889892e-15,INCONSISTENT,true,0.098263636930063805
1165,0.95250000000000012,1,-1.2,0.29999999999999999,1,1.25,1.5625,1.25,0.71650236684420454,-0.22164015499600465,3.219646771412954e-14,3.1863400806741993e-14,1.6091054089879259e-14,3.219646771412954e-14,3.141931159689193e-14,1.2308588592737898e-14,0,4.4408920985006262e-16,true,0,6.5503158452884236e-15,3.8586289574367885e-15,INCONSISTENT,true,0.074411333467759896
1166,0.95250000000000012,1,2,-1.5,2.5,3.125,3.90625,1.25,1.1339903035639434,2.2280184001535885,3.219646771412954e-14,6.361577931102147e-14,8.9398808974283181e-14,3.219646771412954e-14,6.2172489379008766e-14,2.2560125243064487e-13,0,1.4432899320127035e-15,true,0,4.4408920985006262e-15,2.062683551344697e-16,INCONSISTENT,true,0.04166291934181228
1167,0.95250000000000012,1,0.40000000000000002,0.69999999999999996,0.34999999999999998,0.61249999999999993,1.0718749999999999,1.75,-7.2325771361364897,3.4190390418706382,3.7747582837255322e-15,0,1.9836985815319826e-15,3.7747582837255322e-15,6.6613381477509392e-16,1.2442425513123379e-14,0,6.6613381477509392e-16,true,0,1.7763568394002505e-15,2.534935104875288e-15,INCONSISTENT,true,0.118791001702044
1168,0.95250000000000012,1,-1.2,0.29999999999999999,1,1.75,3.0625,1.75,-0.1474787431082491,-0.1350926361102302,3.219646771412954e-14,3.9968028886505635e-14,9.3748128893428789e-15,3.219646771412954e-14,3.9190872769268026e-14,2.0404123996834285e-15,0,7.7715611723760958e-16,true,5.6843418860808015e-14,7.8603790143461083e-14,1.922168746747167e-16,INCONSISTENT,true,0.089955929953131578
1169,0.95250000000000012,1,2,-1.5,2.5,4.375,7.65625,1.75,0.71650236684420454,-0.22164015499600465,3.219646771412954e-14,6.8944849829222221e-14,8.6601096585105287e-14,3.219646771412954e-14,6.872280522429719e-14,6.5133294380515346e-14,0,2.2204460492503131e-16,true,0,1.1990408665951691e-14,1.7817678896814411e-15,INCONSISTENT,true,0.05036634178284962
1170,0.95250000000000012,1,0.40000000000000002,0.69999999999999996,0.34999999999999998,1.0499999999999998,3.1499999999999999,3,1.1339903035639434,2.2280184001535885,3.7747582837255322e-15,1.3322676295501878e-15,1.2225062931717345e-15,3.7747582837255322e-15,1.1102230246251565e-15,3.1791949213824896e-15,0,2.2204460492503131e-16,true,0,3.5527136788005009e-15,2.6027417195044252e-15,INCONSISTENT,true,0.16901919147040428
1171,0.95250000000000012,1,-1.2,0.29999999999999999,1,3,9,3,-7.2325771361364897,3.4190390418706382,2.4646951146678475e-14,3.8413716652030416e-14,2.4980018054066022e-15,2.4646951146678475e-14,3.8857805861880479e-14,2.0447402763361811e-14,0,4.4408920985006262e-16,true,2.8421709430404007e-14,4.7628567756419216e-14,9.3526759817264823e-16,INCONSISTENT,true,0.12799183718294296
1172,0.95250000000000012,1,2,-1.5,2.5,7.5,22.5,3,-0.1474787431082491,-0.1350926361102302,3.219646771412954e-14,8.0047080075473787e-14,8.1969353107123145e-14,3.219646771412954e-14,7.9825035470548755e-14,1.6342943937599206e-14,0,2.2204460492503131e-16,true,5.6843418860808015e-14,1.6153745008296028e-13,0,INCONSISTENT,true,0.071662653260654713
1173,0.95250000000000012,1,0.40000000000000002,0.69999999999999996,0.34999999999999998,2.0999999999999996,12.6,6,0.71650236684420454,-0.22164015499600465,3.7747582837255322e-15,3.6637359812630166e-15,1.4988010832439613e-15,3.7747582837255322e-15,3.8857805861880479e-15,1.1443916996305594e-15,0,2.2204460492503131e-16,true,0,5.5511151231257827e-15,3.8958913189618012e-16,INCONSISTENT,true,0.28600546934270393
1174,0.95250000000000012,1,-1.2,0.29999999999999999,1,6,36,6,1.1339903035639434,2.2280184001535885,2.4646951146678475e-14,5.1070259132757201e-14,1.0719403095042606e-14,2.4646951146678475e-14,5.1070259132757201e-14,2.6976363451480694e-14,0,0,true,2.8421709430404007e-14,6.4614980033184111e-14,2.4004369074448001e-16,INCONSISTENT,true,0.21658111807943164
1175,0.95250000000000012,1,2,-1.5,2.5,15,90,6,-7.2325771361364897,3.4190390418706382,3.219646771412954e-14,9.6589403142388619e-14,7.6920109907555834e-14,3.219646771412954e-14,9.6256336235001072e-14,6.1684358923529545e-13,0,3.3306690738754696e-16,true,2.8421709430404007e-14,7.9491968563161208e-14,1.1266232868715091e-15,INCONSISTENT,true,0.12126380798446385
1176,0.95250000000000012,10,0.40000000000000002,0.69999999999999996,0.34999999999999998,0.4375,0.546875,1.25,-0.1474787431082491,-0.1350926361102302,3.7747582837255322e-15,4.6185277824406512e-14,3.4488466675883937e-15,3.7747582837255322e-15,3.5527136788005009e-15,9.0205620750793969e-17,0,4.9737991503207013e-14,true,0,4.9737991503207013e-14,1.1504181739827935e-14,INCONSISTENT,true,0.10617334899672266
1177,0.95250000000000012,10,-1.2,0.29999999999999999,1,1.25,1.5625,1.25,0.71650236684420454,-0.22164015499600465,3.7747582837255322e-15,4.4408920985006262e-14,4.7050408237086153e-15,3.7747582837255322e-15,5.1514348342607263e-14,4.1302684023443781e-15,0,7.1054273576010019e-15,true,0,1.9539925233402755e-14,8.0534208347183038e-15,INCONSISTENT,true,0.10529723722167209
1178,0.95250000000000012,10,2,-1.5,2.5,3.125,3.90625,1.25,1.1339903035639434,2.2280184001535885,3.7747582837255322e-15,4.7961634663806763e-14,8.9316045053772287e-15,3.7747582837255322e-15,7.2830630415410269e-14,3.7274405016317926e-14,0,2.4868995751603507e-14,true,0,1.4210854715202004e-14,7.7473401522298236e-15,INCONSISTENT,true,0.10221327184443285
1179,0.95250000000000012,10,0.40000000000000002,0.69999999999999996,0.34999999999999998,0.61249999999999993,1.0718749999999999,1.75,-7.2325771361364897,3.4190390418706382,3.7747582837255322e-15,4.2632564145606011e-14,3.7320671695199281e-15,3.7747582837255322e-15,4.0856207306205761e-14,2.9564469942565876e-14,0,1.7763568394002505e-15,true,0,6.2172489379008766e-14,1.5657317314783515e-14,INCONSISTENT,true,0.12835305994584267
1180,0.95250000000000012,10,-1.2,0.29999999999999999,1,1.75,3.0625,1.75,-0.1474787431082491,-0.1350926361102302,3.7747582837255322e-15,4.0856207306205761e-14,4.2308820918471275e-15,3.7747582837255322e-15,4.0856207306205761e-14,8.8208599214160711e-16,0,0,true,0,1.9539925233402755e-14,1.5884333182947975e-15,INCONSISTENT,true,0.12729392760948613
1181,0.95250000000000012,10,2,-1.5,2.5,4.375,7.65625,1.75,0.71650236684420454,-0.22164015499600465,3.7747582837255322e-15,5.8619775700208265e-14,1.1236861156120876e-14,3.7747582837255322e-15,7.9936057773011271e-14,1.2147686737931035e-14,0,2.1316282072803006e-14,true,0,3.5527136788005009e-14,7.7945335988152463e-15,INCONSISTENT,true,0.12356571900839909
1182,0.95250000000000012,10,0.40000000000000002,0.69999999999999996,0.34999999999999998,1.0499999999999998,3.1499999999999999,3,1.1339903035639434,2.2280184001535885,3.7747582837255322e-15,2.8421709430404007e-14,2.0327998643932593e-15,3.7747582837255322e-15,1.2434497875801753e-14,1.9860273225978185e-15,0,1.5987211554602254e-14,true,0,1.9539925233402755e-14,1.467415707687065e-14,INCONSISTENT,true,0.18262435793929832
1183,0.95250000000000012,10,-1.2,0.29999999999999999,1,3,9,3,-7.2325771361364897,3.4190390418706382,3.7747582837255322e-15,6.5725203057809267e-14,7.3038838103827277e-15,3.7747582837255322e-15,6.2172489379008766e-14,5.4011180578721863e-14,0,3.5527136788005009e-15,true,0,2.4868995751603507e-14,4.3536681119339603e-15,INCONSISTENT,true,0.18111739454485587
1184,0.95250000000000012,10,2,-1.5,2.5,7.5,22.5,3,-0.1474787431082491,-0.1350926361102302,3.7747582837255322e-15,8.3488771451811772e-14,1.7132003985196616e-14,3.7747582837255322e-15,8.8817841970012523e-14,3.7192471324942744e-15,0,5.3290705182007514e-15,true,0,3.907985046680551e-14,3.4532949579284454e-15,INCONSISTENT,true,0.17581279407546305
1185,0.95250000000000012,10,0.40000000000000002,0.69999999999999996,0.34999999999999998,2.0999999999999996,12.6,6,0.71650236684420454,-0.22164015499600465,3.7747582837255322e-15,3.1974423109204508e-14,2.2786634525677521e-15,3.7747582837255322e-15,3.3750779948604759e-14,1.8124199604801504e-15,0,1.7763568394002505e-15,true,0,6.2172489379008766e-14,5.4557318311277915e-15,INCONSISTENT,true,0.30902742316681037
1186,0.95250000000000012,10,-1.2,0.29999999999999999,1,6,36,6,1.1339903035639434,2.2280184001535885,3.7747582837255322e-15,7.815970093361102e-14,8.7265577832858478e-15,3.7747582837255322e-15,7.460698725481052e-14,2.1041582237448136e-14,0,3.5527136788005009e-15,true,0,5.5067062021407764e-14,1.0096260689413373e-15,INCONSISTENT,true,0.30647741822855856
1187,0.95250000000000012,10,2,-1.5,2.5,15,90,6,-7.2325771361364897,3.4190390418706382,3.7747582837255322e-15,1.0480505352461478e-13,2.2297524201479021e-14,3.7747582837255322e-15,1.1191048088221578e-13,1.9002867361900161e-13,0,7.1054273576010019e-15,true,0,6.2172489379008766e-14,2.2611132286823601e-15,INCONSISTENT,true,0.29750124970162839
1188,0.95250000000000012,100,0.40000000000000002,0.69999999999999996,0.34999999999999998,0.4375,0.546875,1.25,-0.1474787431082491,-0.1350926361102302,5.3068660577082483e-14,5.2864379540551454e-12,4.2387262419828799e-14,5.3068660577082483e-14,3.979039320256561e-13,7.1873678028417768e-16,0,5.6843418860808015e-12,true,0,9.9618091553566046e-12,2.8082764649411385e-13,INCONSISTENT,true,0.10648681470455093
1189,0.95250000000000012,100,-1.2,0.29999999999999999,1,1.25,1.5625,1.25,0.71650236684420454,-0.22164015499600465,3.7747582837255322e-15,1.6058265828178264e-12,1.99815471286631e-14,3.7747582837255322e-15,1.8758328224066645e-12,1.7376054414325744e-14,0,3.4816594052244909e-12,true,0,1.4210854715202004e-14,7.9465314051582314e-14,INCONSISTENT,true,0.10643491818684037
1190,0.95250000000000012,100,2,-1.5,2.5,3.125,3.90625,1.25,1.1339903035639434,2.2280184001535885,3.7747582837255322e-15,2.1032064978498966e-12,5.2192291704247919e-14,3.7747582837255322e-15,1.0658141036401503e-12,6.7004511988664486e-14,0,3.1690206014900468e-12,true,0,1.4068746168049984e-12,3.6661474395872672e-14,INCONSISTENT,true,0.10630721710095124
1191,0.95250000000000012,100,0.40000000000000002,0.69999999999999996,0.34999999999999998,0.61249999999999993,1.0718749999999999,1.75,-7.2325771361364897,3.4190390418706382,5.3068660577082483e-14,7.815970093361102e-13,6.5568986063950342e-15,5.3068660577082483e-14,7.1054273576010019e-14,2.808666774861361e-15,0,8.5265128291212022e-13,true,5.6843418860808015e-14,5.2580162446247414e-13,2.1240295395799241e-13,INCONSISTENT,true,0.12873200893053238
1192,0.95250000000000012,100,-1.2,0.29999999999999999,1,1.75,3.0625,1.75,-0.1474787431082491,-0.1350926361102302,3.7747582837255322e-15,2.7000623958883807e-13,3.4617779371235145e-15,3.7747582837255322e-15,2.1316282072803006e-13,5.0952463777858613e-16,0,4.8316906031686813e-13,true,0,8.8107299234252423e-13,3.4507608825637504e-14,INCONSISTENT,true,0.1286692711821357
1193,0.95250000000000012,100,2,-1.5,2.5,4.375,7.65625,1.75,0.71650236684420454,-0.22164015499600465,3.7747582837255322e-15,7.1054273576010019e-14,1.4895204919483639e-15,3.7747582837255322e-15,4.8316906031686813e-13,8.9316045053772287e-15,0,4.1211478674085811e-13,true,0,1.0373923942097463e-12,5.1968906077061461e-14,INCONSISTENT,true,0.12851489322099333
1194,0.95250000000000012,100,0.40000000000000002,0.69999999999999996,0.34999999999999998,1.0499999999999998,3.1499999999999999,3,1.1339903035639434,2.2280184001535885,3.7747582837255322e-15,8.6686213762732223e-13,6.9406700334311419e-15,3.7747582837255322e-15,7.1054273576010019e-14,1.4217791915866692e-15,0,9.3791641120333225e-13,true,0,3.2684965844964609e-13,2.4149988546387311e-14,INCONSISTENT,true,0.18316353725487328
1195,0.95250000000000012,100,-1.2,0.29999999999999999,1,3,9,3,-7.2325771361364897,3.4190390418706382,3.7747582837255322e-15,1.1368683772161603e-13,1.3608726004012153e-15,3.7747582837255322e-15,2.5579538487363607e-13,2.3448583132868502e-14,0,1.4210854715202004e-13,true,0,6.9633188104489818e-13,1.854154693068297e-14,INCONSISTENT,true,0.18307427221498387
1196,0.95250000000000012,100,2,-1.5,2.5,7.5,22.5,3,-0.1474787431082491,-0.1350926361102302,3.7747582837255322e-15,8.9528384705772623e-13,2.1986901179583067e-14,3.7747582837255322e-15,8.6686213762732223e-13,4.2360739637184532e-15,0,2.8421709430404007e-14,true,0,3.1263880373444408e-13,8.7179894495802112e-15,INCONSISTENT,true,0.18285461889279561
1197,0.95250000000000012,100,0.40000000000000002,0.69999999999999996,0.34999999999999998,2.0999999999999996,12.6,6,0.71650236684420454,-0.22164015499600465,3.7747582837255322e-15,7.3896444519050419e-13,5.8938623347448227e-15,3.7747582837255322e-15,1.3500311979441904e-12,8.092071311423671e-15,0,6.1106675275368616e-13,true,0,2.8421709430404007e-13,4.0371750573901789e-14,INCONSISTENT,true,0.30993979431161867
1198,0.95250000000000012,100,-1.2,0.29999999999999999,1,6,36,6,1.1339903035639434,2.2280184001535885,3.7747582837255322e-15,5.5422333389287814e-13,6.6374718578572446e-15,3.7747582837255322e-15,7.531752999057062e-13,2.2644195468014704e-14,0,1.9895196601282805e-13,true,0,7.673861546209082e-13,1.6596785376044078e-14,INCONSISTENT,true,0.30978874466211959
1199,0.95250000000000012,100,2,-1.5,2.5,15,90,6,-7.2325771361364897,3.4190390418706382,3.7747582837255322e-15,1.0658141036401503e-12,2.6252021033126315e-14,3.7747582837255322e-15,1.1652900866465643e-12,2.2883999286005853e-13,0,9.9475983006414026e-14,true,0,6.1106675275368616e-13,4.8428454099646222e-15,INCONSISTENT,true,0.30941705875495856
1200,1,0.01,0.40000000000000002,0.69999999999999996,0.34999999999999998,0.4375,0.546875,1.25,-0.1474787431082491,-0.1350926361102302,0,1.717376241217039e-16,3.5108334685767012e-16,0,6.7654215563095477e-17,3.9252311467094379e-17,0,1.0408340855860843e-16,true,0,1.5265566588595902e-16,8.8817841970012484e-16,INCONSISTENT,true,0.0032128402613199763
1201,1,0.01,-1.2,0.29999999999999999,1,1.25,1.5625,1.25,0.71650236684420454,-0.22164015499600465,0,3.5041414214731503e-16,4.4408920985006262e-16,0,1.457167719820518e-16,1.1102230246251565e-16,0,2.0469737016526324e-16,true,0,2.6020852139652106e-16,7.4608308937180425e-16,INCONSISTENT,true,0.0011249379895019876
1202,1,0.01,2,-1.5,2.5,3.125,3.90625,1.25,1.1339903035639434,2.2280184001535885,0,4.4235448637408581e-16,2.2204460492503131e-16,0,7.8756445809347042e-16,1.3322676295501878e-15,0,3.4520997171938461e-16,true,0,4.5796699765787707e-16,3.1288598296812144e-15,INCONSISTENT,true,0.00044999603105147967
1203,1,0.01,0.40000000000000002,0.69999999999999996,0.34999999999999998,0.61249999999999993,1.0718749999999999,1.75,-7.2325771361364897,3.4190390418706382,0,2.9490299091605721e-17,5.5511151231257827e-17,0,6.7654215563095477e-17,1.2560739669470201e-15,0,3.8163916471489756e-17,true,0,2.6020852139652106e-17,1.3404662769611484e-15,INCONSISTENT,true,0.0039268047638369476
1204,1,0.01,-1.2,0.29999999999999999,1,1.75,3.0625,1.75,-0.1474787431082491,-0.1350926361102302,0,2.9490299091605721e-17,2.2887833992611187e-16,0,2.2551405187698492e-16,6.2063353831181828e-17,0,1.960237527853792e-16,true,0,1.7347234759768071e-18,8.8817841970012523e-16,INCONSISTENT,true,0.0013749242093915961
1205,1,0.01,2,-1.5,2.5,4.375,7.65625,1.75,0.71650236684420454,-0.22164015499600465,0,2.2551405187698492e-16,2.2204460492503131e-16,0,2.5153490401663703e-16,0,0,2.6020852139652106e-17,true,0,6.9388939039072284e-18,1.7763568394002505e-15,INCONSISTENT,true,0.00054999514906415117
1206,1,0.01,0.40000000000000002,0.69999999999999996,0.34999999999999998,1.0499999999999998,3.1499999999999999,3,1.1339903035639434,2.2280184001535885,0,1.9081958235744878e-17,5.5511151231257827e-17,0,3.2959746043559335e-17,3.1401849173675503e-16,0,5.2041704279304213e-17,true,0,1.3877787807814457e-17,4.4408920985006262e-16,INCONSISTENT,true,0.0057117160201268754
1207,1,0.01,-1.2,0.29999999999999999,1,3,9,3,-7.2325771361364897,3.4190390418706382,0,3.4694469519536142e-17,2.2887833992611187e-16,0,1.1275702593849246e-16,3.66205343881779e-15,0,7.8062556418956319e-17,true,0,9.8879238130678004e-17,3.9968028886505632e-16,INCONSISTENT,true,0.0019998897591155733
1208,1,0.01,2,-1.5,2.5,7.5,22.5,3,-0.1474787431082491,-0.1350926361102302,0,2.3245294578089215e-16,2.2204460492503131e-16,0,2.5326962749261384e-16,5.594315114139762e-17,0,2.0816681711721685e-17,true,0,2.2551405187698492e-16,1.37882369488729e-15,INCONSISTENT,true,0.00079999294409292333
1209,1,0.01,0.40000000000000002,0.69999999999999996,0.34999999999999998,2.0999999999999996,12.6,6,0.71650236684420454,-0.22164015499600465,0,6.9388939039072284e-18,0,0,0,5.5511151231257827e-17,0,6.9388939039072284e-18,true,0,4.163336342344337e-17,2.6881156767937774e-15,INCONSISTENT,true,0.0099955030352226505
1210,1,0.01,-1.2,0.29999999999999999,1,6,36,6,1.1339903035639434,2.2280184001535885,0,2.9490299091605721e-17,2.2887833992611187e-16,0,7.6327832942979512e-17,4.4408920985006262e-16,0,1.0581813203458523e-16,true,0,1.7347234759768071e-18,8.8817841970012523e-16,INCONSISTENT,true,0.0034998070784515657
1211,1,0.01,2,-1.5,2.5,15,90,6,-7.2325771361364897,3.4190390418706382,0,8.9338259012805565e-16,7.0216669371534024e-16,0,7.7542139376163277e-16,5.0242958677880805e-15,0,1.1796119636642288e-16,true,0,6.609296443471635e-16,2.4624176050968251e-15,INCONSISTENT,true,0.0013999876521611206
1212,1,0.10000000000000001,0.40000000000000002,0.69999999999999996,0.34999999999999998,0.4375,0.546875,1.25,-0.1474787431082491,-0.1350926361102302,0,1.3877787807814457e-16,3.3306690738754696e-16,0,1.3877787807814457e-16,6.2450045135165055e-17,0,2.7755575615628914e-16,true,0,9.7144514654701197e-17,1.3506446028928519e-15,INCONSISTENT,true,0.030787273453537808
1213,1,0.10000000000000001,-1.2,0.29999999999999999,1,1.25,1.5625,1.25,0.71650236684420454,-0.22164015499600465,0,3.1918911957973251e-16,3.8857805861880479e-16,0,2.4980018054066022e-16,2.4825341532472731e-16,0,6.9388939039072284e-17,true,0,2.3592239273284576e-16,2.2452871135843694e-15,INCONSISTENT,true,0.011188492500428833
1214,1,0.10000000000000001,2,-1.5,2.5,3.125,3.90625,1.25,1.1339903035639434,2.2280184001535885,0,5.134781488891349e-16,6.2803698347351007e-16,0,3.6082248300317588e-16,4.4408920985006262e-16,0,8.7430063189231078e-16,true,0,1.0547118733938987e-15,1.0658141036401502e-15,INCONSISTENT,true,0.0044960362432790073
1215,1,0.10000000000000001,0.40000000000000002,0.69999999999999996,0.34999999999999998,0.61249999999999993,1.0718749999999999,1.75,-7.2325771361364897,3.4190390418706382,0,4.163336342344337e-17,1.1102230246251565e-16,0,1.3877787807814457e-16,2.2204460492503131e-15,0,9.7144514654701197e-17,true,0,8.3266726846886741e-17,5.9211894646675012e-16,INCONSISTENT,true,0.037628889776545597
1216,1,0.10000000000000001,-1.2,0.29999999999999999,1,1.75,3.0625,1.75,-0.1474787431082491,-0.1350926361102302,0,1.6653345369377348e-16,1.6653345369377348e-16,0,1.9428902930940239e-16,3.1031676915590914e-17,0,2.7755575615628914e-17,true,0,8.3266726846886741e-17,1.3440578383968887e-15,INCONSISTENT,true,0.013674824167190713
1217,1,0.10000000000000001,2,-1.5,2.5,4.375,7.65625,1.75,0.71650236684420454,-0.22164015499600465,0,8.0491169285323849e-16,8.0059320849734419e-16,0,4.163336342344337e-16,2.2204460492503131e-16,0,3.8857805861880479e-16,true,0,4.7184478546569153e-16,1.4139745891199067e-15,INCONSISTENT,true,0.0054951554084543925
1218,1,0.10000000000000001,0.40000000000000002,0.69999999999999996,0.34999999999999998,1.0499999999999998,3.1499999999999999,3,1.1339903035639434,2.2280184001535885,0,4.163336342344337e-17,1.1102230246251565e-16,0,8.3266726846886741e-17,4.9650683064945462e-16,0,4.163336342344337e-17,true,0,1.3877787807814457e-17,9.9301366129890925e-16,INCONSISTENT,true,0.054732930584065226
1219,1,0.10000000000000001,-1.2,0.29999999999999999,1,3,9,3,-7.2325771361364897,3.4190390418706382,0,5.5511151231257827e-17,5.5511151231257827e-17,0,2.4980018054066022e-16,1.9860273225978185e-15,0,1.9428902930940239e-16,true,0,0,0,INCONSISTENT,true,0.01989065333409493
1220,1,0.10000000000000001,2,-1.5,2.5,7.5,22.5,3,-0.1474787431082491,-0.1350926361102302,0,1.1102230246251565e-16,0,0,3.3306690738754696e-16,5.594315114139762e-17,0,2.2204460492503131e-16,true,0,2.2204460492503131e-16,9.5659743364509084e-16,INCONSISTENT,true,0.0079929533213864354
1221,1,0.10000000000000001,0.40000000000000002,0.69999999999999996,0.34999999999999998,2.0999999999999996,12.6,6,0.71650236684420454,-0.22164015499600465,0,0,0,0,1.3877787807814457e-17,5.5511151231257827e-17,0,1.3877787807814457e-17,true,0,0,2.7576473897745801e-15,INCONSISTENT,true,0.095782628522115609
1222,1,0.10000000000000001,-1.2,0.29999999999999999,1,6,36,6,1.1339903035639434,2.2280184001535885,0,6.9388939039072284e-17,5.5511151231257827e-17,0,6.9388939039072284e-17,0,0,1.3877787807814457e-16,true,0,1.1102230246251565e-16,6.3948846218409014e-16,INCONSISTENT,true,0.034808643334665997
1223,1,0.10000000000000001,2,-1.5,2.5,15,90,6,-7.2325771361364897,3.4190390418706382,0,3.3306690738754696e-16,2.2204460492503131e-16,0,3.4694469519536142e-16,3.972054645195637e-15,0,1.3877787807814457e-17,true,0,1.3877787807814457e-17,1.7763568394002505e-15,INCONSISTENT,true,0.013987668312427327
1224,1,1,0.40000000000000002,0.69999999999999996,0.34999999999999998,0.4375,0.546875,1.25,-0.1474787431082491,-0.1350926361102302,0,6.6613381477509392e-16,4.002966042486721e-16,0,2.6645352591003757e-15,4.1777673608052093e-16,0,3.3306690738754696e-15,true,0,0,4.2725559545639564e-15,INCONSISTENT,true,0.10164463907684172
1225,1,1,-1.2,0.29999999999999999,1,1.25,1.5625,1.25,0.71650236684420454,-0.22164015499600465,0,8.8817841970012523e-16,8.473409486550036e-16,0,8.8817841970012523e-16,5.6610488670036757e-16,0,0,true,0,1.3322676295501878e-15,2.3898437090739068e-15,INCONSISTENT,true,0.077586206896550089
1226,1,1,2,-1.5,2.5,3.125,3.90625,1.25,1.1339903035639434,2.2280184001535885,0,1.2212453270876722e-15,1.3322676295501878e-15,0,1.7763568394002505e-15,3.5803616730494477e-15,0,2.9976021664879227e-15,true,0,1.2212453270876722e-15,2.2204460492503131e-15,INCONSISTENT,true,0.041489194752331954
1227,1,1,0.40000000000000002,0.69999999999999996,0.34999999999999998,0.61249999999999993,1.0718749999999999,1.75,-7.2325771361364897,3.4190390418706382,0,1.1102230246251565e-15,8.0059320849734419e-16,0,6.6613381477509392e-16,4.4630413236749833e-15,0,4.4408920985006262e-16,true,0,6.6613381477509392e-16,2.0564948247203389e-15,INCONSISTENT,true,0.1242323366494703
1228,1,1,-1.2,0.29999999999999999,1,1.75,3.0625,1.75,-0.1474787431082491,-0.1350926361102302,0,6.6613381477509392e-16,5.4672143489065705e-16,0,0,2.7755575615628914e-17,0,6.6613381477509392e-16,true,0,7.7715611723760958e-16,1.3203721447146773e-15,INCONSISTENT,true,0.094827586206895229
1229,1,1,2,-1.5,2.5,4.375,7.65625,1.75,0.71650236684420454,-0.22164015499600465,0,0,2.2204460492503131e-16,0,6.6613381477509392e-16,4.4408920985006262e-16,0,6.6613381477509392e-16,true,0,6.6613381477509392e-16,4.7369515717340012e-16,INCONSISTENT,true,0.050709015808405145
1230,1,1,0.40000000000000002,0.69999999999999996,0.34999999999999998,1.0499999999999998,3.1499999999999999,3,1.1339903035639434,2.2280184001535885,0,2.2204460492503131e-16,1.1102230246251565e-16,0,0,0,0,2.2204460492503131e-16,true,0,0,9.9301366129890925e-16,INCONSISTENT,true,0.1807015805810499
1231,1,1,-1.2,0.29999999999999999,1,3,9,3,-7.2325771361364897,3.4190390418706382,0,4.4408920985006262e-16,4.4754520913118096e-16,0,6.6613381477509392e-16,4.4408920985006262e-15,0,2.2204460492503131e-16,true,0,2.2204460492503131e-16,8.981148454337477e-16,INCONSISTENT,true,0.13793103448275726
1232,1,1,2,-1.5,2.5,7.5,22.5,3,-0.1474787431082491,-0.1350926361102302,0,4.4408920985006262e-16,6.6613381477509392e-16,0,4.4408920985006262e-16,5.5511151231257827e-17,0,8.8817841970012523e-16,true,0,4.4408920985006262e-16,1.5099033134902129e-15,INCONSISTENT,true,0.073758568448590203
1233,1,1,0.40000000000000002,0.69999999999999996,0.34999999999999998,2.0999999999999996,12.6,6,0.71650236684420454,-0.22164015499600465,0,4.4408920985006262e-16,3.1401849173675503e-16,0,2.2204460492503131e-16,1.6653345369377348e-16,0,2.2204460492503131e-16,true,0,2.2204460492503131e-16,2.7576473897745801e-15,INCONSISTENT,true,0.31622776601683611
1234,1,1,-1.2,0.29999999999999999,1,6,36,6,1.1339903035639434,2.2280184001535885,0,2.2204460492503131e-16,5.5511151231257827e-17,0,2.2204460492503131e-16,6.2803698347351007e-16,0,0,true,0,1.1102230246251565e-16,4.263256414560601e-16,INCONSISTENT,true,0.24137931034482765
1235,1,1,2,-1.5,2.5,15,90,6,-7.2325771361364897,3.4190390418706382,0,0,2.2204460492503131e-16,0,2.2204460492503131e-16,3.5527136788005009e-15,0,2.2204460492503131e-16,true,0,0,0,INCONSISTENT,true,0.12907749478503025
1236,1,10,0.40000000000000002,0.69999999999999996,0.34999999999999998,0.4375,0.546875,1.25,-0.1474787431082491,-0.1350926361102302,0,3.5527136788005009e-15,2.4825341532472731e-16,0,3.907985046680551e-14,6.2063353831181828e-16,0,4.2632564145606011e-14,true,0,8.8817841970012523e-15,1.4792654242471925e-14,INCONSISTENT,true,0.10708338289061238
1237,1,10,-1.2,0.29999999999999999,1,1.25,1.5625,1.25,0.71650236684420454,-0.22164015499600465,0,3.5527136788005009e-15,4.7428748402675471e-16,0,4.6185277824406512e-14,4.1093252186201183e-15,0,4.2632564145606011e-14,true,0,0,2.2226831319459696e-14,INCONSISTENT,true,0.10666022920649487
1238,1,10,2,-1.5,2.5,3.125,3.90625,1.25,1.1339903035639434,2.2280184001535885,0,1.7763568394002505e-15,6.2803698347351007e-16,0,1.4210854715202004e-14,8.1038676173571118e-15,0,1.5987211554602254e-14,true,0,7.1054273576010019e-15,3.4899874464834957e-15,INCONSISTENT,true,0.10422923728771967
1239,1,10,0.40000000000000002,0.69999999999999996,0.34999999999999998,0.61249999999999993,1.0718749999999999,1.75,-7.2325771361364897,3.4190390418706382,0,2.6645352591003757e-14,2.0947646133377081e-15,0,1.4210854715202004e-14,1.013652469562605e-14,0,4.0856207306205761e-14,true,0,8.8817841970012523e-15,1.1386749092442557e-14,INCONSISTENT,true,0.13087969019965484
1240,1,10,-1.2,0.29999999999999999,1,1.75,3.0625,1.75,-0.1474787431082491,-0.1350926361102302,0,5.3290705182007514e-15,7.2164496600635175e-16,0,5.3290705182007514e-15,1.1443916996305594e-16,0,0,true,0,1.7763568394002505e-15,2.3092638912203273e-15,INCONSISTENT,true,0.13036250236349173
1241,1,10,2,-1.5,2.5,4.375,7.65625,1.75,0.71650236684420454,-0.22164015499600465,0,7.1054273576010019e-15,1.8841109504205299e-15,0,5.3290705182007514e-15,1.4043333874306805e-15,0,1.2434497875801753e-14,true,0,5.3290705182007514e-15,3.7895612573871954e-15,INCONSISTENT,true,0.12739129001832158
1242,1,10,0.40000000000000002,0.69999999999999996,0.34999999999999998,1.0499999999999998,3.1499999999999999,3,1.1339903035639434,2.2280184001535885,0,2.3092638912203256e-14,1.8183609456111858e-15,0,2.4868995751603507e-14,5.17892563931115e-15,0,1.7763568394002505e-15,true,0,2.4868995751603507e-14,8.6483451929410828e-15,INCONSISTENT,true,0.19037045847222497
1243,1,10,-1.2,0.29999999999999999,1,3,9,3,-7.2325771361364897,3.4190390418706382,0,5.3290705182007514e-15,7.2164496600635175e-16,0,5.3290705182007514e-15,5.0242958677880805e-15,0,0,true,0,1.7763568394002505e-15,3.8928162028659474e-15,INCONSISTENT,true,0.18961818525598931
1244,1,10,2,-1.5,2.5,7.5,22.5,3,-0.1474787431082491,-0.1350926361102302,0,3.5527136788005009e-15,8.0059320849734419e-16,0,3.5527136788005009e-15,2.2247786310271853e-16,0,0,true,0,0,1.6758116906701663e-15,INCONSISTENT,true,0.18529642184483219
1245,1,10,0.40000000000000002,0.69999999999999996,0.34999999999999998,2.0999999999999996,12.6,6,0.71650236684420454,-0.22164015499600465,0,1.7763568394002505e-15,1.2412670766236366e-16,0,1.7763568394002505e-15,1.2412670766236366e-16,0,3.5527136788005009e-15,true,0,0,1.0658141036401502e-15,INCONSISTENT,true,0.33314830232638332
1246,1,10,-1.2,0.29999999999999999,1,6,36,6,1.1339903035639434,2.2280184001535885,0,0,5.5511151231257827e-17,0,1.7763568394002505e-15,4.4408920985006262e-16,0,1.7763568394002505e-15,true,0,1.7763568394002505e-15,9.8519767447143986e-16,INCONSISTENT,true,0.3318318241979849
1247,1,10,2,-1.5,2.5,15,90,6,-7.2325771361364897,3.4190390418706382,0,1.7763568394002505e-15,4.4408920985006262e-16,0,0,0,0,1.7763568394002505e-15,true,0,1.7763568394002505e-15,2.1090076642815106e-15,INCONSISTENT,true,0.3242687382284582
1248,1,100,0.40000000000000002,0.69999999999999996,0.34999999999999998,0.4375,0.546875,1.25,-0.1474787431082491,-0.1350926361102302,0,4.9169557314598933e-12,3.9590777219186016e-14,0,8.2138740253867581e-12,1.3222182047935844e-14,0,3.2969182939268649e-12,true,0,5.6559201766503975e-12,1.6714812303622544e-13,INCONSISTENT,true,0.10714226190990378
1249,1,100,-1.2,0.29999999999999999,1,1.25,1.5625,1.25,0.71650236684420454,-0.22164015499600465,0,6.3948846218409017e-13,7.809533195710194e-15,0,2.2737367544323206e-13,2.2183634043813167e-15,0,8.6686213762732223e-13,true,0,1.5631940186722204e-13,7.1547499129766064e-14,INCONSISTENT,true,0.10713799838687628
1250,1,100,2,-1.5,2.5,3.125,3.90625,1.25,1.1339903035639434,2.2280184001535885,0,5.4001247917767614e-13,1.3248454680138176e-14,0,2.2026824808563106e-12,1.3753006189369727e-13,0,1.6626700016786344e-12,true,0,1.2789769243681803e-13,2.3786107916882291e-14,INCONSISTENT,true,0.10711250075827411
1251,1,100,0.40000000000000002,0.69999999999999996,0.34999999999999998,0.61249999999999993,1.0718749999999999,1.75,-7.2325771361364897,3.4190390418706382,0,8.1001871876651421e-13,6.5411359597937448e-15,0,2.0321522242738865e-12,1.320640971404846e-13,0,1.2221335055073723e-12,true,0,8.1001871876651421e-13,5.5056316879281217e-14,INCONSISTENT,true,0.13095165344519344
1252,1,100,-1.2,0.29999999999999999,1,1.75,3.0625,1.75,-0.1474787431082491,-0.1350926361102302,0,2.8421709430404007e-14,2.4825341532472731e-16,0,2.5579538487363607e-13,6.5798864085807025e-16,0,2.8421709430404007e-13,true,0,0,1.207922650792166e-14,INCONSISTENT,true,0.13094644247285914
1253,1,100,2,-1.5,2.5,4.375,7.65625,1.75,0.71650236684420454,-0.22164015499600465,0,2.8421709430404007e-13,6.9368952146101872e-15,0,7.9580786405131221e-13,1.5027023461734351e-14,0,5.1159076974727213e-13,true,0,1.1368683772161603e-13,6.0642346901459766e-15,INCONSISTENT,true,0.13091527870457767
1254,1,100,0.40000000000000002,0.69999999999999996,0.34999999999999998,1.0499999999999998,3.1499999999999999,3,1.1339903035639434,2.2280184001535885,0,6.9633188104489818e-13,5.6460599039947783e-15,0,1.0800249583553523e-12,2.1679787547206133e-14,0,1.7763568394002505e-12,true,0,5.2580162446247414e-13,2.2999576969093695e-14,INCONSISTENT,true,0.19047513228393459
1255,1,100,-1.2,0.29999999999999999,1,3,9,3,-7.2325771361364897,3.4190390418706382,0,2.8421709430404007e-14,4.5775667985222375e-16,0,2.8421709430404007e-13,2.8998719367682407e-14,0,3.1263880373444408e-13,true,0,1.1368683772161603e-13,1.7621782166716213e-14,INCONSISTENT,true,0.19046755268780632
1256,1,100,2,-1.5,2.5,7.5,22.5,3,-0.1474787431082491,-0.1350926361102302,0,7.1054273576010019e-14,1.7342238036525468e-15,0,1.2789769243681803e-13,6.1066208780468645e-16,0,5.6843418860808015e-14,true,0,1.4210854715202004e-14,5.6173335497227338e-15,INCONSISTENT,true,0.19042222357030694
1257,1,100,0.40000000000000002,0.69999999999999996,0.34999999999999998,2.0999999999999996,12.6,6,0.71650236684420454,-0.22164015499600465,0,4.4053649617126212e-13,3.5803616730494477e-15,0,2.9842794901924208e-13,1.7702748954631059e-15,0,7.3896444519050419e-13,true,0,3.836930773104541e-13,4.0343641061364445e-14,INCONSISTENT,true,0.33333148149689112
1258,1,100,-1.2,0.29999999999999999,1,6,36,6,1.1339903035639434,2.2280184001535885,0,0,2.2204460492503131e-16,0,4.4053649617126212e-13,1.3831079839119408e-14,0,4.4053649617126212e-13,true,0,1.4210854715202004e-14,3.4106051316484792e-15,INCONSISTENT,true,0.33331821720366073
1259,1,100,2,-1.5,2.5,15,90,6,-7.2325771361364897,3.4190390418706382,0,2.8421709430404007e-14,7.0216669371534024e-16,0,7.1054273576010019e-14,1.464821375527116e-14,0,9.9475983006414026e-14,true,0,2.8421709430404007e-14,7.600150573933065e-15,INCONSISTENT,true,0.33323889124804618
