order,damping,harmonic,triple,nu1,nu2,nu3,common_factor_abs,common_factor_phase,order_error,damping_error,morphology_error,invariant_imag_abs,pass
0.5,0.2,1,0-1-2,0.7,1.0,1.4,1.0,0.0,1.241229341530925e-13,2.0469737016526324e-13,3.038037621736413e-13,8.651178170481293e-16,1
0.5,0.2,1,0-1-2,0.7,1.0,1.4,3.2,0.63,1.241229341530925e-13,2.057243264630415e-13,9.749008404648545e-13,3.1164762361502686e-16,1
0.5,0.2,1,0-1-3,0.7,1.0,1.9,1.0,0.0,1.0436096431476471e-14,1.6708856520608606e-14,2.4780180396692116e-14,2.8837260568270977e-16,1
0.5,0.2,1,0-1-3,0.7,1.0,1.9,3.2,0.63,1.0436096431476471e-14,1.7541523789077473e-14,8.178961105344724e-14,1.229276737592606e-15,1
0.5,0.2,1,0-1-4,0.7,1.0,2.6,1.0,0.0,1.0436096431476471e-14,1.6708856520608606e-14,2.4780180396692116e-14,1.4418630284135488e-15,1
0.5,0.2,1,0-1-4,0.7,1.0,2.6,3.2,0.63,1.0436096431476471e-14,1.7541523789077473e-14,8.178961105344724e-14,9.349428708450807e-16,1
0.5,0.2,1,0-2-3,0.7,1.4,1.9,1.0,0.0,3.306244167333716e-13,5.958566973163215e-13,8.598128615962832e-13,4.0775040625198733e-16,1
0.5,0.2,1,0-2-3,0.7,1.4,1.9,3.2,0.63,3.306244167333716e-13,5.956901638626277e-13,2.752304743509637e-12,3.5089640285538415e-16,1
0.5,0.2,1,0-2-4,0.7,1.4,2.6,1.0,0.0,1.0325074129013956e-13,1.860456233515606e-13,2.681738157392283e-13,1.3591680208399579e-16,1
0.5,0.2,1,0-2-4,0.7,1.4,2.6,3.2,0.63,1.0325074129013956e-13,1.8590684547348246e-13,8.588957416420488e-13,1.1424534046454368e-16,1
0.5,0.2,1,0-3-4,0.7,1.9,2.6,1.0,0.0,3.306244167333716e-13,6.41597885930878e-13,9.074711594356525e-13,3.477856697721956e-16,1
0.5,0.2,1,0-3-4,0.7,1.9,2.6,3.2,0.63,3.306244167333716e-13,6.420974862919593e-13,2.904080633795514e-12,2.5057067459711224e-16,1
0.5,0.2,1,1-2-3,1.0,1.4,1.9,1.0,0.0,1.241229341530925e-13,2.461086889837816e-13,3.414155322215279e-13,1.2854440909376323e-15,1
0.5,0.2,1,1-2-3,1.0,1.4,1.9,3.2,0.63,1.241229341530925e-13,2.451649994128502e-13,1.0881699064600208e-12,5.2480675669966e-16,1
0.5,0.2,1,1-2-4,1.0,1.4,2.6,1.0,0.0,1.0436096431476471e-14,2.1788126858268697e-14,3.0232536980269104e-14,1.2854440909376323e-15,1
0.5,0.2,1,1-2-4,1.0,1.4,2.6,3.2,0.63,1.0436096431476471e-14,2.0816681711721685e-14,9.264875997516715e-14,9.26129570646459e-17,1
0.5,0.2,1,1-3-4,1.0,1.9,2.6,1.0,0.0,3.306244167333716e-13,7.010503288995551e-13,9.495982014378417e-13,3.73431555826241e-16,1
0.5,0.2,1,1-3-4,1.0,1.9,2.6,3.2,0.63,3.306244167333716e-13,7.027156634364928e-13,3.041954327804244e-12,4.63360236354787e-16,1
0.5,0.2,1,2-3-4,1.4,1.9,2.6,1.0,0.0,1.241229341530925e-13,2.845501612114276e-13,3.7132370055468275e-13,1.4479133580222806e-15,1
0.5,0.2,1,2-3-4,1.4,1.9,2.6,3.2,0.63,1.241229341530925e-13,2.8207991498163665e-13,1.1863021818057512e-12,1.173582584655909e-15,1
0.5,0.2,2,0-1-2,1.4,2.0,2.8,1.0,0.0,1.241229341530925e-13,2.8957392039785645e-13,3.80118577636616e-13,7.850543661987102e-16,1
0.5,0.2,2,0-1-2,1.4,2.0,2.8,3.2,0.63,1.241229341530925e-13,2.8954616482224083e-13,1.2154787386290333e-12,8.759163918844265e-16,1
0.5,0.2,2,0-1-3,1.4,2.0,3.8,1.0,0.0,1.0436096431476471e-14,2.5673907444456745e-14,3.278096813351159e-14,1.1215062374267289e-15,1
0.5,0.2,2,0-1-3,1.4,2.0,3.8,3.2,0.63,1.0436096431476471e-14,2.5701663020072374e-14,1.041301606523735e-13,9.732404354271405e-16,1
0.5,0.2,2,0-1-4,1.4,2.0,5.2,1.0,0.0,1.0436096431476471e-14,2.5673907444456745e-14,3.278096813351159e-14,2.2430124748534576e-16,1
0.5,0.2,2,0-1-4,1.4,2.0,5.2,3.2,0.63,1.0436096431476471e-14,2.5701663020072374e-14,1.041301606523735e-13,1.751832783768853e-15,1
0.5,0.2,2,0-2-3,1.4,2.8,3.8,1.0,0.0,3.306244167333716e-13,8.325007350151736e-13,1.0649603890897353e-12,1.0571846167386156e-16,1
0.5,0.2,2,0-2-3,1.4,2.8,3.8,3.2,0.63,3.306244167333716e-13,8.329725798006393e-13,3.4100257426187044e-12,2.29355571637823e-16,1
0.5,0.2,2,0-2-4,1.4,2.8,5.2,1.0,0.0,1.241229341530925e-13,3.1319391524675666e-13,4.0070803628343385e-13,8.457476933908925e-16,1
0.5,0.2,2,0-2-4,1.4,2.8,5.2,3.2,0.63,1.0325074129013956e-13,2.601252546696742e-13,1.0647248808731404e-12,1.834844573102584e-16,1
0.5,0.2,2,0-3-4,1.4,3.8,5.2,1.0,0.0,3.306244167333716e-13,8.927858452523196e-13,1.117287876918877e-12,4.733990905786925e-16,1
0.5,0.2,2,0-3-4,1.4,3.8,5.2,3.2,0.63,3.306244167333716e-13,8.92980134281629e-13,3.5767300674791736e-12,1.173756001833383e-16,1
0.5,0.2,2,1-2-3,2.0,2.8,3.8,1.0,0.0,1.241229341530925e-13,3.412825577697731e-13,4.1924058925363676e-13,4.999204284459977e-16,1
0.5,0.2,2,1-2-3,2.0,2.8,3.8,3.2,0.63,1.241229341530925e-13,3.398392678377604e-13,1.3374924559427791e-12,7.808935577896758e-16,1
0.5,0.2,2,1-2-4,2.0,2.8,5.2,1.0,0.0,1.0436096431476471e-14,2.8033131371785203e-14,3.554226902766008e-14,2.399618056540789e-15,1
0.5,0.2,2,1-2-4,2.0,2.8,5.2,3.2,0.63,1.0436096431476471e-14,2.6645352591003757e-14,1.0991992921937006e-13,1.127957361251754e-15,1
0.5,0.2,2,1-3-4,2.0,3.8,5.2,1.0,0.0,3.306244167333716e-13,9.739986595036498e-13,1.1639970531545716e-12,7.745642239390818e-16,1
0.5,0.2,2,1-3-4,2.0,3.8,5.2,3.2,0.63,3.306244167333716e-13,9.744982598647312e-13,3.726825489348056e-12,4.201031152434897e-17,1
0.5,0.2,2,2-3-4,2.8,3.8,5.2,1.0,0.0,1.241229341530925e-13,3.941569293175462e-13,4.536142082147724e-13,1.3139143376694462e-15,1
0.5,0.2,2,2-3-4,2.8,3.8,5.2,3.2,0.63,1.241229341530925e-13,3.9487857428355255e-13,1.451476828743439e-12,5.701058627375308e-16,1
0.5,0.2,1,0-1-2,0.7,1.0,1.4,1.0,0.0,1.241229341530925e-13,2.044753255603382e-13,3.7334872316398195e-13,7.149237515883846e-16,1
0.5,0.2,1,0-1-2,0.7,1.0,1.4,3.2,0.63,1.241229341530925e-13,2.061129045216603e-13,1.1969089879368388e-12,1.9242748045841618e-15,1
0.5,0.2,1,0-1-3,0.7,1.0,1.9,1.0,0.0,1.0436096431476471e-14,1.637578961322106e-14,3.0651204874577e-14,3.063958935378791e-16,1
0.5,0.2,1,0-1-3,0.7,1.0,1.9,3.2,0.63,1.0436096431476471e-14,1.8096635301390052e-14,1.0049474873776091e-13,2.7260559731608957e-15,1
0.5,0.2,1,0-1-4,0.7,1.0,2.6,1.0,0.0,1.0436096431476471e-14,1.637578961322106e-14,3.0651204874577e-14,8.17055716101011e-16,1
0.5,0.2,1,0-1-4,0.7,1.0,2.6,3.2,0.63,1.0436096431476471e-14,1.8096635301390052e-14,1.0049474873776091e-13,3.2071246743069363e-15,1
0.5,0.2,1,0-2-3,0.7,1.4,1.9,1.0,0.0,3.306244167333716e-13,5.968281424628685e-13,1.0574491989622939e-12,6.257836095950646e-16,1
0.5,0.2,1,0-2-3,0.7,1.4,1.9,3.2,0.63,3.306244167333716e-13,5.959954751943997e-13,3.3822918771402087e-12,1.5115934073713302e-16,1
0.5,0.2,1,0-2-4,0.7,1.4,2.6,1.0,0.0,1.0325074129013956e-13,1.869060461956451e-13,3.304435739052679e-13,2.888232044284913e-16,1
0.5,0.2,1,0-2-4,0.7,1.4,2.6,3.2,0.63,1.0325074129013956e-13,1.8621215680525438e-13,1.0556108877588957e-12,6.046373629485321e-16,1
0.5,0.2,1,0-3-4,0.7,1.9,2.6,1.0,0.0,3.306244167333716e-13,6.414035969015686e-13,1.114400815894577e-12,3.6952227413295763e-16,1
0.5,0.2,1,0-3-4,0.7,1.9,2.6,3.2,0.63,3.306244167333716e-13,6.42041975140728e-13,3.568300601834583e-12,1.9339423733681848e-16,1
0.5,0.2,1,1-2-3,1.0,1.4,1.9,1.0,0.0,1.241229341530925e-13,2.4447111002245947e-13,4.1773335972935147e-13,1.5478889261707354e-15,1
0.5,0.2,1,1-2-3,1.0,1.4,1.9,3.2,0.63,1.241229341530925e-13,2.4408253196384067e-13,1.3371796194986075e-12,1.1436813012742642e-15,1
0.5,0.2,1,1-2-4,1.0,1.4,2.6,1.0,0.0,1.0436096431476471e-14,2.020605904817785e-14,3.556822597337778e-14,1.4568366363959862e-15,1
0.5,0.2,1,1-2-4,1.0,1.4,2.6,3.2,0.63,1.0436096431476471e-14,1.9761969838327786e-14,1.1449774782598111e-13,2.8592032531856607e-15,1
0.5,0.2,1,1-3-4,1.0,1.9,2.6,1.0,0.0,3.306244167333716e-13,7.005229729628581e-13,1.1662383037139498e-12,4.408566978504232e-16,1
0.5,0.2,1,1-3-4,1.0,1.9,2.6,3.2,0.63,3.306244167333716e-13,7.027434190121085e-13,3.737134960682845e-12,4.845288544970394e-16,1
0.5,0.2,1,2-3-4,1.4,1.9,2.6,1.0,0.0,1.241229341530925e-13,2.8763103010476243e-13,4.588322887413034e-13,1.7948092667151136e-15,1
0.5,0.2,1,2-3-4,1.4,1.9,2.6,3.2,0.63,1.241229341530925e-13,2.8324564915749306e-13,1.457179676344762e-12,4.025727969009282e-16,1
0.5,0.2,2,0-1-2,1.4,2.0,2.8,1.0,0.0,1.241229341530925e-13,2.895184092466252e-13,4.674640155929709e-13,1.5080860389639719e-16,1
0.5,0.2,2,0-1-2,1.4,2.0,2.8,3.2,0.63,1.241229341530925e-13,2.8918534233923765e-13,1.4939763643124032e-12,0.0,1
0.5,0.2,2,0-1-3,1.4,2.0,3.8,1.0,0.0,1.0436096431476471e-14,2.5701663020072374e-14,4.08412708694881e-14,2.262129058445958e-16,1
0.5,0.2,2,0-1-3,1.4,2.0,3.8,3.2,0.63,1.0436096431476471e-14,2.5229818234606682e-14,1.292505605011652e-13,4.291873305159736e-16,1
0.5,0.2,2,0-1-4,1.4,2.0,5.2,1.0,0.0,1.0436096431476471e-14,2.5701663020072374e-14,4.08412708694881e-14,3.0161720779279437e-16,1
0.5,0.2,2,0-1-4,1.4,2.0,5.2,3.2,0.63,1.0436096431476471e-14,2.5229818234606682e-14,1.292505605011652e-13,4.291873305159736e-16,1
0.5,0.2,2,0-2-3,1.4,2.8,3.8,1.0,0.0,3.306244167333716e-13,8.325007350151736e-13,1.308731471231989e-12,3.553982376346673e-17,1
0.5,0.2,2,0-2-3,1.4,2.8,3.8,3.2,0.63,3.306244167333716e-13,8.33444424586105e-13,4.1912642269132826e-12,2.022860989884789e-16,1
0.5,0.2,2,0-2-4,1.4,2.8,5.2,1.0,0.0,1.241229341530925e-13,3.130273817930629e-13,4.917610791605898e-13,0.0,1
0.5,0.2,2,0-2-4,1.4,2.8,5.2,3.2,0.63,1.0325074129013956e-13,2.606248550307555e-13,1.3105107382910327e-12,2.022860989884789e-16,1
0.5,0.2,2,0-3-4,1.4,3.8,5.2,1.0,0.0,3.306244167333716e-13,8.928968675547821e-13,1.3730964266054053e-12,0.0,1
0.5,0.2,2,0-3-4,1.4,3.8,5.2,3.2,0.63,3.306244167333716e-13,8.928968675547821e-13,4.3947168335392014e-12,3.8820921334013296e-16,1
0.5,0.2,2,1-2-3,2.0,2.8,3.8,1.0,0.0,1.241229341530925e-13,3.4111602431607935e-13,5.142369447728144e-13,6.722414852209444e-17,1
0.5,0.2,2,1-2-3,2.0,2.8,3.8,3.2,0.63,1.241229341530925e-13,3.3958946765721976e-13,1.6413038549354792e-12,2.8697055842610654e-16,1
0.5,0.2,2,1-2-4,2.0,2.8,5.2,1.0,0.0,1.0436096431476471e-14,2.7977620220553945e-14,4.2656265444818774e-14,1.3444829704418888e-16,1
0.5,0.2,2,1-2-4,2.0,2.8,5.2,3.2,0.63,1.0436096431476471e-14,2.6367796834847468e-14,1.31465595789521e-13,5.739411168522131e-16,1
0.5,0.2,2,1-3-4,2.0,3.8,5.2,1.0,0.0,3.306244167333716e-13,9.741096818061123e-13,1.4306968171334414e-12,3.254856764895527e-17,1
0.5,0.2,2,1-3-4,2.0,3.8,5.2,3.2,0.63,3.306244167333716e-13,9.738043704743404e-13,4.577792402381526e-12,4.631510570501149e-16,1
0.5,0.2,2,2-3-4,2.8,3.8,5.2,1.0,0.0,1.241229341530925e-13,3.9429570719562435e-13,5.574778716642284e-13,0.0,1
0.5,0.2,2,2-3-4,2.8,3.8,5.2,3.2,0.63,1.241229341530925e-13,3.968214645766466e-13,1.7888385238884935e-12,1.0774707040511053e-15,1
0.5,0.8,1,0-1-2,0.7,1.0,1.4,1.0,0.0,1.241229341530925e-13,3.4305891460917337e-13,3.0497249039724456e-13,2.739539753985738e-15,1
0.5,0.8,1,0-1-2,0.7,1.0,1.4,3.2,0.63,1.241229341530925e-13,3.4006131244268545e-13,9.725940998685281e-13,1.7313756867501514e-15,1
0.5,0.8,1,0-1-3,0.7,1.0,1.9,1.0,0.0,1.0436096431476471e-14,3.0753177782116836e-14,2.599595272703113e-14,3.172098662509802e-15,1
0.5,0.8,1,0-1-3,0.7,1.0,1.9,3.2,0.63,1.0436096431476471e-14,2.7422508708241367e-14,7.950313203316809e-14,1.8525719848226618e-15,1
0.5,0.8,1,0-1-4,0.7,1.0,2.6,1.0,0.0,1.0436096431476471e-14,3.0753177782116836e-14,2.599595272703113e-14,4.03721647955793e-15,1
0.5,0.8,1,0-1-4,0.7,1.0,2.6,3.2,0.63,1.0436096431476471e-14,2.7422508708241367e-14,7.950313203316809e-14,1.315845521930115e-15,1
0.5,0.8,1,0-2-3,0.7,1.4,1.9,1.0,0.0,3.306244167333716e-13,9.960920976936904e-13,8.604948735033429e-13,5.436672083359835e-16,1
0.5,0.8,1,0-2-3,0.7,1.4,1.9,3.2,0.63,3.306244167333716e-13,9.95759030786303e-13,2.752146991442177e-12,4.080190730876562e-16,1
0.5,0.8,1,0-2-4,0.7,1.4,2.6,1.0,0.0,1.0325074129013956e-13,3.1175062531474396e-13,2.688565934799547e-13,1.087334416671967e-15,1
0.5,0.8,1,0-2-4,0.7,1.4,2.6,3.2,0.63,1.0325074129013956e-13,3.1175062531474396e-13,8.591472478985659e-13,1.2077364563394624e-15,1
0.5,0.8,1,0-3-4,0.7,1.9,2.6,1.0,0.0,3.306244167333716e-13,1.0755840662568517e-12,9.074804240955537e-13,1.7389283488609776e-16,1
0.5,0.8,1,0-3-4,0.7,1.9,2.6,3.2,0.63,3.306244167333716e-13,1.0765832669790143e-12,2.9046283756845963e-12,4.071773462203075e-16,1
0.5,0.8,1,1-2-3,1.0,1.4,1.9,1.0,0.0,1.241229341530925e-13,4.0234482412415673e-13,3.3877241751467675e-13,2.1852549545939816e-15,1
0.5,0.8,1,1-2-3,1.0,1.4,1.9,3.2,0.63,1.241229341530925e-13,4.063416270128073e-13,1.09040044410362e-12,1.5589847772548726e-15,1
0.5,0.8,1,1-2-4,1.0,1.4,2.6,1.0,0.0,1.0436096431476471e-14,2.9753977059954195e-14,2.7958352648335163e-14,4.370509909187963e-15,1
0.5,0.8,1,1-2-4,1.0,1.4,2.6,3.2,0.63,1.0436096431476471e-14,3.375077994860476e-14,9.496658517046518e-14,4.0132281394679885e-15,1
0.5,0.8,1,1-3-4,1.0,1.9,2.6,1.0,0.0,3.306244167333716e-13,1.166955421183502e-12,9.500273345506457e-13,3.734315558262413e-16,1
0.5,0.8,1,1-3-4,1.0,1.9,2.6,3.2,0.63,3.306244167333716e-13,1.1676215549982771e-12,3.0416508028179492e-12,7.174610111299929e-16,1
0.5,0.8,1,2-3-4,1.4,1.9,2.6,1.0,0.0,1.241229341530925e-13,4.718447854656915e-13,3.724426982779165e-13,3.6197833950556957e-16,1
0.5,0.8,1,2-3-4,1.4,1.9,2.6,3.2,0.63,1.241229341530925e-13,4.667377595524158e-13,1.1852249324560835e-12,5.505696076163524e-16,1
0.5,0.8,2,0-1-2,1.4,2.0,2.8,1.0,0.0,1.241229341530925e-13,4.787281682183675e-13,3.804515785712798e-13,1.5701087323974193e-15,1
0.5,0.8,2,0-1-2,1.4,2.0,2.8,3.2,0.63,1.241229341530925e-13,4.760636329592671e-13,1.2132011872297286e-12,8.759163918844272e-16,1
0.5,0.8,2,0-1-3,1.4,2.0,3.8,1.0,0.0,1.0436096431476471e-14,4.340972026284362e-14,3.32965121390608e-14,1.5701087323974193e-15,1
0.5,0.8,2,0-1-3,1.4,2.0,3.8,3.2,0.63,1.0436096431476471e-14,4.0745185003743245e-14,1.0183595963735858e-13,1.3625366095979977e-15,1
0.5,0.8,2,0-1-4,1.4,2.0,5.2,1.0,0.0,1.0436096431476471e-14,4.340972026284362e-14,3.32965121390608e-14,2.915916217309493e-15,1
0.5,0.8,2,0-1-4,1.4,2.0,5.2,3.2,0.63,1.0436096431476471e-14,4.0745185003743245e-14,1.0183595963735858e-13,1.3625366095979977e-15,1
0.5,0.8,2,0-2-3,1.4,2.8,3.8,1.0,0.0,3.306244167333716e-13,1.3683498778505054e-12,1.0650880075309414e-12,4.228738466954463e-16,1
0.5,0.8,2,0-2-3,1.4,2.8,3.8,3.2,0.63,3.306244167333716e-13,1.3677947663381929e-12,3.408163299214942e-12,0.0,1
0.5,0.8,2,0-2-4,1.4,2.8,5.2,1.0,0.0,1.241229341530925e-13,5.144773496112975e-13,4.003952036342323e-13,3.171553850215847e-16,1
0.5,0.8,2,0-2-4,1.4,2.8,5.2,3.2,0.63,1.241229341530925e-13,5.146993942162226e-13,1.281568154343999e-12,2.752266859653874e-16,1
0.5,0.8,2,0-3-4,1.4,3.8,5.2,1.0,0.0,3.306244167333716e-13,1.4643841694805815e-12,1.118039436199216e-12,2.028853245337255e-16,1
0.5,0.8,2,0-3-4,1.4,3.8,5.2,3.2,0.63,3.306244167333716e-13,1.4639400802707314e-12,3.576308971293505e-12,1.7606340027500744e-16,1
0.5,0.8,2,1-2-3,2.0,2.8,3.8,1.0,0.0,1.241229341530925e-13,5.527800439608654e-13,4.184549767287323e-13,1.4997612853379943e-15,1
0.5,0.8,2,1-2-3,2.0,2.8,3.8,3.2,0.63,1.241229341530925e-13,5.571099137569036e-13,1.3444973732187573e-12,4.3382975432759674e-16,1
0.5,0.8,2,1-2-4,2.0,2.8,5.2,1.0,0.0,1.0436096431476471e-14,4.3853809472693683e-14,3.4769838412089934e-14,1.9996817137839925e-15,1
0.5,0.8,2,1-2-4,2.0,2.8,5.2,3.2,0.63,1.0436096431476471e-14,4.796163466380676e-14,1.1643778573805376e-13,1.475021164713829e-15,1
0.5,0.8,2,1-3-4,2.0,3.8,5.2,1.0,0.0,3.306244167333716e-13,1.5776269179923474e-12,1.1651646562153858e-12,1.936410559847707e-16,1
0.5,0.8,2,1-3-4,2.0,3.8,5.2,3.2,0.63,3.306244167333716e-13,1.5756285165480222e-12,3.725035361206075e-12,3.7809280371914063e-16,1
0.5,0.8,2,2-3-4,2.8,3.8,5.2,1.0,0.0,1.241229341530925e-13,6.288303211476887e-13,4.5204127578231777e-13,1.1262122894309558e-15,1
0.5,0.8,2,2-3-4,2.8,3.8,5.2,3.2,0.63,1.241229341530925e-13,6.280531650304511e-13,1.4478870131676128e-12,4.886621680607415e-16,1
0.5,0.8,1,0-1-2,0.7,1.0,1.4,1.0,0.0,1.241229341530925e-13,3.4094949086238557e-13,3.745963559743926e-13,4.0852785805050495e-16,1
0.5,0.8,1,0-1-2,0.7,1.0,1.4,3.2,0.63,1.241229341530925e-13,3.4006131244268545e-13,1.1885948977864385e-12,3.608015258595308e-15,1
0.5,0.8,1,0-1-3,0.7,1.0,1.9,1.0,0.0,1.0436096431476471e-14,2.842170943040401e-14,3.188950163365738e-14,1.0213196451262624e-15,1
0.5,0.8,1,0-1-3,0.7,1.0,1.9,3.2,0.63,1.0436096431476471e-14,2.7644553313166398e-14,9.17151739690779e-14,6.7349618160445754e-15,1
0.5,0.8,1,0-1-4,0.7,1.0,2.6,1.0,0.0,1.0436096431476471e-14,2.842170943040401e-14,3.188950163365738e-14,2.0426392902525248e-15,1
0.5,0.8,1,0-1-4,0.7,1.0,2.6,3.2,0.63,1.0436096431476471e-14,2.7644553313166398e-14,9.17151739690779e-14,7.697099218336658e-15,1
0.5,0.8,1,0-2-3,0.7,1.4,1.9,1.0,0.0,3.306244167333716e-13,9.935385847370526e-13,1.055840547440168e-12,1.9254880295232726e-16,1
0.5,0.8,1,0-2-3,0.7,1.4,1.9,3.2,0.63,3.306244167333716e-13,9.952039192739903e-13,3.3829204098918742e-12,6.046373629485322e-16,1
0.5,0.8,1,0-2-4,0.7,1.4,2.6,1.0,0.0,1.241229341530925e-13,3.7470027081099033e-13,3.97880651975133e-13,4.813720073808182e-16,1
0.5,0.8,1,0-2-4,0.7,1.4,2.6,3.2,0.63,1.0325074129013956e-13,3.1108449149996886e-13,1.0574901992244718e-12,0.0,1
0.5,0.8,1,0-3-4,0.7,1.9,2.6,1.0,0.0,3.306244167333716e-13,1.074584865534689e-12,1.1143969059624522e-12,1.2317409137765253e-16,1
0.5,0.8,1,0-3-4,0.7,1.9,2.6,3.2,0.63,3.306244167333716e-13,1.0759171331642392e-12,3.5681803697272927e-12,5.801827120104554e-16,1
0.5,0.8,1,1-2-3,1.0,1.4,1.9,1.0,0.0,1.241229341530925e-13,4.100053629940703e-13,4.1929061149897143e-13,9.105228977474896e-17,1
0.5,0.8,1,1-2-3,1.0,1.4,1.9,3.2,0.63,1.241229341530925e-13,4.0745185003743245e-13,1.3418985866617263e-12,5.718406506371316e-16,1
0.5,0.8,1,1-2-4,1.0,1.4,2.6,1.0,0.0,1.0436096431476471e-14,3.752553823233029e-14,3.734922924794131e-14,5.463137386484937e-16,1
0.5,0.8,1,1-2-4,1.0,1.4,2.6,3.2,0.63,1.0436096431476471e-14,3.47499806707674e-14,1.1875235271770407e-13,3.716964229141355e-15,1
0.5,0.8,1,1-3-4,1.0,1.9,2.6,1.0,0.0,3.306244167333716e-13,1.1646239528317892e-12,1.1667426099127097e-12,1.7634267914016933e-16,1
0.5,0.8,1,1-3-4,1.0,1.9,2.6,3.2,0.63,3.306244167333716e-13,1.166511331973652e-12,3.732611423758731e-12,1.3151497479205342e-15,1
0.5,0.8,1,2-3-4,1.4,1.9,2.6,1.0,0.0,1.241229341530925e-13,4.685141163918161e-13,4.563228000892112e-13,3.418684317552606e-16,1
0.5,0.8,1,2-3-4,1.4,1.9,2.6,3.2,0.63,1.241229341530925e-13,4.68070027181966e-13,1.463128801603992e-12,2.2812458491052587e-15,1
0.5,0.8,2,0-1-2,1.4,2.0,2.8,1.0,0.0,1.241229341530925e-13,4.773959005888173e-13,4.669456687929028e-13,1.1687666801970784e-15,1
0.5,0.8,2,0-1-2,1.4,2.0,2.8,3.2,0.63,1.241229341530925e-13,4.776179451937423e-13,1.4972090825549648e-12,5.364841631449668e-16,1
0.5,0.8,2,0-1-3,1.4,2.0,3.8,1.0,0.0,1.0436096431476471e-14,4.241051954068098e-14,4.053272064315335e-14,9.048516233783832e-16,1
0.5,0.8,2,0-1-3,1.4,2.0,3.8,3.2,0.63,1.0436096431476471e-14,4.241051954068098e-14,1.3242740982345227e-13,4.291873305159734e-16,1
0.5,0.8,2,0-1-4,1.4,2.0,5.2,1.0,0.0,1.0436096431476471e-14,4.241051954068098e-14,4.053272064315335e-14,1.2064688311711777e-15,1
0.5,0.8,2,0-1-4,1.4,2.0,5.2,3.2,0.63,1.0436096431476471e-14,4.241051954068098e-14,1.3242740982345227e-13,8.583746610319468e-16,1
0.5,0.8,2,0-2-3,1.4,2.8,3.8,1.0,0.0,3.306244167333716e-13,1.368460900152968e-12,1.3085097799677712e-12,4.264778851616007e-16,1
0.5,0.8,2,0-2-3,1.4,2.8,3.8,3.2,0.63,3.306244167333716e-13,1.3667955656160302e-12,4.183798102554117e-12,2.0228609898847854e-16,1
0.5,0.8,2,0-2-4,1.4,2.8,5.2,1.0,0.0,1.241229341530925e-13,5.14366327308835e-13,4.921707700582754e-13,6.752566515058678e-16,1
0.5,0.8,2,0-2-4,1.4,2.8,5.2,3.2,0.63,1.241229341530925e-13,5.160316618457728e-13,1.5777115301875192e-12,2.0228609898847854e-16,1
0.5,0.8,2,0-3-4,1.4,3.8,5.2,1.0,0.0,3.306244167333716e-13,1.4639400802707314e-12,1.373288780525803e-12,2.273494009137391e-17,1
0.5,0.8,2,0-3-4,1.4,3.8,5.2,3.2,0.63,3.306244167333716e-13,1.464717236387969e-12,4.394558055453094e-12,0.0,1
0.5,0.8,2,1-2-3,2.0,2.8,3.8,1.0,0.0,1.241229341530925e-13,5.537792446830281e-13,5.146741645220133e-13,1.3444829704418885e-15,1
0.5,0.8,2,1-2-3,2.0,2.8,3.8,3.2,0.63,1.241229341530925e-13,5.573319583618286e-13,1.651090297556312e-12,6.695979696609133e-16,1
0.5,0.8,2,1-2-4,2.0,2.8,5.2,1.0,0.0,1.0436096431476471e-14,4.4853010194856324e-14,4.3196236940643553e-14,2.4200693467953993e-15,1
0.5,0.8,2,1-2-4,2.0,2.8,5.2,3.2,0.63,1.0436096431476471e-14,4.8405723873656825e-14,1.4217947963945997e-13,9.56568528087019e-16,1
0.5,0.8,2,1-3-4,2.0,3.8,5.2,1.0,0.0,3.306244167333716e-13,1.5765166949677223e-12,1.430887858346376e-12,9.764570294686587e-17,1
0.5,0.8,2,1-3-4,2.0,3.8,5.2,3.2,0.63,3.306244167333716e-13,1.5780710072021975e-12,4.5815029176920494e-12,9.263021141002312e-17,1
0.5,0.8,2,2-3-4,2.8,3.8,5.2,1.0,0.0,1.241229341530925e-13,6.292744103575387e-13,5.559883511782035e-13,5.048047509444307e-16,1
0.5,0.8,2,2-3-4,2.8,3.8,5.2,3.2,0.63,1.241229341530925e-13,6.223910276048628e-13,1.7712034805198273e-12,3.5915690135037044e-16,1
0.5,2.0,1,0-1-2,0.7,1.0,1.4,1.0,0.0,1.241229341530925e-13,6.090683513093609e-13,3.0447710087630473e-13,1.4418630284135476e-16,1
0.5,2.0,1,0-1-2,0.7,1.0,1.4,3.2,0.63,1.241229341530925e-13,6.17284001691587e-13,9.772475434765361e-13,4.1553016482003533e-16,1
0.5,2.0,1,0-1-3,0.7,1.0,1.9,1.0,0.0,1.0436096431476471e-14,4.75175454539567e-14,2.53820300198554e-14,1.1534904227308381e-15,1
0.5,2.0,1,0-1-3,0.7,1.0,1.9,3.2,0.63,1.0436096431476471e-14,5.639932965095795e-14,8.475474855689523e-14,3.9821640795253385e-16,1
0.5,2.0,1,0-1-4,0.7,1.0,2.6,1.0,0.0,1.0436096431476471e-14,4.75175454539567e-14,2.53820300198554e-14,4.325589085240643e-15,1
0.5,2.0,1,0-1-4,0.7,1.0,2.6,3.2,0.63,1.0436096431476471e-14,5.639932965095795e-14,8.475474855689523e-14,2.423925961450206e-16,1
0.5,2.0,1,0-2-3,0.7,1.4,1.9,1.0,0.0,3.306244167333716e-13,1.7985612998927536e-12,8.612178334306388e-13,5.436672083359841e-16,1
0.5,2.0,1,0-2-3,0.7,1.4,1.9,3.2,0.63,3.306244167333716e-13,1.795008586213953e-12,2.756980210133653e-12,4.896228877051879e-16,1
0.5,2.0,1,0-2-4,0.7,1.4,2.6,1.0,0.0,1.0325074129013956e-13,5.662137425588298e-13,2.6977127062749915e-13,2.0387520312599405e-15,1
0.5,2.0,1,0-2-4,0.7,1.4,2.6,3.2,0.63,1.0325074129013956e-13,5.631051180898794e-13,8.640155887789447e-13,5.54905939399213e-16,1
0.5,2.0,1,0-3-4,0.7,1.9,2.6,1.0,0.0,3.306244167333716e-13,1.9459989175629744e-12,9.080147819037027e-13,8.694641744304896e-16,1
0.5,2.0,1,0-3-4,0.7,1.9,2.6,3.2,0.63,3.306244167333716e-13,1.942002114674324e-12,2.9055252569469775e-12,9.396400297391706e-17,1
0.5,2.0,1,1-2-3,1.0,1.4,1.9,1.0,0.0,1.241229341530925e-13,7.23199278240827e-13,3.3802875601441363e-13,6.427220454688188e-16,1
0.5,2.0,1,1-2-3,1.0,1.4,1.9,3.2,0.63,1.241229341530925e-13,7.216449660063518e-13,1.0770998140863472e-12,1.111355484775755e-15,1
0.5,2.0,1,1-2-4,1.0,1.4,2.6,1.0,0.0,1.0436096431476471e-14,5.3734794391857577e-14,2.7075162116156947e-14,3.5992434546253856e-15,1
0.5,2.0,1,1-2-4,1.0,1.4,2.6,3.2,0.63,1.0436096431476471e-14,5.1958437552457326e-14,8.177152467625635e-14,1.4509363273461245e-15,1
0.5,2.0,1,1-3-4,1.0,1.9,2.6,1.0,0.0,3.306244167333716e-13,2.098321516541546e-12,9.50948189741063e-13,1.2447718527541384e-15,1
0.5,2.0,1,1-3-4,1.0,1.9,2.6,3.2,0.63,3.306244167333716e-13,2.0952128920725954e-12,3.043677456705962e-12,1.644181483839567e-16,1
0.5,2.0,1,2-3-4,1.4,1.9,2.6,1.0,0.0,1.241229341530925e-13,8.395506512215434e-13,3.7194388895801064e-13,1.8098916975278488e-15,1
0.5,2.0,1,2-3-4,1.4,1.9,2.6,3.2,0.63,1.241229341530925e-13,8.464340339742193e-13,1.1933443911888646e-12,9.27275128617011e-16,1
0.5,2.0,2,0-1-2,1.4,2.0,2.8,1.0,0.0,1.241229341530925e-13,8.530953721219703e-13,3.8055462738380444e-13,2.3551630985961294e-15,1
0.5,2.0,2,0-1-2,1.4,2.0,2.8,3.2,0.63,1.241229341530925e-13,8.588685318500211e-13,1.2274105181546596e-12,2.287115023253775e-15,1
0.5,2.0,2,0-1-3,1.4,2.0,3.8,1.0,0.0,1.0436096431476471e-14,7.571721027943568e-14,3.3481278324197033e-14,3.588819959765531e-15,1
0.5,2.0,2,0-1-3,1.4,2.0,3.8,3.2,0.63,1.0436096431476471e-14,8.104628079763643e-14,1.164837193499932e-13,8.175219657587962e-15,1
0.5,2.0,2,0-1-4,1.4,2.0,5.2,1.0,0.0,1.0436096431476471e-14,7.571721027943568e-14,3.3481278324197033e-14,4.486024949706913e-16,1
0.5,2.0,2,0-1-4,1.4,2.0,5.2,3.2,0.63,1.0436096431476471e-14,8.104628079763643e-14,1.164837193499932e-13,8.175219657587962e-15,1
0.5,2.0,2,0-2-3,1.4,2.8,3.8,1.0,0.0,3.306244167333716e-13,2.4353852268177434e-12,1.0644455183725106e-12,0.0,1
0.5,2.0,2,0-2-3,1.4,2.8,3.8,3.2,0.63,3.306244167333716e-13,2.438493851286694e-12,3.405610190304683e-12,2.1559423733955343e-15,1
0.5,2.0,2,0-2-4,1.4,2.8,5.2,1.0,0.0,1.241229341530925e-13,9.21707155043805e-13,4.011551511542598e-13,2.220087695151091e-15,1
0.5,2.0,2,0-2-4,1.4,2.8,5.2,3.2,0.63,1.241229341530925e-13,9.192646643896296e-13,1.28459373000544e-12,1.467875658482066e-15,1
0.5,2.0,2,0-3-4,1.4,3.8,5.2,1.0,0.0,3.306244167333716e-13,2.602806858931217e-12,1.1173772837952177e-12,1.4201972717360775e-15,1
0.5,2.0,2,0-3-4,1.4,3.8,5.2,3.2,0.63,3.306244167333716e-13,2.602362769721367e-12,3.5751319025526905e-12,1.0563804016500435e-15,1
0.5,2.0,2,1-2-3,2.0,2.8,3.8,1.0,0.0,1.241229341530925e-13,9.912071163853398e-13,4.200149931324185e-13,1.0998249425811938e-15,1
0.5,2.0,2,1-2-3,2.0,2.8,3.8,3.2,0.63,1.241229341530925e-13,9.776623954849128e-13,1.334839236720183e-12,3.080191255725945e-15,1
0.5,2.0,2,1-2-4,2.0,2.8,5.2,1.0,0.0,1.0436096431476471e-14,8.992806499463768e-14,3.619071631857271e-14,6.398981484108764e-15,1
0.5,2.0,2,1-2-4,2.0,2.8,5.2,3.2,0.63,1.0436096431476471e-14,7.749356711883593e-14,1.0729143842561537e-13,5.205957051931175e-16,1
0.5,2.0,2,1-3-4,2.0,3.8,5.2,1.0,0.0,3.306244167333716e-13,2.7760016507727414e-12,1.1645170109013944e-12,2.2268721438248614e-15,1
0.5,2.0,2,1-3-4,2.0,3.8,5.2,3.2,0.63,3.306244167333716e-13,2.7777780076121417e-12,3.7289323234564306e-12,2.142525887741797e-15,1
0.5,2.0,2,2-3-4,2.8,3.8,5.2,1.0,0.0,1.241229341530925e-13,1.1006751066133802e-12,4.523152054359173e-13,3.754040964769852e-15,1
0.5,2.0,2,2-3-4,2.8,3.8,5.2,3.2,0.63,1.241229341530925e-13,1.1095568908103814e-12,1.448598802593467e-12,5.863946016728883e-15,1
0.5,2.0,1,0-1-2,0.7,1.0,1.4,1.0,0.0,1.241229341530925e-13,6.072919944699606e-13,3.7233624574848003e-13,1.0213196451262645e-15,1
0.5,2.0,1,0-1-2,0.7,1.0,1.4,3.2,0.63,1.241229341530925e-13,6.139533326177116e-13,1.2004773953700519e-12,2.325165388872529e-15,1
0.5,2.0,1,0-1-3,0.7,1.0,1.9,1.0,0.0,1.0436096431476471e-14,4.6629367034256575e-14,2.9738438165293325e-14,3.0639589353787935e-16,1
0.5,2.0,1,0-1-3,0.7,1.0,1.9,3.2,0.63,1.0436096431476471e-14,5.284661597215745e-14,1.0407237975891823e-13,1.6035623371534684e-16,1
0.5,2.0,1,0-1-4,0.7,1.0,2.6,1.0,0.0,1.0436096431476471e-14,4.6629367034256575e-14,2.9738438165293325e-14,1.4298475031767703e-15,1
0.5,2.0,1,0-1-4,0.7,1.0,2.6,3.2,0.63,1.0436096431476471e-14,5.284661597215745e-14,1.0407237975891823e-13,3.5278371417376305e-15,1
0.5,2.0,1,0-2-3,0.7,1.4,1.9,1.0,0.0,3.306244167333716e-13,1.7990053891026037e-12,1.0588695392897008e-12,6.257836095950655e-16,1
0.5,2.0,1,0-2-3,0.7,1.4,1.9,3.2,0.63,3.306244167333716e-13,1.7976731214730535e-12,3.383337880459085e-12,1.7383324184770332e-15,1
0.5,2.0,1,0-2-4,0.7,1.4,2.6,1.0,0.0,1.0325074129013956e-13,5.662137425588298e-13,3.319572784616676e-13,1.8292136280471146e-15,1
0.5,2.0,1,0-2-4,0.7,1.4,2.6,3.2,0.63,1.0325074129013956e-13,5.648814749292796e-13,1.0574032896037806e-12,4.0813021999026e-15,1
0.5,2.0,1,0-3-4,0.7,1.9,2.6,1.0,0.0,3.306244167333716e-13,1.943334382303874e-12,1.1152821085615953e-12,5.542834111994371e-16,1
0.5,2.0,1,0-3-4,0.7,1.9,2.6,3.2,0.63,3.306244167333716e-13,1.942002114674324e-12,3.5660765676173077e-12,9.66971186684092e-16,1
0.5,2.0,1,1-2-3,1.0,1.4,1.9,1.0,0.0,1.241229341530925e-13,7.238654120556021e-13,4.1549393252740115e-13,1.5478889261707388e-15,1
0.5,2.0,1,1-2-3,1.0,1.4,1.9,3.2,0.63,1.241229341530925e-13,7.203126983768016e-13,1.3304799517970022e-12,4.2888048797785065e-15,1
0.5,2.0,1,1-2-4,1.0,1.4,2.6,1.0,0.0,1.0436096431476471e-14,5.46229728115577e-14,3.352579422653866e-14,4.370509909187968e-15,1
0.5,2.0,1,1-2-4,1.0,1.4,2.6,3.2,0.63,1.0436096431476471e-14,5.084821452783217e-14,1.0883810255615916e-13,9.864251223490564e-15,1
0.5,2.0,1,1-3-4,1.0,1.9,2.6,1.0,0.0,3.306244167333716e-13,2.0938806244430452e-12,1.1672512336745308e-12,8.817133957008473e-16,1
0.5,2.0,1,1-3-4,1.0,1.9,2.6,3.2,0.63,3.306244167333716e-13,2.0947688028627454e-12,3.7351373055209296e-12,1.453586563491117e-15,1
0.5,2.0,1,2-3-4,1.4,1.9,2.6,1.0,0.0,1.241229341530925e-13,8.466560785791444e-13,4.589169017228942e-13,8.546710793881493e-16,1
0.5,2.0,1,2-3-4,1.4,1.9,2.6,3.2,0.63,1.241229341530925e-13,8.490985692333197e-13,1.4684339558964054e-12,4.0257279690092635e-16,1
0.5,2.0,2,0-1-2,1.4,2.0,2.8,1.0,0.0,1.241229341530925e-13,8.530953721219703e-13,4.676957434381458e-13,6.786387175337874e-16,1
0.5,2.0,2,0-1-2,1.4,2.0,2.8,3.2,0.63,1.241229341530925e-13,8.586464872450961e-13,1.5014882923631684e-12,3.2189049788697956e-16,1
0.5,2.0,2,0-1-3,1.4,2.0,3.8,1.0,0.0,1.0436096431476471e-14,7.549516567451064e-14,4.117131520907843e-14,2.639150568186951e-15,1
0.5,2.0,2,0-1-3,1.4,2.0,3.8,3.2,0.63,1.0436096431476471e-14,8.126832540256146e-14,1.3689423564566416e-13,1.9313429873218774e-15,1
0.5,2.0,2,0-1-4,1.4,2.0,5.2,1.0,0.0,1.0436096431476471e-14,7.549516567451064e-14,4.117131520907843e-14,1.2064688311711775e-15,1
0.5,2.0,2,0-1-4,1.4,2.0,5.2,3.2,0.63,1.0436096431476471e-14,8.126832540256146e-14,1.3689423564566416e-13,4.291873305159728e-16,1
0.5,2.0,2,0-2-3,1.4,2.8,3.8,1.0,0.0,3.306244167333716e-13,2.4416024757556443e-12,1.3094837726622543e-12,7.10796475269335e-16,1
0.5,2.0,2,0-2-3,1.4,2.8,3.8,3.2,0.63,3.306244167333716e-13,2.439382029706394e-12,4.187479339290244e-12,1.2137165939308727e-15,1
0.5,2.0,2,0-2-4,1.4,2.8,5.2,1.0,0.0,1.0325074129013956e-13,7.625011733125575e-13,4.088529957452132e-13,1.42159295053867e-16,1
0.5,2.0,2,0-2-4,1.4,2.8,5.2,3.2,0.63,1.241229341530925e-13,9.181544413650045e-13,1.574892180262602e-12,6.068582969654364e-16,1
0.5,2.0,2,0-3-4,1.4,3.8,5.2,1.0,0.0,3.306244167333716e-13,2.604139126560767e-12,1.3732078595332728e-12,7.502530230153387e-16,1
0.5,2.0,2,0-3-4,1.4,3.8,5.2,3.2,0.63,3.306244167333716e-13,2.6010305020918167e-12,4.39135560538312e-12,7.764184266802651e-16,1
0.5,2.0,2,1-2-3,2.0,2.8,3.8,1.0,0.0,1.241229341530925e-13,9.78106484694763e-13,5.126792109739871e-13,1.0755863763535122e-15,1
0.5,2.0,2,1-2-3,2.0,2.8,3.8,3.2,0.63,1.241229341530925e-13,9.772183062750628e-13,1.6408058460495706e-12,2.295764467408853e-15,1
0.5,2.0,2,1-2-4,2.0,2.8,5.2,1.0,0.0,1.0436096431476471e-14,7.72715225139109e-14,4.119810118670014e-14,1.0083622278314177e-15,1
0.5,2.0,2,1-2-4,2.0,2.8,5.2,3.2,0.63,1.0436096431476471e-14,7.593925488436071e-14,1.3151190408673305e-13,1.339195939321831e-15,1
0.5,2.0,2,1-3-4,2.0,3.8,5.2,1.0,0.0,3.306244167333716e-13,2.7782220968219917e-12,1.4312027932319398e-12,1.3019427059582113e-15,1
0.5,2.0,2,1-3-4,2.0,3.8,5.2,3.2,0.63,3.306244167333716e-13,2.7768898291924415e-12,4.57820294455318e-12,1.2041927483302978e-15,1
0.5,2.0,2,2-3-4,2.8,3.8,5.2,1.0,0.0,1.241229341530925e-13,1.1088907569956064e-12,5.578780996418661e-13,3.155029693402686e-15,1
0.5,2.0,2,2-3-4,2.8,3.8,5.2,3.2,0.63,1.241229341530925e-13,1.113997782908882e-12,1.7890776350397085e-12,3.591569013503679e-15,1
0.7,0.2,1,0-1-2,0.7,1.0,1.4,1.0,0.0,1.0746958878371515e-13,8.804068585277491e-14,2.2024394837561873e-13,4.0209712232111326e-16,1
0.7,0.2,1,0-1-2,0.7,1.0,1.4,3.2,0.63,1.0746958878371515e-13,8.809619700400617e-14,7.033276793540704e-13,2.9614788509799124e-16,1
0.7,0.2,1,0-1-3,0.7,1.0,1.9,1.0,0.0,6.217248937900877e-15,5.6066262743570405e-15,1.3202583669369839e-14,6.031456834816699e-16,1
0.7,0.2,1,0-1-3,0.7,1.0,1.9,3.2,0.63,6.217248937900877e-15,5.495603971894525e-15,4.340503492561757e-14,5.922957701959825e-16,1
0.7,0.2,1,0-1-4,0.7,1.0,2.6,1.0,0.0,6.217248937900877e-15,5.6066262743570405e-15,1.3202583669369839e-14,4.0209712232111326e-16,1
0.7,0.2,1,0-1-4,0.7,1.0,2.6,3.2,0.63,6.217248937900877e-15,5.495603971894525e-15,4.340503492561757e-14,1.3820234637906258e-15,1
0.7,0.2,1,0-2-3,0.7,1.4,1.9,1.0,0.0,1.0746958878371515e-13,9.903189379656396e-14,2.337197728627458e-13,9.130171799298165e-17,1
0.7,0.2,1,0-2-3,0.7,1.4,1.9,3.2,0.63,1.0746958878371515e-13,9.9253938401489e-14,7.469977855982843e-13,0.0,1
0.7,0.2,1,0-2-4,0.7,1.4,2.6,1.0,0.0,6.217248937900877e-15,6.439293542825908e-15,1.3872124514841322e-14,3.652068719719266e-16,1
0.7,0.2,1,0-2-4,0.7,1.4,2.6,3.2,0.63,1.0746958878371515e-13,9.9253938401489e-14,7.469977855982843e-13,1.7931860530512423e-16,1
0.7,0.2,1,0-3-4,0.7,1.9,2.6,1.0,0.0,1.0746958878371515e-13,1.1013412404281553e-13,2.479421338142019e-13,1.1272015245737112e-16,1
0.7,0.2,1,0-3-4,0.7,1.9,2.6,3.2,0.63,1.0746958878371515e-13,1.1063372440389685e-13,7.937862019292523e-13,1.1069244354191959e-16,1
0.7,0.2,1,1-2-3,1.0,1.4,1.9,1.0,0.0,1.0746958878371515e-13,1.1191048088221578e-13,2.457049739041868e-13,1.672583785024918e-16,1
0.7,0.2,1,1-2-3,1.0,1.4,1.9,3.2,0.63,1.0746958878371515e-13,1.1229905894083458e-13,7.855720969915377e-13,0.0,1
0.7,0.2,1,1-2-4,1.0,1.4,2.6,1.0,0.0,6.217248937900877e-15,7.355227538141662e-15,1.4545219296763384e-14,6.690335140099672e-16,1
0.7,0.2,1,1-2-4,1.0,1.4,2.6,3.2,0.63,6.217248937900877e-15,6.855627177060342e-15,4.663148169682923e-14,3.284991763349835e-16,1
0.7,0.2,1,1-3-4,1.0,1.9,2.6,1.0,0.0,1.0746958878371515e-13,1.2448375663609568e-13,2.5988436380800594e-13,1.5662769899086252e-16,1
0.7,0.2,1,1-3-4,1.0,1.9,2.6,3.2,0.63,1.0746958878371515e-13,1.2501111257279263e-13,8.319502589877628e-13,1.5381014263801302e-16,1
0.7,0.2,1,2-3-4,1.4,1.9,2.6,1.0,0.0,1.0746958878371515e-13,1.397770788003072e-13,2.7270232577788967e-13,2.9453520361784645e-16,1
0.7,0.2,1,2-3-4,1.4,1.9,2.6,3.2,0.63,1.0746958878371515e-13,1.4038770146385104e-13,8.74315568670047e-13,2.89236846178913e-16,1
0.7,0.2,2,0-1-2,1.4,2.0,2.8,1.0,0.0,1.0746958878371515e-13,1.4163670236655435e-13,2.773060657090104e-13,4.653540438987481e-16,1
0.7,0.2,2,0-1-2,1.4,2.0,2.8,3.2,0.63,1.0746958878371515e-13,1.4160894679093872e-13,8.894622419303791e-13,4.748301448108807e-16,1
0.7,0.2,2,0-1-3,1.4,2.0,3.8,1.0,0.0,6.217248937900877e-15,7.882583474838611e-15,1.5927444624756564e-14,1.3960621316962445e-15,1
0.7,0.2,2,0-1-3,1.4,2.0,3.8,3.2,0.63,6.217248937900877e-15,7.91033905045424e-15,4.9093454560424816e-14,1.0762816615713296e-15,1
0.7,0.2,2,0-1-4,1.4,2.0,5.2,1.0,0.0,6.217248937900877e-15,7.882583474838611e-15,1.5927444624756564e-14,9.307080877974963e-16,1
0.7,0.2,2,0-1-4,1.4,2.0,5.2,3.2,0.63,6.217248937900877e-15,7.91033905045424e-15,4.9093454560424816e-14,1.0129709755965455e-15,1
0.7,0.2,2,0-2-3,1.4,2.8,3.8,1.0,0.0,1.0746958878371515e-13,1.57818202950466e-13,2.947447259934719e-13,3.169952331740889e-16,1
0.7,0.2,2,0-2-3,1.4,2.8,3.8,3.2,0.63,1.0746958878371515e-13,1.57818202950466e-13,9.430267570618855e-13,1.150045414589318e-16,1
0.7,0.2,2,0-2-4,1.4,2.8,5.2,1.0,0.0,1.0746958878371515e-13,1.57818202950466e-13,2.947447259934719e-13,2.1133015544939258e-16,1
0.7,0.2,2,0-2-4,1.4,2.8,5.2,3.2,0.63,1.0746958878371515e-13,1.57818202950466e-13,9.430267570618855e-13,5.75022707294659e-17,1
0.7,0.2,2,0-3-4,1.4,3.8,5.2,1.0,0.0,1.0746958878371515e-13,1.7219559111936178e-13,3.1064931013484486e-13,3.913590214632092e-16,1
0.7,0.2,2,0-3-4,1.4,3.8,5.2,3.2,0.63,1.0746958878371515e-13,1.7280621378290562e-13,9.947599291911911e-13,1.7747926506072608e-16,1
0.7,0.2,2,1-2-3,2.0,2.8,3.8,1.0,0.0,1.0746958878371515e-13,1.773026170326375e-13,3.0933202883747687e-13,3.8714210319527674e-16,1
0.7,0.2,2,1-2-3,2.0,2.8,3.8,3.2,0.63,1.0746958878371515e-13,1.7752466163756253e-13,9.889915559035647e-13,5.2670074418320796e-17,1
0.7,0.2,2,1-2-4,2.0,2.8,5.2,1.0,0.0,6.217248937900877e-15,9.825473767932635e-15,1.701731440074746e-14,7.742842063905535e-16,1
0.7,0.2,2,1-2-4,2.0,2.8,5.2,3.2,0.63,6.217248937900877e-15,9.686695889854491e-15,5.641506290091479e-14,7.373810418564911e-16,1
0.7,0.2,2,1-3-4,2.0,3.8,5.2,1.0,0.0,1.0746958878371515e-13,1.9281798380177406e-13,3.2410013436316293e-13,5.438039398880317e-16,1
0.7,0.2,2,1-3-4,2.0,3.8,5.2,3.2,0.63,1.0746958878371515e-13,1.9406698470447736e-13,1.0373687494216733e-12,3.20595907552847e-16,1
0.7,0.2,2,2-3-4,2.8,3.8,5.2,1.0,0.0,1.0746958878371515e-13,2.126354647913331e-13,3.370444243533185e-13,1.3634830041349835e-15,1
0.7,0.2,2,2-3-4,2.8,3.8,5.2,3.2,0.63,1.0746958878371515e-13,2.1510571102112408e-13,1.0806918221295437e-12,6.492490159585799e-16,1
0.7,0.2,1,0-1-2,0.7,1.0,1.4,1.0,0.0,1.0746958878371515e-13,8.806844142839054e-14,2.7068906266508094e-13,3.8967891102148795e-16,1
0.7,0.2,1,0-1-2,0.7,1.0,1.4,3.2,0.63,1.0746958878371515e-13,8.817946373085306e-14,8.641453415747466e-13,6.293394361440135e-17,1
0.7,0.2,1,0-1-3,0.7,1.0,1.9,1.0,0.0,6.217248937900877e-15,5.495603971894525e-15,1.6068728482370732e-14,5.19571881361984e-16,1
0.7,0.2,1,0-1-3,0.7,1.0,1.9,3.2,0.63,6.217248937900877e-15,5.523359547510154e-15,5.353071303667947e-14,2.9893623216840643e-16,1
0.7,0.2,1,0-1-4,0.7,1.0,2.6,1.0,0.0,6.217248937900877e-15,5.495603971894525e-15,1.6068728482370732e-14,5.19571881361984e-16,1
0.7,0.2,1,0-1-4,0.7,1.0,2.6,3.2,0.63,6.217248937900877e-15,5.523359547510154e-15,5.353071303667947e-14,1.0069430978304217e-15,1
0.7,0.2,1,0-2-3,0.7,1.4,1.9,1.0,0.0,3.4727776210274897e-13,3.2268632210730175e-13,9.298926104748493e-13,1.1797598827705886e-16,1
0.7,0.2,1,0-2-3,0.7,1.4,1.9,3.2,0.63,1.0746958878371515e-13,9.975353876257032e-14,9.188354925067693e-13,1.8577030048286292e-16,1
0.7,0.2,1,0-2-4,0.7,1.4,2.6,1.0,0.0,6.217248937900877e-15,6.689093723366568e-15,1.7448877659046678e-14,4.719039531082354e-16,1
0.7,0.2,1,0-2-4,0.7,1.4,2.6,3.2,0.63,1.0746958878371515e-13,9.975353876257032e-14,9.188354925067693e-13,5.144408321063896e-16,1
0.7,0.2,1,0-3-4,0.7,1.9,2.6,1.0,0.0,1.0746958878371515e-13,1.1041167979897182e-13,3.051368759854131e-13,2.9130385883694654e-16,1
0.7,0.2,1,0-3-4,0.7,1.9,2.6,3.2,0.63,1.0746958878371515e-13,1.1074474670635936e-13,9.754532461991119e-13,1.499596696019048e-16,1
0.7,0.2,1,1-2-3,1.0,1.4,1.9,1.0,0.0,1.0746958878371515e-13,1.1113332476497817e-13,3.0102771430202576e-13,4.3224756193452293e-16,1
0.7,0.2,1,1-2-3,1.0,1.4,1.9,3.2,0.63,1.0746958878371515e-13,1.1315948178491908e-13,9.67071120448838e-13,3.6649655738217787e-16,1
0.7,0.2,1,1-2-4,1.0,1.4,2.6,1.0,0.0,6.217248937900877e-15,7.993605777301127e-15,1.8637202508158963e-14,1.7289902477380917e-15,1
0.7,0.2,1,1-2-4,1.0,1.4,2.6,3.2,0.63,6.217248937900877e-15,6.050715484207103e-15,5.6005002124500625e-14,1.0209546955646383e-15,1
0.7,0.2,1,1-3-4,1.0,1.9,2.6,1.0,0.0,1.0746958878371515e-13,1.2481682354348322e-13,3.1970130344171535e-13,4.047745866387562e-16,1
0.7,0.2,1,1-3-4,1.0,1.9,2.6,3.2,0.63,1.0746958878371515e-13,1.2520540160210203e-13,1.0224305382045834e-12,1.8385854243080956e-16,1
0.7,0.2,1,2-3-4,1.4,1.9,2.6,1.0,0.0,1.0746958878371515e-13,1.414979244884762e-13,3.3697893357498547e-13,5.708777856491927e-16,1
0.7,0.2,1,2-3-4,1.4,1.9,2.6,3.2,0.63,1.0746958878371515e-13,1.3994361225400098e-13,1.072828747124466e-12,1.4982164213786905e-16,1
0.7,0.2,2,0-1-2,1.4,2.0,2.8,1.0,0.0,1.0746958878371515e-13,1.4210854715202004e-13,3.414327154472786e-13,0.0,1
0.7,0.2,2,0-1-2,1.4,2.0,2.8,3.2,0.63,1.0746958878371515e-13,1.4171996909340123e-13,1.0910265318714033e-12,3.8567228013462685e-16,1
0.7,0.2,2,0-1-3,1.4,2.0,3.8,1.0,0.0,6.217248937900877e-15,7.549516567451064e-15,1.9014655915260445e-14,3.526703844453302e-16,1
0.7,0.2,2,0-1-3,1.4,2.0,3.8,3.2,0.63,6.217248937900877e-15,7.91033905045424e-15,6.284019239401369e-14,3.8567228013462685e-16,1
0.7,0.2,2,0-1-4,1.4,2.0,5.2,1.0,0.0,6.217248937900877e-15,7.549516567451064e-15,1.9014655915260445e-14,3.526703844453302e-16,1
0.7,0.2,2,0-1-4,1.4,2.0,5.2,3.2,0.63,6.217248937900877e-15,7.91033905045424e-15,6.284019239401369e-14,1.5426891205385073e-16,1
0.7,0.2,2,0-2-3,1.4,2.8,3.8,1.0,0.0,1.0746958878371515e-13,1.5826229216031606e-13,3.6244952727502933e-13,8.007869292680401e-17,1
0.7,0.2,2,0-2-3,1.4,2.8,3.8,3.2,0.63,1.0746958878371515e-13,1.579014696773129e-13,1.159456035263312e-12,1.0508667623970113e-16,1
0.7,0.2,2,0-2-4,1.4,2.8,5.2,1.0,0.0,1.0746958878371515e-13,1.5826229216031606e-13,3.6244952727502933e-13,0.0,1
0.7,0.2,2,0-2-4,1.4,2.8,5.2,3.2,0.63,1.0746958878371515e-13,1.579014696773129e-13,1.159456035263312e-12,4.904044891186052e-16,1
0.7,0.2,2,0-3-4,1.4,3.8,5.2,1.0,0.0,1.0746958878371515e-13,1.7280621378290562e-13,3.8163551105436356e-13,0.0,1
0.7,0.2,2,0-3-4,1.4,3.8,5.2,3.2,0.63,1.0746958878371515e-13,1.726951914804431e-13,1.2222951871774896e-12,2.162315311505247e-16,1
0.7,0.2,2,1-2-3,2.0,2.8,3.8,1.0,0.0,1.0746958878371515e-13,1.7813528430110637e-13,3.804376470842033e-13,1.4669857945680483e-16,1
0.7,0.2,2,1-2-3,2.0,2.8,3.8,3.2,0.63,1.0746958878371515e-13,1.7752466163756253e-13,1.2175155195538185e-12,3.2085243404035883e-16,1
0.7,0.2,2,1-2-4,2.0,2.8,5.2,1.0,0.0,6.217248937900877e-15,8.826273045769994e-15,2.0526819797552004e-14,0.0,1
0.7,0.2,2,1-2-4,2.0,2.8,5.2,3.2,0.63,6.217248937900877e-15,9.547918011776346e-15,6.656599510731003e-14,1.2834097361614353e-15,1
0.7,0.2,2,1-3-4,2.0,3.8,5.2,1.0,0.0,1.0746958878371515e-13,1.9376167337270545e-13,3.978315781852271e-13,1.373746484407368e-16,1
0.7,0.2,2,1-3-4,2.0,3.8,5.2,3.2,0.63,1.0746958878371515e-13,1.9376167337270545e-13,1.2751610081014414e-12,3.004595578965877e-16,1
0.7,0.2,2,2-3-4,2.8,3.8,5.2,1.0,0.0,1.0746958878371515e-13,2.137734433915739e-13,4.134397800202165e-13,3.874953502264907e-16,1
0.7,0.2,2,2-3-4,2.8,3.8,5.2,3.2,0.63,1.0746958878371515e-13,2.1443957720634899e-13,1.3261598553865666e-12,3.955056630718527e-16,1
0.7,0.8,1,0-1-2,0.7,1.0,1.4,1.0,0.0,1.0746958878371515e-13,1.6986412276764895e-13,2.2109601817941316e-13,0.0,1
0.7,0.8,1,0-1-2,0.7,1.0,1.4,3.2,0.63,1.0746958878371515e-13,1.674216321134736e-13,7.051970256828821e-13,2.961478850979912e-16,1
0.7,0.8,1,0-1-3,0.7,1.0,1.9,1.0,0.0,6.217248937900877e-15,9.658940314238862e-15,1.2263944856731645e-14,2.0104856116055683e-16,1
0.7,0.8,1,0-1-3,0.7,1.0,1.9,3.2,0.63,6.217248937900877e-15,1.2212453270876722e-14,4.220950549866292e-14,1.5794553871892863e-15,1
0.7,0.8,1,0-1-4,0.7,1.0,2.6,1.0,0.0,6.217248937900877e-15,9.658940314238862e-15,1.2263944856731645e-14,1.206291366963341e-15,1
0.7,0.8,1,0-1-4,0.7,1.0,2.6,3.2,0.63,6.217248937900877e-15,1.2212453270876722e-14,4.220950549866292e-14,3.1589107743785726e-15,1
0.7,0.8,1,0-2-3,0.7,1.4,1.9,1.0,0.0,1.0746958878371515e-13,1.9229062786507711e-13,2.3404491480130425e-13,1.826034359859633e-16,1
0.7,0.8,1,0-2-3,0.7,1.4,1.9,3.2,0.63,3.4727776210274897e-13,6.254996520738132e-13,2.4216292520127776e-12,5.379558159153723e-16,1
0.7,0.8,1,0-2-4,0.7,1.4,2.6,1.0,0.0,1.0746958878371515e-13,1.9229062786507711e-13,2.3404491480130425e-13,7.304137439438532e-16,1
0.7,0.8,1,0-2-4,0.7,1.4,2.6,3.2,0.63,6.217248937900877e-15,1.3766765505351941e-14,4.5760586457225126e-14,1.0759116318307447e-15,1
0.7,0.8,1,0-3-4,0.7,1.9,2.6,1.0,0.0,1.0746958878371515e-13,2.1549428907974288e-13,2.482633716386145e-13,2.254403049147423e-16,1
0.7,0.8,1,0-3-4,0.7,1.9,2.6,3.2,0.63,1.0746958878371515e-13,2.148281552649678e-13,7.933950471491858e-13,2.2138488708383908e-16,1
0.7,0.8,1,1-2-3,1.0,1.4,1.9,1.0,0.0,1.0746958878371515e-13,2.1405099914773018e-13,2.452857455535825e-13,3.345167570049834e-16,1
0.7,0.8,1,1-2-3,1.0,1.4,1.9,3.2,0.63,1.0746958878371515e-13,2.1360690993788012e-13,7.839382182187795e-13,8.212479408374579e-16,1
0.7,0.8,1,1-2-4,1.0,1.4,2.6,1.0,0.0,6.217248937900877e-15,1.4654943925052066e-14,1.4933660417603134e-14,1.3380670280199337e-15,1
0.7,0.8,1,1-2-4,1.0,1.4,2.6,3.2,0.63,6.217248937900877e-15,1.4876988529977098e-14,4.850543938386362e-14,1.8067454698424073e-15,1
0.7,0.8,1,1-3-4,1.0,1.9,2.6,1.0,0.0,1.0746958878371515e-13,2.389199948993337e-13,2.5988436380800594e-13,4.698830969725875e-16,1
0.7,0.8,1,1-3-4,1.0,1.9,2.6,3.2,0.63,1.0746958878371515e-13,2.391420395042587e-13,8.310362781976916e-13,1.5381014263801297e-16,1
0.7,0.8,1,2-3-4,1.4,1.9,2.6,1.0,0.0,1.0746958878371515e-13,2.6489921367556235e-13,2.731349931600541e-13,5.890704072356933e-16,1
0.7,0.8,1,2-3-4,1.4,1.9,2.6,3.2,0.63,1.0746958878371515e-13,2.6689761511988763e-13,8.753710281920176e-13,2.1692763463418487e-16,1
0.7,0.8,2,0-1-2,1.4,2.0,2.8,1.0,0.0,1.0746958878371515e-13,2.672306820272752e-13,2.782956883064289e-13,6.980310658481231e-16,1
0.7,0.8,2,0-1-2,1.4,2.0,2.8,3.2,0.63,1.0746958878371515e-13,2.6711965972481266e-13,8.881901047205944e-13,2.848980868865282e-16,1
0.7,0.8,2,0-1-3,1.4,2.0,3.8,1.0,0.0,6.217248937900877e-15,1.509903313490213e-14,1.5041780758231436e-14,2.0940931975443694e-15,1
0.7,0.8,2,0-1-3,1.4,2.0,3.8,3.2,0.63,6.217248937900877e-15,1.554312234475219e-14,5.122641702498522e-14,3.798641158487043e-16,1
0.7,0.8,2,0-1-4,1.4,2.0,5.2,1.0,0.0,6.217248937900877e-15,1.509903313490213e-14,1.5041780758231436e-14,3.257478307291241e-15,1
0.7,0.8,2,0-1-4,1.4,2.0,5.2,3.2,0.63,6.217248937900877e-15,1.554312234475219e-14,5.122641702498522e-14,1.0129709755965449e-15,1
0.7,0.8,2,0-2-3,1.4,2.8,3.8,1.0,0.0,1.0746958878371515e-13,2.9598545836506673e-13,2.949289232795835e-13,4.2266031089878526e-16,1
0.7,0.8,2,0-2-3,1.4,2.8,3.8,3.2,0.63,1.0746958878371515e-13,2.956523914576792e-13,9.417038397141033e-13,5.750227072946589e-17,1
0.7,0.8,2,0-2-4,1.4,2.8,5.2,1.0,0.0,1.0746958878371515e-13,2.9598545836506673e-13,2.949289232795835e-13,8.453206217975705e-16,1
0.7,0.8,2,0-2-4,1.4,2.8,5.2,3.2,0.63,1.0746958878371515e-13,2.956523914576792e-13,9.417038397141033e-13,1.7250681218839767e-16,1
0.7,0.8,2,0-3-4,1.4,3.8,5.2,1.0,0.0,1.0746958878371515e-13,3.218536548388329e-13,3.105146980624098e-13,1.3045300715440303e-16,1
0.7,0.8,2,0-3-4,1.4,3.8,5.2,3.2,0.63,1.0746958878371515e-13,3.22519788653608e-13,9.94315765647122e-13,1.4198341204858085e-16,1
0.7,0.8,2,1-2-3,2.0,2.8,3.8,1.0,0.0,1.0746958878371515e-13,3.260725023324085e-13,3.091971123581061e-13,5.807131547929149e-16,1
0.7,0.8,2,1-2-3,2.0,2.8,3.8,3.2,0.63,1.0746958878371515e-13,3.260725023324085e-13,9.889915559035647e-13,2.1068029767328318e-16,1
0.7,0.8,2,1-2-4,2.0,2.8,5.2,1.0,0.0,6.217248937900877e-15,1.787459069646502e-14,1.7153933764564952e-14,1.1614263095858298e-15,1
0.7,0.8,2,1-2-4,2.0,2.8,5.2,3.2,0.63,6.217248937900877e-15,1.7985612998927536e-14,5.641506290091479e-14,0.0,1
0.7,0.8,2,1-3-4,2.0,3.8,5.2,1.0,0.0,1.0746958878371515e-13,3.5227376571356217e-13,3.2357259110537533e-13,1.812679799626771e-16,1
0.7,0.8,2,1-3-4,2.0,3.8,5.2,3.2,0.63,1.0746958878371515e-13,3.531619441332623e-13,1.0373562020187732e-12,1.4796734194746785e-16,1
0.7,0.8,2,2-3-4,2.8,3.8,5.2,1.0,0.0,1.0746958878371515e-13,3.8191672047105385e-13,3.364781083726456e-13,1.7043537551687272e-16,1
0.7,0.8,2,2-3-4,2.8,3.8,5.2,3.2,0.63,1.0746958878371515e-13,3.8347103270552907e-13,1.081578723569517e-12,4.173743674019443e-16,1
0.7,0.8,1,0-1-2,0.7,1.0,1.4,1.0,0.0,1.0746958878371515e-13,1.7008616737257398e-13,2.7128201351686496e-13,1.298929703404961e-16,1
0.7,0.8,1,0-1-2,0.7,1.0,1.4,3.2,0.63,1.0746958878371515e-13,1.674216321134736e-13,8.661103635604634e-13,1.384546759516829e-15,1
0.7,0.8,1,0-1-3,0.7,1.0,1.9,1.0,0.0,6.217248937900877e-15,9.43689570931383e-15,1.551454748632912e-14,2.597859406809922e-16,1
0.7,0.8,1,0-1-3,0.7,1.0,1.9,3.2,0.63,6.217248937900877e-15,1.2101430968414206e-14,5.1610446135306005e-14,1.5104146467456316e-15,1
0.7,0.8,1,0-1-4,0.7,1.0,2.6,1.0,0.0,6.217248937900877e-15,9.43689570931383e-15,1.551454748632912e-14,1.0391437627239687e-15,1
0.7,0.8,1,0-1-4,0.7,1.0,2.6,3.2,0.63,6.217248937900877e-15,1.2101430968414206e-14,5.1610446135306005e-14,3.776036616864079e-15,1
0.7,0.8,1,0-2-3,0.7,1.4,1.9,1.0,0.0,1.0746958878371515e-13,1.929567616798522e-13,2.872557850871866e-13,2.3595197655411787e-16,1
0.7,0.8,1,0-2-3,0.7,1.4,1.9,3.2,0.63,1.0746958878371515e-13,1.9229062786507711e-13,9.191755472411814e-13,3.2867053162352665e-16,1
0.7,0.8,1,0-2-4,0.7,1.4,2.6,1.0,0.0,6.217248937900877e-15,1.1324274851176597e-14,1.685675423238226e-14,2.3595197655411787e-16,1
0.7,0.8,1,0-2-4,0.7,1.4,2.6,3.2,0.63,1.0746958878371515e-13,1.9229062786507711e-13,9.191755472411814e-13,2.1435034671099563e-16,1
0.7,0.8,1,0-3-4,0.7,1.9,2.6,1.0,0.0,1.0746958878371515e-13,2.16382467499443e-13,3.0537618209509174e-13,4.369557882554199e-16,1
0.7,0.8,1,0-3-4,0.7,1.9,2.6,3.2,0.63,1.0746958878371515e-13,2.1516122217235534e-13,9.753932227464811e-13,4.3223669473490187e-16,1
0.7,0.8,1,1-2-3,1.0,1.4,1.9,1.0,0.0,1.0746958878371515e-13,2.1538326677728037e-13,3.014762327974575e-13,4.322475619345232e-16,1
0.7,0.8,1,1-2-3,1.0,1.4,1.9,3.2,0.63,1.0746958878371515e-13,2.170486013142181e-13,9.66998849903415e-13,1.191113811492078e-15,1
0.7,0.8,1,1-2-4,1.0,1.4,2.6,1.0,0.0,6.217248937900877e-15,1.3100631690576847e-14,1.8151042986411803e-14,2.161237809672616e-16,1
0.7,0.8,1,1-2-4,1.0,1.4,2.6,3.2,0.63,6.217248937900877e-15,1.1657341758564144e-14,5.657781934616371e-14,9.685980445100414e-16,1
0.7,0.8,1,1-3-4,1.0,1.9,2.6,1.0,0.0,1.0746958878371515e-13,2.398081733190338e-13,3.197770927758839e-13,5.059682332984451e-16,1
0.7,0.8,1,1-3-4,1.0,1.9,2.6,3.2,0.63,1.0746958878371515e-13,2.3947510641164627e-13,1.0221337118489765e-12,4.902894464821586e-16,1
0.7,0.8,1,2-3-4,1.4,1.9,2.6,1.0,0.0,1.0746958878371515e-13,2.652322805829499e-13,3.360603099725814e-13,1.3320481665147821e-15,1
0.7,0.8,1,2-3-4,1.4,1.9,2.6,3.2,0.63,1.0746958878371515e-13,2.6278978992877455e-13,1.0720123121300803e-12,1.5443153881903413e-15,1
0.7,0.8,2,0-1-2,1.4,2.0,2.8,1.0,0.0,1.0746958878371515e-13,2.6645352591003757e-13,3.4057127744209285e-13,7.053407688906599e-16,1
0.7,0.8,2,0-1-2,1.4,2.0,2.8,3.2,0.63,1.0746958878371515e-13,2.694511280765255e-13,1.0942323886759966e-12,1.5426891205385095e-16,1
0.7,0.8,2,0-1-3,1.4,2.0,3.8,1.0,0.0,6.217248937900877e-15,1.6209256159527285e-14,1.9874232574730766e-14,3.5267038444532996e-16,1
0.7,0.8,2,0-1-3,1.4,2.0,3.8,3.2,0.63,6.217248937900877e-15,1.3100631690576847e-14,5.90843128472851e-14,1.0027479283500311e-15,1
0.7,0.8,2,0-1-4,1.4,2.0,5.2,1.0,0.0,6.217248937900877e-15,1.6209256159527285e-14,1.9874232574730766e-14,1.7633519222266498e-15,1
0.7,0.8,2,0-1-4,1.4,2.0,5.2,3.2,0.63,6.217248937900877e-15,1.3100631690576847e-14,5.90843128472851e-14,1.5426891205385094e-15,1
0.7,0.8,2,0-2-3,1.4,2.8,3.8,1.0,0.0,1.0746958878371515e-13,2.964295475749168e-13,3.622368508621599e-13,3.2031477170721604e-16,1
0.7,0.8,2,0-2-3,1.4,2.8,3.8,3.2,0.63,1.0746958878371515e-13,2.9765079290200447e-13,1.1603217612635694e-12,5.604622732784064e-16,1
0.7,0.8,2,0-2-4,1.4,2.8,5.2,1.0,0.0,1.0746958878371515e-13,2.964295475749168e-13,3.622368508621599e-13,1.6015738585360802e-16,1
0.7,0.8,2,0-2-4,1.4,2.8,5.2,3.2,0.63,1.0746958878371515e-13,2.9765079290200447e-13,1.1603217612635694e-12,8.406934099176096e-16,1
0.7,0.8,2,0-3-4,1.4,3.8,5.2,1.0,0.0,1.0746958878371515e-13,3.219646771412954e-13,3.816691153382686e-13,2.96592966935963e-16,1
0.7,0.8,2,0-3-4,1.4,3.8,5.2,3.2,0.63,1.0746958878371515e-13,3.218536548388329e-13,1.2202413737410865e-12,0.0,1
0.7,0.8,2,1-2-3,2.0,2.8,3.8,1.0,0.0,1.0746958878371515e-13,3.284039706841213e-13,3.8093335894655704e-13,8.801914767408294e-16,1
0.7,0.8,2,1-2-3,2.0,2.8,3.8,3.2,0.63,1.0746958878371515e-13,3.2729374765949615e-13,1.216717822354963e-12,1.0908982757372202e-15,1
0.7,0.8,2,1-2-4,2.0,2.8,5.2,1.0,0.0,6.217248937900877e-15,1.5765166949677223e-14,2.0249019271072488e-14,2.933971589136098e-16,1
0.7,0.8,2,1-2-4,2.0,2.8,5.2,3.2,0.63,6.217248937900877e-15,1.6986412276764895e-14,6.780363887143763e-14,1.6684326570098664e-15,1
0.7,0.8,2,1-3-4,2.0,3.8,5.2,1.0,0.0,1.0746958878371515e-13,3.523847880160247e-13,3.9814380914984474e-13,6.868732422036842e-16,1
0.7,0.8,2,1-3-4,2.0,3.8,5.2,3.2,0.63,1.0746958878371515e-13,3.510525203864745e-13,1.2719226848598542e-12,6.009191157931747e-17,1
0.7,0.8,2,2-3-4,2.8,3.8,5.2,1.0,0.0,1.0746958878371515e-13,3.7925218521195347e-13,4.1362691967274054e-13,1.4208162841637991e-15,1
0.7,0.8,2,2-3-4,2.8,3.8,5.2,3.2,0.63,1.0746958878371515e-13,3.773648060700907e-13,1.320494635662479e-12,6.780097081231747e-16,1
0.7,2.0,1,0-1-2,0.7,1.0,1.4,1.0,0.0,1.0746958878371515e-13,3.3928415632544784e-13,2.2032347426824609e-13,4.020971223211151e-15,1
0.7,2.0,1,0-1-2,0.7,1.0,1.4,3.2,0.63,1.0746958878371515e-13,3.410605131648481e-13,7.009946419131696e-13,5.626809816861846e-15,1
0.7,2.0,1,0-1-3,0.7,1.0,1.9,1.0,0.0,6.217248937900877e-15,1.2434497875801753e-14,1.3598306018194427e-14,5.830408273656169e-15,1
0.7,2.0,1,0-1-3,0.7,1.0,1.9,3.2,0.63,6.217248937900877e-15,1.021405182655144e-14,4.8062271541339243e-14,1.243821117411566e-14,1
0.7,2.0,1,0-1-4,0.7,1.0,2.6,1.0,0.0,6.217248937900877e-15,1.2434497875801753e-14,1.3598306018194427e-14,1.3671302158917914e-14,1
0.7,2.0,1,0-1-4,0.7,1.0,2.6,3.2,0.63,6.217248937900877e-15,1.021405182655144e-14,4.8062271541339243e-14,2.0138056186663448e-14,1
0.7,2.0,1,0-2-3,0.7,1.4,1.9,1.0,0.0,1.0746958878371515e-13,3.801403636316536e-13,2.3377813518665434e-13,3.65206871971927e-16,1
0.7,2.0,1,0-2-3,0.7,1.4,1.9,3.2,0.63,1.0746958878371515e-13,3.801403636316536e-13,7.448979311414964e-13,1.4345488424409942e-15,1
0.7,2.0,1,0-2-4,0.7,1.4,2.6,1.0,0.0,1.0746958878371515e-13,3.801403636316536e-13,2.3377813518665434e-13,1.826034359859635e-15,1
0.7,2.0,1,0-2-4,0.7,1.4,2.6,3.2,0.63,1.0746958878371515e-13,3.801403636316536e-13,7.448979311414964e-13,2.9587569875345503e-15,1
0.7,2.0,1,0-3-4,0.7,1.9,2.6,1.0,0.0,1.0746958878371515e-13,4.2810199829546036e-13,2.4806526723976497e-13,1.3526418294884557e-15,1
0.7,2.0,1,0-3-4,0.7,1.9,2.6,3.2,0.63,1.0746958878371515e-13,4.2721381987576024e-13,7.933228339045684e-13,4.4276977416767837e-16,1
0.7,2.0,1,1-2-3,1.0,1.4,1.9,1.0,0.0,1.0746958878371515e-13,4.169997680492088e-13,2.4537471208240737e-13,2.17435892053239e-15,1
0.7,2.0,1,1-2-3,1.0,1.4,1.9,3.2,0.63,1.0746958878371515e-13,4.156675004196586e-13,7.831381952059369e-13,2.4637438225123725e-16,1
0.7,2.0,1,1-2-4,1.0,1.4,2.6,1.0,0.0,6.217248937900877e-15,3.042011087472929e-14,1.489530835804753e-14,6.690335140099662e-16,1
0.7,2.0,1,1-2-4,1.0,1.4,2.6,3.2,0.63,6.217248937900877e-15,3.1530333899354446e-14,4.963081881807522e-14,1.6424958816749148e-16,1
0.7,2.0,1,1-3-4,1.0,1.9,2.6,1.0,0.0,1.0746958878371515e-13,4.68070027181966e-13,2.599522326839245e-13,1.4096492909177632e-15,1
0.7,2.0,1,1-3-4,1.0,1.9,2.6,3.2,0.63,1.0746958878371515e-13,4.649614027130156e-13,8.314279886784729e-13,3.076202852760258e-16,1
0.7,2.0,1,2-3-4,1.4,1.9,2.6,1.0,0.0,1.0746958878371515e-13,5.186961971048731e-13,2.7355329846123844e-13,3.68169004522309e-15,1
0.7,2.0,1,2-3-4,1.4,1.9,2.6,3.2,0.63,1.0746958878371515e-13,5.133671265866724e-13,8.759277761760974e-13,6.507829039025543e-16,1
0.7,2.0,2,0-1-2,1.4,2.0,2.8,1.0,0.0,1.0746958878371515e-13,5.262457136723242e-13,2.782397267315226e-13,3.25747830729124e-15,1
0.7,2.0,2,0-1-2,1.4,2.0,2.8,3.2,0.63,1.0746958878371515e-13,5.213607323639735e-13,8.897414873313966e-13,2.089252637167876e-15,1
0.7,2.0,2,0-1-3,1.4,2.0,3.8,1.0,0.0,6.217248937900877e-15,2.220446049250313e-14,1.5372179430924437e-14,6.049602570683731e-15,1
0.7,2.0,2,0-1-3,1.4,2.0,3.8,3.2,0.63,6.217248937900877e-15,2.6645352591003757e-14,4.892444380539093e-14,1.3295244054704663e-15,1
0.7,2.0,2,0-1-4,1.4,2.0,5.2,1.0,0.0,6.217248937900877e-15,2.220446049250313e-14,1.5372179430924437e-14,7.911018746278725e-15,1
0.7,2.0,2,0-1-4,1.4,2.0,5.2,3.2,0.63,6.217248937900877e-15,2.6645352591003757e-14,4.892444380539093e-14,1.7726992072939552e-15,1
0.7,2.0,2,0-2-3,1.4,2.8,3.8,1.0,0.0,1.0746958878371515e-13,5.74651437545981e-13,2.9505517367543246e-13,5.283253886234816e-16,1
0.7,2.0,2,0-2-3,1.4,2.8,3.8,3.2,0.63,1.0746958878371515e-13,5.710987238671805e-13,9.43539091060237e-13,9.200363316714544e-16,1
0.7,2.0,2,0-2-4,1.4,2.8,5.2,1.0,0.0,1.0746958878371515e-13,5.74651437545981e-13,2.9505517367543246e-13,2.1133015544939263e-16,1
0.7,2.0,2,0-2-4,1.4,2.8,5.2,3.2,0.63,1.0746958878371515e-13,5.710987238671805e-13,9.43539091060237e-13,1.4950590389661134e-15,1
0.7,2.0,2,0-3-4,1.4,3.8,5.2,1.0,0.0,1.0746958878371515e-13,6.226130722097878e-13,3.110902961450677e-13,3.9135902146320937e-16,1
0.7,2.0,2,0-3-4,1.4,3.8,5.2,3.2,0.63,1.0746958878371515e-13,6.221689829999377e-13,9.94759854845904e-13,7.099170602429042e-17,1
0.7,2.0,2,1-2-3,2.0,2.8,3.8,1.0,0.0,1.0746958878371515e-13,6.199485369506874e-13,3.0946303295738703e-13,5.807131547929153e-16,1
0.7,2.0,2,1-2-3,2.0,2.8,3.8,3.2,0.63,1.0746958878371515e-13,6.186162693211372e-13,9.894706231243942e-13,2.5281635720793973e-15,1
0.7,2.0,2,1-2-4,2.0,2.8,5.2,1.0,0.0,6.217248937900877e-15,3.752553823233029e-14,1.6948728110190333e-14,3.097136825562215e-15,1
0.7,2.0,2,1-2-4,2.0,2.8,5.2,3.2,0.63,6.217248937900877e-15,3.863576125695545e-14,5.4785653532163155e-14,4.74030669764887e-15,1
0.7,2.0,2,1-3-4,2.0,3.8,5.2,1.0,0.0,1.0746958878371515e-13,6.687983500341943e-13,3.2445211313638967e-13,9.063398998133865e-16,1
0.7,2.0,2,1-3-4,2.0,3.8,5.2,3.2,0.63,1.0746958878371515e-13,6.696865284538944e-13,1.0368757694768903e-12,2.2195101292120168e-16,1
0.7,2.0,2,2-3-4,2.8,3.8,5.2,1.0,0.0,1.0746958878371515e-13,7.176481631177012e-13,3.3779232485305215e-13,1.5339183796518575e-15,1
0.7,2.0,2,2-3-4,2.8,3.8,5.2,3.2,0.63,1.0746958878371515e-13,7.220890552162018e-13,1.0794706175930902e-12,9.274985942265426e-16,1
0.7,2.0,1,0-1-2,0.7,1.0,1.4,1.0,0.0,1.0746958878371515e-13,3.352873534367973e-13,2.702106997688796e-13,2.857645347490912e-15,1
0.7,2.0,1,0-1-2,0.7,1.0,1.4,3.2,0.63,1.0746958878371515e-13,3.3439917501709715e-13,8.65122739938431e-13,2.352156142588254e-15,1
0.7,2.0,1,0-1-3,0.7,1.0,1.9,1.0,0.0,6.217248937900877e-15,1.6209256159527285e-14,1.678787909004144e-14,5.19571881361984e-15,1
0.7,2.0,1,0-1-3,0.7,1.0,1.9,3.2,0.63,6.217248937900877e-15,1.687538997430238e-14,5.251390114277293e-14,2.4544238009616564e-15,1
0.7,2.0,1,0-1-4,0.7,1.0,2.6,1.0,0.0,6.217248937900877e-15,1.6209256159527285e-14,1.678787909004144e-14,6.7544344577057925e-15,1
0.7,2.0,1,0-1-4,0.7,1.0,2.6,3.2,0.63,6.217248937900877e-15,1.687538997430238e-14,5.251390114277293e-14,5.097649432766517e-15,1
0.7,2.0,1,0-2-3,0.7,1.4,1.9,1.0,0.0,1.0746958878371515e-13,3.7969627442180354e-13,2.870403853386418e-13,2.359519765541178e-16,1
0.7,2.0,1,0-2-3,0.7,1.4,1.9,3.2,0.63,3.4727776210274897e-13,1.2290168882600483e-12,2.9773457582466894e-12,6.144709939048536e-16,1
0.7,2.0,1,0-2-4,0.7,1.4,2.6,1.0,0.0,6.217248937900877e-15,2.19824158875781e-14,1.7234223416427993e-14,0.0,1
0.7,2.0,1,0-2-4,0.7,1.4,2.6,3.2,0.63,6.217248937900877e-15,2.531308496145357e-14,5.75078380198679e-14,2.5722041605319453e-16,1
0.7,2.0,1,0-3-4,0.7,1.9,2.6,1.0,0.0,1.0746958878371515e-13,4.2543746303636e-13,3.0443481411470497e-13,2.913038588369464e-16,1
0.7,2.0,1,0-3-4,0.7,1.9,2.6,3.2,0.63,1.0746958878371515e-13,4.2588155224621005e-13,9.73907482298841e-13,3.969520665932774e-16,1
0.7,2.0,1,1-2-3,1.0,1.4,1.9,1.0,0.0,1.0746958878371515e-13,4.1877612488860905e-13,3.018359112505349e-13,6.483713429017848e-16,1
0.7,2.0,1,1-2-3,1.0,1.4,1.9,3.2,0.63,1.0746958878371515e-13,4.1389114358025836e-13,9.60258689676731e-13,2.1335335304748137e-15,1
0.7,2.0,1,1-2-4,1.0,1.4,2.6,1.0,0.0,6.217248937900877e-15,2.842170943040401e-14,1.8003764894719308e-14,2.593485371607139e-15,1
0.7,2.0,1,1-2-4,1.0,1.4,2.6,3.2,0.63,6.217248937900877e-15,3.2862601528904634e-14,6.344417048784082e-14,2.7879916686572722e-15,1
0.7,2.0,1,1-3-4,1.0,1.9,2.6,1.0,0.0,1.0746958878371515e-13,4.662936703425657e-13,3.1883140801596545e-13,7.083555266178228e-16,1
0.7,2.0,1,1-3-4,1.0,1.9,2.6,3.2,0.63,1.0746958878371515e-13,4.676259379721159e-13,1.0196916124103753e-12,3.7384570294264586e-16,1
0.7,2.0,1,2-3-4,1.4,1.9,2.6,1.0,0.0,1.0746958878371515e-13,5.129230373768223e-13,3.350044028915208e-13,7.611703808655887e-16,1
0.7,2.0,1,2-3-4,1.4,1.9,2.6,3.2,0.63,1.0746958878371515e-13,5.191402863147232e-13,1.074765618591363e-12,1.8324339307631706e-15,1
0.7,2.0,2,0-1-2,1.4,2.0,2.8,1.0,0.0,1.0746958878371515e-13,5.17808018685173e-13,3.4127215604225837e-13,1.4106815377813206e-15,1
0.7,2.0,2,0-1-2,1.4,2.0,2.8,3.2,0.63,1.0746958878371515e-13,5.271338920920243e-13,1.0898070455896354e-12,5.013739641750161e-15,1
0.7,2.0,2,0-1-3,1.4,2.0,3.8,1.0,0.0,6.217248937900877e-15,3.064215547965432e-14,1.9184705264667954e-14,1.4106815377813206e-15,1
0.7,2.0,2,0-1-3,1.4,2.0,3.8,3.2,0.63,6.217248937900877e-15,2.1094237467877974e-14,6.540372743481455e-14,8.099117882827182e-15,1
0.7,2.0,2,0-1-4,1.4,2.0,5.2,1.0,0.0,6.217248937900877e-15,3.064215547965432e-14,1.9184705264667954e-14,4.5847149977892924e-15,1
0.7,2.0,2,0-1-4,1.4,2.0,5.2,3.2,0.63,6.217248937900877e-15,2.1094237467877974e-14,6.540372743481455e-14,1.2341512964308088e-14,1
0.7,2.0,2,0-2-3,1.4,2.8,3.8,1.0,0.0,1.0746958878371515e-13,5.737632591262809e-13,3.6244952727502933e-13,4.804721575608241e-16,1
0.7,2.0,2,0-2-3,1.4,2.8,3.8,3.2,0.63,1.0746958878371515e-13,5.74651437545981e-13,1.1586453655544747e-12,3.502889207990038e-17,1
0.7,2.0,2,0-2-4,1.4,2.8,5.2,1.0,0.0,1.0746958878371515e-13,5.737632591262809e-13,3.6244952727502933e-13,4.804721575608241e-16,1
0.7,2.0,2,0-2-4,1.4,2.8,5.2,3.2,0.63,1.0746958878371515e-13,5.74651437545981e-13,1.1586453655544747e-12,7.005778415980076e-17,1
0.7,2.0,2,0-3-4,1.4,3.8,5.2,1.0,0.0,1.0746958878371515e-13,6.203926261605375e-13,3.81631635309929e-13,6.920502561839137e-16,1
0.7,2.0,2,0-3-4,1.4,3.8,5.2,3.2,0.63,1.0746958878371515e-13,6.235012506294879e-13,1.2209200489802427e-12,4.3246306230104946e-17,1
0.7,2.0,2,1-2-3,2.0,2.8,3.8,1.0,0.0,1.0746958878371515e-13,6.279421427279885e-13,3.8093335894655704e-13,1.320287215111244e-15,1
0.7,2.0,2,1-2-3,2.0,2.8,3.8,3.2,0.63,1.0746958878371515e-13,6.186162693211372e-13,1.2161503824166099e-12,2.181796551474437e-15,1
0.7,2.0,2,1-2-4,2.0,2.8,5.2,1.0,0.0,6.217248937900877e-15,3.019806626980426e-14,2.0249019271072488e-14,2.933971589136098e-16,1
0.7,2.0,2,1-2-4,2.0,2.8,5.2,3.2,0.63,6.217248937900877e-15,3.907985046680551e-14,6.743725319583482e-14,4.7486160237973044e-15,1
0.7,2.0,2,1-3-4,2.0,3.8,5.2,1.0,0.0,1.0746958878371515e-13,6.701306176637445e-13,3.97989481869006e-13,9.616225390851576e-16,1
0.7,2.0,2,1-3-4,2.0,3.8,5.2,3.2,0.63,1.0746958878371515e-13,6.683542608243442e-13,1.273507016517777e-12,5.408272042138575e-16,1
0.7,2.0,2,2-3-4,2.8,3.8,5.2,1.0,0.0,1.0746958878371515e-13,7.123190925995004e-13,4.1330018608503135e-13,2.454137218101107e-15,1
0.7,2.0,2,2-3-4,2.8,3.8,5.2,3.2,0.63,1.0746958878371515e-13,7.203126983768016e-13,1.3257228689922904e-12,1.6950242703079404e-16,1
0.9,0.2,1,0-1-2,0.7,1.0,1.4,1.0,0.0,1.1601830607332886e-13,3.885780586188048e-14,2.1710712148680142e-13,1.9335177032668362e-16,1
0.9,0.2,1,0-1-2,0.7,1.0,1.4,3.2,0.63,1.1601830607332886e-13,3.907985046680551e-14,6.947522698833254e-13,2.7477682939952857e-16,1
0.9,0.2,1,0-1-3,0.7,1.0,1.9,1.0,0.0,2.3314683517128287e-15,6.38378239159465e-16,4.458896724740136e-15,1.1601106219601017e-15,1
0.9,0.2,1,0-1-3,0.7,1.0,1.9,3.2,0.63,2.3314683517128287e-15,8.326672684688674e-16,1.4113375874265714e-14,2.7477682939952857e-16,1
0.9,0.2,1,0-1-4,0.7,1.0,2.6,1.0,0.0,2.3314683517128287e-15,6.38378239159465e-16,4.458896724740136e-15,7.734070813067345e-16,1
0.9,0.2,1,0-1-4,0.7,1.0,2.6,3.2,0.63,2.3314683517128287e-15,8.326672684688674e-16,1.4113375874265714e-14,5.495536587990571e-16,1
0.9,0.2,1,0-2-3,0.7,1.4,1.9,1.0,0.0,1.1601830607332886e-13,4.6074255521943996e-14,2.2976333057076867e-13,3.380190939612704e-16,1
0.9,0.2,1,0-2-3,0.7,1.4,1.9,3.2,0.63,1.1601830607332886e-13,4.6074255521943996e-14,7.346342985517373e-13,3.602752696222455e-16,1
0.9,0.2,1,0-2-4,0.7,1.4,2.6,1.0,0.0,2.3314683517128287e-15,9.71445146547012e-16,4.868869119156276e-15,0.0,1
0.9,0.2,1,0-2-4,0.7,1.4,2.6,3.2,0.63,2.3314683517128287e-15,9.992007221626409e-16,1.482220503515087e-14,4.803670261629941e-16,1
0.9,0.2,1,0-3-4,0.7,1.9,2.6,1.0,0.0,1.1601830607332886e-13,5.306866057708248e-14,2.4332084736248014e-13,3.0152138839800643e-16,1
0.9,0.2,1,0-3-4,0.7,1.9,2.6,3.2,0.63,1.1601830607332886e-13,5.292988269900434e-14,7.797483202617033e-13,0.0,1
0.9,0.2,1,1-2-3,1.0,1.4,1.9,1.0,0.0,1.1601830607332886e-13,5.340172748447003e-14,2.406686217708444e-13,6.004445884702394e-16,1
0.9,0.2,1,1-2-3,1.0,1.4,1.9,3.2,0.63,1.1601830607332886e-13,5.3540505362548174e-14,7.690961003338289e-13,6.399796338993796e-16,1
0.9,0.2,1,1-2-4,1.0,1.4,2.6,1.0,0.0,2.3314683517128287e-15,1.2490009027033011e-15,5.1197564925600004e-15,1.5011114711755984e-16,1
0.9,0.2,1,1-2-4,1.0,1.4,2.6,3.2,0.63,2.3314683517128287e-15,1.27675647831893e-15,1.512513347095137e-14,8.533061785325061e-16,1
0.9,0.2,1,1-3-4,1.0,1.9,2.6,1.0,0.0,1.1601830607332886e-13,6.078471059822732e-14,2.539060897160175e-13,4.753121093467382e-16,1
0.9,0.2,1,1-3-4,1.0,1.9,2.6,3.2,0.63,1.1601830607332886e-13,6.034062138837726e-14,8.125390942501234e-13,0.0,1
0.9,0.2,1,2-3-4,1.4,1.9,2.6,1.0,0.0,1.1601830607332886e-13,6.905587213168474e-14,2.654846923573419e-13,1.2398587550391555e-15,1
0.9,0.2,1,2-3-4,1.4,1.9,2.6,3.2,0.63,1.1601830607332886e-13,6.783462680459706e-14,8.513060423116581e-13,3.5239859147634566e-16,1
0.9,0.2,2,0-1-2,1.4,2.0,2.8,1.0,0.0,1.1601830607332886e-13,6.94999613415348e-14,2.7104849157689387e-13,5.87174110066781e-16,1
0.9,0.2,2,0-1-2,1.4,2.0,2.8,3.2,0.63,1.1601830607332886e-13,7.022160630754115e-14,8.690556077316875e-13,6.476823881639612e-16,1
0.9,0.2,2,0-1-3,1.4,2.0,3.8,1.0,0.0,2.3314683517128287e-15,8.326672684688674e-16,4.757470830855277e-15,7.828988134223747e-16,1
0.9,0.2,2,0-1-3,1.4,2.0,3.8,3.2,0.63,2.3314683517128287e-15,1.4988010832439613e-15,1.7020845086023684e-14,6.476823881639612e-16,1
0.9,0.2,2,0-1-4,1.4,2.0,5.2,1.0,0.0,2.3314683517128287e-15,8.326672684688674e-16,4.757470830855277e-15,7.828988134223747e-16,1
0.9,0.2,2,0-1-4,1.4,2.0,5.2,3.2,0.63,2.3314683517128287e-15,1.4988010832439613e-15,1.7020845086023684e-14,3.238411940819806e-16,1
0.9,0.2,2,0-2-3,1.4,2.8,3.8,1.0,0.0,1.1601830607332886e-13,7.92976795338518e-14,2.8851024623138713e-13,8.554186856204579e-17,1
0.9,0.2,2,0-2-3,1.4,2.8,3.8,3.2,0.63,1.1601830607332886e-13,7.8909101475233e-14,9.240226895635225e-13,2.830708682573162e-16,1
0.9,0.2,2,0-2-4,1.4,2.8,5.2,1.0,0.0,2.3314683517128287e-15,1.6930901125533637e-15,5.531373560745413e-15,3.4216747424818317e-16,1
0.9,0.2,2,0-2-4,1.4,2.8,5.2,3.2,0.63,2.3314683517128287e-15,1.3877787807814457e-15,1.83425509697196e-14,7.076771706432905e-16,1
0.9,0.2,2,0-3-4,1.4,3.8,5.2,1.0,0.0,1.1601830607332886e-13,8.806844142839054e-14,3.0586190967203737e-13,0.0,1
0.9,0.2,2,0-3-4,1.4,3.8,5.2,3.2,0.63,1.1601830607332886e-13,8.798517470154366e-14,9.787763712979577e-13,2.525062126276057e-16,1
0.9,0.2,2,1-2-3,2.0,2.8,3.8,1.0,0.0,1.1601830607332886e-13,9.053868765818152e-14,3.0271808105261367e-13,3.0390680871772275e-16,1
0.9,0.2,2,1-2-3,2.0,2.8,3.8,3.2,0.63,1.1601830607332886e-13,8.884559754562815e-14,9.687540449635883e-13,5.028365972075893e-16,1
0.9,0.2,2,1-2-4,2.0,2.8,5.2,1.0,0.0,2.3314683517128287e-15,2.7200464103316335e-15,6.3547540529836055e-15,1.215627234870891e-15,1
0.9,0.2,2,1-2-4,2.0,2.8,5.2,3.2,0.63,2.3314683517128287e-15,1.2212453270876722e-15,2.05051911106139e-14,1.7599280902265624e-15,1
0.9,0.2,2,1-3-4,2.0,3.8,5.2,1.0,0.0,1.1601830607332886e-13,9.972578318695469e-14,3.1868837824537634e-13,1.3747012422861556e-16,1
0.9,0.2,2,1-3-4,2.0,3.8,5.2,3.2,0.63,1.1601830607332886e-13,9.89763826453327e-14,1.0194397415575703e-12,4.549092517965062e-16,1
0.9,0.2,2,2-3-4,2.8,3.8,5.2,1.0,0.0,1.1601830607332886e-13,1.1046719095020308e-13,3.320742951853416e-13,2.510150143677111e-16,1
0.9,0.2,2,2-3-4,2.8,3.8,5.2,3.2,0.63,1.1601830607332886e-13,1.1127210264305631e-13,1.062286662087019e-12,4.1532315845516386e-16,1
0.9,0.2,1,0-1-2,0.7,1.0,1.4,1.0,0.0,1.1601830607332886e-13,3.885780586188048e-14,2.673595927069098e-13,1.0033458760148173e-15,1
0.9,0.2,1,0-1-2,0.7,1.0,1.4,3.2,0.63,1.1601830607332886e-13,3.8913317013111737e-14,8.535555484389267e-13,5.835353988962931e-16,1
0.9,0.2,1,0-1-3,0.7,1.0,1.9,1.0,0.0,2.3314683517128287e-15,6.38378239159465e-16,6.1424537428069986e-15,1.6053534016237076e-15,1
0.9,0.2,1,0-1-3,0.7,1.0,1.9,3.2,0.63,2.3314683517128287e-15,7.216449660063518e-16,1.8126239737589023e-14,3.890235992641954e-16,1
0.9,0.2,1,0-1-4,0.7,1.0,2.6,1.0,0.0,2.3314683517128287e-15,6.38378239159465e-16,6.1424537428069986e-15,2.4080301024355617e-15,1
0.9,0.2,1,0-1-4,0.7,1.0,2.6,3.2,0.63,2.3314683517128287e-15,7.216449660063518e-16,1.8126239737589023e-14,5.835353988962931e-16,1
0.9,0.2,1,0-2-3,0.7,1.4,1.9,1.0,0.0,1.1601830607332886e-13,4.62685445512534e-14,2.8249513053682584e-13,1.754057195169632e-16,1
0.9,0.2,1,0-2-3,0.7,1.4,1.9,3.2,0.63,1.1601830607332886e-13,4.599098879509711e-14,9.022577263460567e-13,2.55035299775107e-16,1
0.9,0.2,1,0-2-4,0.7,1.4,2.6,1.0,0.0,2.3314683517128287e-15,1.2212453270876722e-15,6.359359035643524e-15,1.754057195169632e-16,1
0.9,0.2,1,0-2-4,0.7,1.4,2.6,3.2,0.63,2.3314683517128287e-15,8.881784197001252e-16,1.747816882704927e-14,3.4004706636680936e-16,1
0.9,0.2,1,0-3-4,0.7,1.9,2.6,1.0,0.0,1.1601830607332886e-13,5.306866057708248e-14,2.9947430066280845e-13,0.0,1
0.9,0.2,1,0-3-4,0.7,1.9,2.6,3.2,0.63,1.1601830607332886e-13,5.281886039654182e-14,9.562448295193077e-13,0.0,1
0.9,0.2,1,1-2-3,1.0,1.4,1.9,1.0,0.0,1.1601830607332886e-13,5.412337245047638e-14,2.95750765115502e-13,6.231684360573825e-16,1
0.9,0.2,1,1-2-3,1.0,1.4,1.9,3.2,0.63,1.1601830607332886e-13,5.342948306008566e-14,9.433610967325186e-13,5.285411280418967e-16,1
0.9,0.2,1,1-2-4,1.0,1.4,2.6,1.0,0.0,2.3314683517128287e-15,1.970645868709653e-15,6.560657218687885e-15,1.246336872114765e-15,1
0.9,0.2,1,1-2-4,1.0,1.4,2.6,3.2,0.63,2.3314683517128287e-15,1.304512053934559e-15,1.7406087768693022e-14,1.0570822560837933e-15,1
0.9,0.2,1,1-3-4,1.0,1.9,2.6,1.0,0.0,1.1601830607332886e-13,6.072919944699606e-14,3.1230297408423845e-13,0.0,1
0.9,0.2,1,1-3-4,1.0,1.9,2.6,3.2,0.63,1.1601830607332886e-13,6.034062138837726e-14,9.966760186875292e-13,1.366182234583619e-16,1
0.9,0.2,1,2-3-4,1.4,1.9,2.6,1.0,0.0,1.1601830607332886e-13,6.80566714095221e-14,3.2616827666137416e-13,1.2867812553332733e-16,1
0.9,0.2,1,2-3-4,1.4,1.9,2.6,3.2,0.63,1.1601830607332886e-13,6.777911565336581e-14,1.0432410785087831e-12,1.2472973861310244e-16,1
0.9,0.2,2,0-1-2,1.4,2.0,2.8,1.0,0.0,1.1601830607332886e-13,6.894484982922222e-14,3.326463299137833e-13,0.0,1
0.9,0.2,2,0-1-2,1.4,2.0,2.8,3.2,0.63,1.1601830607332886e-13,6.944445019030354e-14,1.0652659056880734e-12,2.1761280353800947e-16,1
0.9,0.2,2,0-1-3,1.4,2.0,3.8,1.0,0.0,2.3314683517128287e-15,3.885780586188048e-16,5.777428238599253e-15,1.5836079874302376e-15,1
0.9,0.2,2,0-1-3,1.4,2.0,3.8,3.2,0.63,2.3314683517128287e-15,8.881784197001252e-16,1.8598803911526506e-14,2.1761280353800947e-16,1
0.9,0.2,2,0-1-4,1.4,2.0,5.2,1.0,0.0,2.3314683517128287e-15,3.885780586188048e-16,5.777428238599253e-15,1.1877059905726782e-15,1
0.9,0.2,2,0-1-4,1.4,2.0,5.2,3.2,0.63,2.3314683517128287e-15,8.881784197001252e-16,1.8598803911526506e-14,2.1761280353800947e-16,1
0.9,0.2,2,0-2-3,1.4,2.8,3.8,1.0,0.0,1.1601830607332886e-13,7.888134589961737e-14,3.5549752118791536e-13,6.921190018024962e-16,1
0.9,0.2,2,0-2-3,1.4,2.8,3.8,3.2,0.63,1.1601830607332886e-13,7.902012377769552e-14,1.1361907874562564e-12,9.510810602096997e-17,1
0.9,0.2,2,0-2-4,1.4,2.8,5.2,1.0,0.0,2.3314683517128287e-15,1.27675647831893e-15,7.916910010233677e-15,5.190892513518721e-16,1
0.9,0.2,2,0-2-4,1.4,2.8,5.2,3.2,0.63,2.3314683517128287e-15,1.4710455076283324e-15,2.383336223795763e-14,1.9021621204193993e-16,1
0.9,0.2,2,0-3-4,1.4,3.8,5.2,1.0,0.0,1.1601830607332886e-13,8.81239525796218e-14,3.7595136900069284e-13,3.0869363016522714e-16,1
0.9,0.2,2,0-3-4,1.4,3.8,5.2,3.2,0.63,1.1601830607332886e-13,8.79296635503124e-14,1.2028328406933068e-12,2.8279593951610173e-17,1
0.9,0.2,2,1-2-3,2.0,2.8,3.8,1.0,0.0,1.1601830607332886e-13,8.987255384340642e-14,3.7381827490081464e-13,1.0757727212894661e-15,1
0.9,0.2,2,1-2-3,2.0,2.8,3.8,3.2,0.63,1.1601830607332886e-13,8.97615315409439e-14,1.1936147302217718e-12,2.1118314246209567e-16,1
0.9,0.2,2,1-2-4,2.0,2.8,5.2,1.0,0.0,2.3314683517128287e-15,2.1371793224034263e-15,1.0060850605250586e-14,1.2294545386165327e-15,1
0.9,0.2,2,1-2-4,2.0,2.8,5.2,3.2,0.63,2.3314683517128287e-15,1.9984014443252818e-15,2.8062959616609425e-14,4.2236628492419133e-16,1
0.9,0.2,2,1-3-4,2.0,3.8,5.2,1.0,0.0,1.1601830607332886e-13,9.997558336749535e-14,3.919700524952223e-13,2.780675906376854e-16,1
0.9,0.2,2,1-3-4,2.0,3.8,5.2,3.2,0.63,1.1601830607332886e-13,9.917067167464211e-14,1.2532613730336691e-12,3.821088833349421e-17,1
0.9,0.2,2,2-3-4,2.8,3.8,5.2,1.0,0.0,1.1601830607332886e-13,1.1196599203344704e-13,4.071513588645218e-13,1.0154808639444618e-15,1
0.9,0.2,2,2-3-4,2.8,3.8,5.2,3.2,0.63,1.1601830607332886e-13,1.1043943537458745e-13,1.3042942430639528e-12,0.0,1
0.9,0.8,1,0-1-2,0.7,1.0,1.4,1.0,0.0,1.1601830607332886e-13,1.0502709812953981e-13,2.1728307139607943e-13,6.767311961433923e-16,1
0.9,0.8,1,0-1-2,0.7,1.0,1.4,3.2,0.63,1.1601830607332886e-13,1.0402789740737717e-13,6.939778828456931e-13,5.495536587990573e-16,1
0.9,0.8,1,0-1-3,0.7,1.0,1.9,1.0,0.0,2.3314683517128287e-15,2.55351295663786e-15,4.766530223123246e-15,1.5468141626134682e-15,1
0.9,0.8,1,0-1-3,0.7,1.0,1.9,3.2,0.63,2.3314683517128287e-15,1.4432899320127035e-15,1.393761091115239e-14,1.3738841469976435e-15,1
0.9,0.8,1,0-1-4,0.7,1.0,2.6,1.0,0.0,2.3314683517128287e-15,2.55351295663786e-15,4.766530223123246e-15,1.1601106219601011e-15,1
0.9,0.8,1,0-1-4,0.7,1.0,2.6,3.2,0.63,2.3314683517128287e-15,1.4432899320127035e-15,1.393761091115239e-14,1.0991073175981147e-15,1
0.9,0.8,1,0-2-3,0.7,1.4,1.9,1.0,0.0,1.1601830607332886e-13,1.255662240851052e-13,2.29511088047958e-13,1.6900954698063517e-16,1
0.9,0.8,1,0-2-3,0.7,1.4,1.9,3.2,0.63,1.1601830607332886e-13,1.2523315717771766e-13,7.349810587718407e-13,2.4018351308149693e-16,1
0.9,0.8,1,0-2-4,0.7,1.4,2.6,1.0,0.0,2.3314683517128287e-15,2.9976021664879227e-15,4.60315991989724e-15,1.6900954698063517e-16,1
0.9,0.8,1,0-2-4,0.7,1.4,2.6,3.2,0.63,2.3314683517128287e-15,2.6645352591003757e-15,1.570092458683775e-14,0.0,1
0.9,0.8,1,0-3-4,0.7,1.9,2.6,1.0,0.0,1.1601830607332886e-13,1.4588330543574557e-13,2.4333119387460783e-13,3.0152138839800643e-16,1
0.9,0.8,1,0-3-4,0.7,1.9,2.6,3.2,0.63,1.1601830607332886e-13,1.4566126083082054e-13,7.79637532711647e-13,2.856661753864967e-16,1
0.9,0.8,1,1-2-3,1.0,1.4,1.9,1.0,0.0,1.1601830607332886e-13,1.4344081478157023e-13,2.40249088060146e-13,1.5011114711755984e-16,1
0.9,0.8,1,1-2-3,1.0,1.4,1.9,3.2,0.63,1.1601830607332886e-13,1.438849039914203e-13,7.707324005645402e-13,4.2665308926625264e-16,1
0.9,0.8,1,1-2-4,1.0,1.4,2.6,1.0,0.0,2.3314683517128287e-15,3.552713678800501e-15,4.730188550355382e-15,7.505557355877992e-16,1
0.9,0.8,1,1-2-4,1.0,1.4,2.6,3.2,0.63,2.3314683517128287e-15,3.9968028886505635e-15,1.7769118642034836e-14,4.2665308926625264e-16,1
0.9,0.8,1,1-3-4,1.0,1.9,2.6,1.0,0.0,1.1601830607332886e-13,1.6275869541004795e-13,2.537171538645658e-13,4.753121093467382e-16,1
0.9,0.8,1,1-3-4,1.0,1.9,2.6,3.2,0.63,1.1601830607332886e-13,1.6275869541004795e-13,8.128440081273381e-13,4.824838692445358e-16,1
0.9,0.8,1,2-3-4,1.4,1.9,2.6,1.0,0.0,1.1601830607332886e-13,1.8063328610651297e-13,2.654846923573419e-13,9.918870040313245e-16,1
0.9,0.8,1,2-3-4,1.4,1.9,2.6,3.2,0.63,1.1601830607332886e-13,1.8052226380405045e-13,8.499466069803779e-13,1.2333950701672105e-15,1
0.9,0.8,2,0-1-2,1.4,2.0,2.8,1.0,0.0,1.1601830607332886e-13,1.8318679906315083e-13,2.707014252608265e-13,1.957247033555937e-16,1
0.9,0.8,2,0-1-2,1.4,2.0,2.8,3.2,0.63,1.1601830607332886e-13,1.8340884366807586e-13,8.675682521895129e-13,4.857617911229712e-16,1
0.9,0.8,2,0-1-3,1.4,2.0,3.8,1.0,0.0,2.3314683517128287e-15,2.6645352591003757e-15,4.477173088141931e-15,1.957247033555937e-16,1
0.9,0.8,2,0-1-3,1.4,2.0,3.8,3.2,0.63,2.3314683517128287e-15,2.886579864025407e-15,1.5619066391420388e-14,3.238411940819808e-16,1
0.9,0.8,2,0-1-4,1.4,2.0,5.2,1.0,0.0,2.3314683517128287e-15,2.6645352591003757e-15,4.477173088141931e-15,3.914494067111874e-16,1
0.9,0.8,2,0-1-4,1.4,2.0,5.2,3.2,0.63,2.3314683517128287e-15,2.886579864025407e-15,1.5619066391420388e-14,9.715235822459424e-16,1
0.9,0.8,2,0-2-3,1.4,2.8,3.8,1.0,0.0,1.1601830607332886e-13,2.0661250488274163e-13,2.8859414151807304e-13,8.55418685620458e-17,1
0.9,0.8,2,0-2-3,1.4,2.8,3.8,3.2,0.63,1.1601830607332886e-13,2.0616841567289157e-13,9.240992814935452e-13,4.246063023859743e-16,1
0.9,0.8,2,0-2-4,1.4,2.8,5.2,1.0,0.0,2.3314683517128287e-15,4.218847493575595e-15,5.674097786814442e-15,0.0,1
0.9,0.8,2,0-2-4,1.4,2.8,5.2,3.2,0.63,2.3314683517128287e-15,3.885780586188048e-15,1.9224498279436163e-14,0.0,1
0.9,0.8,2,0-3-4,1.4,3.8,5.2,1.0,0.0,1.1601830607332886e-13,2.2859492077031973e-13,3.0595581224882557e-13,1.0174061539037638e-16,1
0.9,0.8,2,0-3-4,1.4,3.8,5.2,3.2,0.63,1.1601830607332886e-13,2.290390099801698e-13,9.80031539254599e-13,3.366749501701408e-16,1
0.9,0.8,2,1-2-3,2.0,2.8,3.8,1.0,0.0,1.1601830607332886e-13,2.282618538629322e-13,3.031425544735789e-13,4.558602130765842e-16,1
0.9,0.8,2,1-2-3,2.0,2.8,3.8,3.2,0.63,1.1601830607332886e-13,2.274846977456946e-13,9.704239659289368e-13,8.799640451132808e-16,1
0.9,0.8,2,1-2-4,2.0,2.8,5.2,1.0,0.0,2.3314683517128287e-15,5.218048215738236e-15,6.685349703749831e-15,6.078136174354456e-16,1
0.9,0.8,2,1-2-4,2.0,2.8,5.2,3.2,0.63,2.3314683517128287e-15,4.6629367034256575e-15,2.1778489829741028e-14,7.542548958113836e-16,1
0.9,0.8,2,1-3-4,2.0,3.8,5.2,1.0,0.0,1.1601830607332886e-13,2.495781359357352e-13,3.1895068977976875e-13,0.0,1
0.9,0.8,2,1-3-4,2.0,3.8,5.2,3.2,0.63,1.1601830607332886e-13,2.5002222514558525e-13,1.0220151646080619e-12,3.4118193884737936e-16,1
0.9,0.8,2,2-3-4,2.8,3.8,5.2,1.0,0.0,1.1601830607332886e-13,2.708944180085382e-13,3.321784692230537e-13,3.7652252155156653e-16,1
0.9,0.8,2,2-3-4,2.8,3.8,5.2,3.2,0.63,1.1601830607332886e-13,2.7278179715040096e-13,1.0653775115331414e-12,1.24596947536549e-15,1
0.9,0.8,1,0-1-2,0.7,1.0,1.4,1.0,0.0,1.1601830607332886e-13,1.0524914273446484e-13,2.6659266066591834e-13,6.020075256088901e-16,1
0.9,0.8,1,0-1-2,0.7,1.0,1.4,3.2,0.63,1.1601830607332886e-13,1.0524914273446484e-13,8.519555194870746e-13,9.725589981604885e-16,1
0.9,0.8,1,0-1-3,0.7,1.0,1.9,1.0,0.0,2.3314683517128287e-15,2.886579864025407e-15,5.552225235150304e-15,8.026767008118535e-16,1
0.9,0.8,1,0-1-3,0.7,1.0,1.9,3.2,0.63,2.3314683517128287e-15,2.7755575615628914e-15,1.6503158107694245e-14,1.945117996320977e-15,1
0.9,0.8,1,0-1-4,0.7,1.0,2.6,1.0,0.0,2.3314683517128287e-15,2.886579864025407e-15,5.552225235150304e-15,1.605353401623707e-15,1
0.9,0.8,1,0-1-4,0.7,1.0,2.6,3.2,0.63,2.3314683517128287e-15,2.7755575615628914e-15,1.6503158107694245e-14,2.917676994481466e-15,1
0.9,0.8,1,0-2-3,0.7,1.4,1.9,1.0,0.0,1.1601830607332886e-13,1.2534417948018017e-13,2.8229939305057413e-13,1.7540571951696332e-16,1
0.9,0.8,1,0-2-3,0.7,1.4,1.9,3.2,0.63,1.1601830607332886e-13,1.254552017826427e-13,9.028221411829955e-13,1.7002353318340465e-16,1
0.9,0.8,1,0-2-4,0.7,1.4,2.6,1.0,0.0,2.3314683517128287e-15,2.7755575615628914e-15,5.878942796965759e-15,0.0,1
0.9,0.8,1,0-2-4,0.7,1.4,2.6,3.2,0.63,2.3314683517128287e-15,2.6645352591003757e-15,1.827253069869615e-14,2.5503529977510695e-16,1
0.9,0.8,1,0-3-4,0.7,1.9,2.6,1.0,0.0,1.1601830607332886e-13,1.4566126083082054e-13,2.9910333454946656e-13,2.086216509720442e-16,1
0.9,0.8,1,0-3-4,0.7,1.9,2.6,3.2,0.63,1.1601830607332886e-13,1.4566126083082054e-13,9.58300063747077e-13,0.0,1
0.9,0.8,1,1-2-3,1.0,1.4,1.9,1.0,0.0,1.1601830607332886e-13,1.4277468096679513e-13,2.9593591894972364e-13,6.231684360573835e-16,1
0.9,0.8,1,1-2-3,1.0,1.4,1.9,3.2,0.63,1.1601830607332886e-13,1.4210854715202004e-13,9.458234104075924e-13,7.550587543455665e-17,1
0.9,0.8,1,1-2-4,1.0,1.4,2.6,1.0,0.0,2.3314683517128287e-15,2.55351295663786e-15,6.3155981126285585e-15,9.347526540860752e-16,1
0.9,0.8,1,1-2-4,1.0,1.4,2.6,3.2,0.63,2.3314683517128287e-15,2.4424906541753444e-15,1.9464081014329728e-14,4.530352526073399e-16,1
0.9,0.8,1,1-3-4,1.0,1.9,2.6,1.0,0.0,1.1601830607332886e-13,1.6209256159527285e-13,3.1192314055875214e-13,1.4094294675663306e-16,1
0.9,0.8,1,1-3-4,1.0,1.9,2.6,3.2,0.63,1.1601830607332886e-13,1.6187051699034782e-13,9.993145258776537e-13,1.3661822345836179e-16,1
0.9,0.8,1,2-3-4,1.4,1.9,2.6,1.0,0.0,1.1601830607332886e-13,1.800781745942004e-13,3.261914601011467e-13,3.860343765999818e-16,1
0.9,0.8,1,2-3-4,1.4,1.9,2.6,3.2,0.63,1.1601830607332886e-13,1.800781745942004e-13,1.046506305192143e-12,1.247297386131023e-16,1
0.9,0.8,2,0-1-2,1.4,2.0,2.8,1.0,0.0,1.1601830607332886e-13,1.822986206434507e-13,3.326803439524615e-13,5.938529952863393e-16,1
0.9,0.8,2,0-1-2,1.4,2.0,2.8,3.2,0.63,1.1601830607332886e-13,1.8285373215576328e-13,1.0659652682888123e-12,5.440320088450237e-17,1
0.9,0.8,2,0-1-3,1.4,2.0,3.8,1.0,0.0,2.3314683517128287e-15,1.9984014443252818e-15,5.679525988368478e-15,3.959019968575595e-16,1
0.9,0.8,2,0-1-3,1.4,2.0,3.8,3.2,0.63,2.3314683517128287e-15,2.4424906541753444e-15,1.9100999153570946e-14,5.440320088450236e-16,1
0.9,0.8,2,0-1-4,1.4,2.0,5.2,1.0,0.0,2.3314683517128287e-15,1.9984014443252818e-15,5.679525988368478e-15,7.91803993715119e-16,1
0.9,0.8,2,0-1-4,1.4,2.0,5.2,3.2,0.63,2.3314683517128287e-15,2.4424906541753444e-15,1.9100999153570946e-14,7.616448123830331e-16,1
0.9,0.8,2,0-2-3,1.4,2.8,3.8,1.0,0.0,1.1601830607332886e-13,2.0650148258027912e-13,3.544268722354729e-13,3.4605950090124843e-16,1
0.9,0.8,2,0-2-3,1.4,2.8,3.8,3.2,0.63,1.1601830607332886e-13,2.0605739337042905e-13,1.1350163524200359e-12,2.8532431806291007e-16,1
0.9,0.8,2,0-2-4,1.4,2.8,5.2,1.0,0.0,2.3314683517128287e-15,3.9968028886505635e-15,6.732200546275783e-15,3.4605950090124843e-16,1
0.9,0.8,2,0-2-4,1.4,2.8,5.2,3.2,0.63,2.3314683517128287e-15,3.6637359812630166e-15,2.2644195468014704e-14,4.2798647709436513e-16,1
0.9,0.8,2,0-3-4,1.4,3.8,5.2,1.0,0.0,1.1601830607332886e-13,2.284838984678572e-13,3.7610851237090944e-13,2.0579575344348475e-16,1
0.9,0.8,2,0-3-4,1.4,3.8,5.2,3.2,0.63,1.1601830607332886e-13,2.2859492077031973e-13,1.2032470117099192e-12,0.0,1
0.9,0.8,2,1-2-3,2.0,2.8,3.8,1.0,0.0,1.1601830607332886e-13,2.289279876777073e-13,3.7225367432877257e-13,9.220909039624012e-16,1
0.9,0.8,2,1-2-3,2.0,2.8,3.8,3.2,0.63,1.1601830607332886e-13,2.274846977456946e-13,1.1908021751877524e-12,4.646029134166109e-16,1
0.9,0.8,2,1-2-4,2.0,2.8,5.2,1.0,0.0,2.3314683517128287e-15,5.88418203051333e-15,8.082545620880531e-15,1.229454538616535e-15,1
0.9,0.8,2,1-2-4,2.0,2.8,5.2,3.2,0.63,2.3314683517128287e-15,4.6629367034256575e-15,2.5156781614776497e-14,6.757860558787067e-16,1
0.9,0.8,2,1-3-4,2.0,3.8,5.2,1.0,0.0,1.1601830607332886e-13,2.495781359357352e-13,3.9228892832453735e-13,1.3903379531884268e-16,1
0.9,0.8,2,1-3-4,2.0,3.8,5.2,3.2,0.63,1.1601830607332886e-13,2.4935609133081016e-13,1.2535329497462136e-12,7.64217766669884e-17,1
0.9,0.8,2,2-3-4,2.8,3.8,5.2,1.0,0.0,1.1601830607332886e-13,2.69562150378988e-13,4.090122497687059e-13,7.616106479583448e-16,1
0.9,0.8,2,2-3-4,2.8,3.8,5.2,3.2,0.63,1.1601830607332886e-13,2.7133850721838826e-13,1.3071386256909903e-12,3.488578604935347e-16,1
0.9,2.0,1,0-1-2,0.7,1.0,1.4,1.0,0.0,1.1601830607332886e-13,2.3092638912203256e-13,2.188925482431198e-13,6.4772843059439165e-15,1
0.9,2.0,1,0-1-2,0.7,1.0,1.4,3.2,0.63,1.1601830607332886e-13,2.3514523661560816e-13,6.953814536185854e-13,1.7860493910969356e-15,1
0.9,2.0,1,0-1-3,0.7,1.0,1.9,1.0,0.0,2.3314683517128287e-15,0.0,6.803740278061314e-15,1.0634347367967624e-14,1
0.9,2.0,1,0-1-3,0.7,1.0,1.9,3.2,0.63,2.3314683517128287e-15,3.774758283725532e-15,1.533876673602434e-14,1.9234378057967e-15,1
0.9,2.0,1,0-1-4,0.7,1.0,2.6,1.0,0.0,2.3314683517128287e-15,0.0,6.803740278061314e-15,1.624154870744146e-14,1
0.9,2.0,1,0-1-4,0.7,1.0,2.6,3.2,0.63,2.3314683517128287e-15,3.774758283725532e-15,1.533876673602434e-14,5.495536587990572e-15,1
0.9,2.0,1,0-2-3,0.7,1.4,1.9,1.0,0.0,1.1601830607332886e-13,2.8332891588433995e-13,2.2972130155959406e-13,8.45047734903176e-17,1
0.9,2.0,1,0-2-3,0.7,1.4,1.9,3.2,0.63,1.1601830607332886e-13,2.8332891588433995e-13,7.337639933535477e-13,3.602752696222457e-16,1
0.9,2.0,1,0-2-4,0.7,1.4,2.6,1.0,0.0,2.3314683517128287e-15,5.551115123125783e-15,4.816372181855902e-15,1.690095469806352e-16,1
0.9,2.0,1,0-2-4,0.7,1.4,2.6,3.2,0.63,2.3314683517128287e-15,5.773159728050814e-15,1.3944684045792483e-14,4.803670261629943e-16,1
0.9,2.0,1,0-3-4,0.7,1.9,2.6,1.0,0.0,1.1601830607332886e-13,3.2951419370874646e-13,2.435295462396985e-13,0.0,1
0.9,2.0,1,0-3-4,0.7,1.9,2.6,3.2,0.63,1.1601830607332886e-13,3.306244167333716e-13,7.797483202617033e-13,7.141654384662417e-16,1
0.9,2.0,1,1-2-3,1.0,1.4,1.9,1.0,0.0,1.1601830607332886e-13,3.2795988147427124e-13,2.3991696077991817e-13,2.852111795233632e-15,1
0.9,2.0,1,1-2-3,1.0,1.4,1.9,3.2,0.63,1.1601830607332886e-13,3.228528555609955e-13,7.667738742164945e-13,1.4932858124318866e-15,1
0.9,2.0,1,1-2-4,1.0,1.4,2.6,1.0,0.0,2.3314683517128287e-15,1.2434497875801753e-14,4.902926390826577e-15,6.454779326055062e-15,1
0.9,2.0,1,1-2-4,1.0,1.4,2.6,3.2,0.63,2.3314683517128287e-15,7.105427357601002e-15,1.3330075727505561e-14,8.533061785325066e-16,1
0.9,2.0,1,1-3-4,1.0,1.9,2.6,1.0,0.0,1.1601830607332886e-13,3.6770586575585185e-13,2.535979312226704e-13,6.790172990667688e-16,1
0.9,2.0,1,1-3-4,1.0,1.9,2.6,3.2,0.63,1.1601830607332886e-13,3.668176873361517e-13,8.133208664594486e-13,7.719741907912573e-16,1
0.9,2.0,1,2-3-4,1.4,1.9,2.6,1.0,0.0,1.1601830607332886e-13,4.0101255649460654e-13,2.654501519516273e-13,1.239858755039157e-16,1
0.9,2.0,1,2-3-4,1.4,1.9,2.6,3.2,0.63,1.1601830607332886e-13,4.04121180963557e-13,8.530675149520015e-13,2.114391548858073e-15,1
0.9,2.0,2,0-1-2,1.4,2.0,2.8,1.0,0.0,1.1601830607332886e-13,4.1167069753100805e-13,2.711945409211305e-13,5.871741100667806e-16,1
0.9,2.0,2,0-1-2,1.4,2.0,2.8,3.2,0.63,1.1601830607332886e-13,4.147793219999585e-13,8.695603815072022e-13,1.6192059704099026e-16,1
0.9,2.0,2,0-1-3,1.4,2.0,3.8,1.0,0.0,2.3314683517128287e-15,7.771561172376096e-15,4.9164205652118054e-15,3.914494067111871e-16,1
0.9,2.0,2,0-1-3,1.4,2.0,3.8,3.2,0.63,2.3314683517128287e-15,1.0436096431476471e-14,1.7319479184152442e-14,9.715235822459414e-16,1
0.9,2.0,2,0-1-4,1.4,2.0,5.2,1.0,0.0,2.3314683517128287e-15,7.771561172376096e-15,4.9164205652118054e-15,1.1743482201335612e-15,1
0.9,2.0,2,0-1-4,1.4,2.0,5.2,3.2,0.63,2.3314683517128287e-15,1.0436096431476471e-14,1.7319479184152442e-14,3.886094328983766e-15,1
0.9,2.0,2,0-2-3,1.4,2.8,3.8,1.0,0.0,1.1601830607332886e-13,4.636291350834654e-13,2.888941324584338e-13,2.5662560568613716e-16,1
0.9,2.0,2,0-2-3,1.4,2.8,3.8,3.2,0.63,1.1601830607332886e-13,4.645173135031655e-13,9.245295295795453e-13,2.8307086825731606e-16,1
0.9,2.0,2,0-2-4,1.4,2.8,5.2,1.0,0.0,2.3314683517128287e-15,1.199040866595169e-14,6.155483356642005e-15,1.1975861598686402e-15,1
0.9,2.0,2,0-2-4,1.4,2.8,5.2,3.2,0.63,2.3314683517128287e-15,1.199040866595169e-14,1.9116480176633818e-14,1.4153543412865803e-15,1
0.9,2.0,2,0-3-4,1.4,3.8,5.2,1.0,0.0,1.1601830607332886e-13,5.10480546722647e-13,3.059804465773905e-13,4.0696246156150545e-16,1
0.9,2.0,2,0-3-4,1.4,3.8,5.2,3.2,0.63,1.1601830607332886e-13,5.115907697472721e-13,9.79501145324042e-13,5.891811627977464e-16,1
0.9,2.0,2,1-2-3,2.0,2.8,3.8,1.0,0.0,1.1601830607332886e-13,5.080380560684716e-13,3.033995982423589e-13,6.078136174354448e-16,1
0.9,2.0,2,1-2-3,2.0,2.8,3.8,3.2,0.63,1.1601830607332886e-13,5.060396546241464e-13,9.693735327163933e-13,3.7712744790569183e-16,1
0.9,2.0,2,1-2-4,2.0,2.8,5.2,1.0,0.0,2.3314683517128287e-15,1.554312234475219e-14,7.185853667098646e-15,2.4312544697417792e-15,1
0.9,2.0,2,1-2-4,2.0,2.8,5.2,3.2,0.63,2.3314683517128287e-15,1.3322676295501878e-14,2.1431618279190542e-14,2.5141829860379453e-15,1
0.9,2.0,2,1-3-4,2.0,3.8,5.2,1.0,0.0,1.1601830607332886e-13,5.491163079796024e-13,3.185504015601031e-13,6.873506211430776e-16,1
0.9,2.0,2,1-3-4,2.0,3.8,5.2,3.2,0.63,1.1601830607332886e-13,5.500044863993026e-13,1.0206913977383987e-12,7.960911906438857e-16,1
0.9,2.0,2,2-3-4,2.8,3.8,5.2,1.0,0.0,1.1601830607332886e-13,5.868638908168577e-13,3.314801345986723e-13,7.530450431031339e-16,1
0.9,2.0,2,2-3-4,2.8,3.8,5.2,3.2,0.63,1.1601830607332886e-13,5.893063814710331e-13,1.0636131500545296e-12,1.2459694753654912e-15,1
0.9,2.0,1,0-1-2,0.7,1.0,1.4,1.0,0.0,1.1601830607332886e-13,2.3070434451710753e-13,2.684534195854636e-13,7.0234211321037475e-15,1
0.9,2.0,1,0-1-2,0.7,1.0,1.4,3.2,0.63,1.1601830607332886e-13,2.3359092438113294e-13,8.536943701753511e-13,1.4588384972407343e-15,1
0.9,2.0,1,0-1-3,0.7,1.0,1.9,1.0,0.0,2.3314683517128287e-15,8.881784197001252e-16,8.061931717598763e-15,1.2441488862583782e-14,1
0.9,2.0,1,0-1-3,0.7,1.0,1.9,3.2,0.63,2.3314683517128287e-15,2.220446049250313e-15,1.855102611454866e-14,2.5286533952172728e-15,1
0.9,2.0,1,0-1-4,0.7,1.0,2.6,1.0,0.0,2.3314683517128287e-15,8.881784197001252e-16,8.061931717598763e-15,1.806022576826678e-14,1
0.9,2.0,1,0-1-4,0.7,1.0,2.6,3.2,0.63,2.3314683517128287e-15,2.220446049250313e-15,1.855102611454866e-14,4.66828319117035e-15,1
0.9,2.0,1,0-2-3,0.7,1.4,1.9,1.0,0.0,1.1601830607332886e-13,2.8421709430404007e-13,2.819974568806365e-13,1.7540571951696324e-16,1
0.9,2.0,1,0-2-3,0.7,1.4,1.9,3.2,0.63,1.1601830607332886e-13,2.8377300509419e-13,9.031429497268563e-13,0.0,1
0.9,2.0,1,0-2-4,0.7,1.4,2.6,1.0,0.0,2.3314683517128287e-15,5.995204332975845e-15,5.552225235150304e-15,1.7540571951696324e-16,1
0.9,2.0,1,0-2-4,0.7,1.4,2.6,3.2,0.63,2.3314683517128287e-15,6.217248937900877e-15,1.9169279339955965e-14,2.5503529977510695e-16,1
0.9,2.0,1,0-3-4,0.7,1.9,2.6,1.0,0.0,1.1601830607332886e-13,3.319566843629218e-13,2.9939197208826737e-13,3.1293247645806604e-16,1
0.9,2.0,1,0-3-4,0.7,1.9,2.6,3.2,0.63,1.1601830607332886e-13,3.310685059432217e-13,9.586123354585498e-13,1.5166519495986994e-16,1
0.9,2.0,1,1-2-3,1.0,1.4,1.9,1.0,0.0,1.1601830607332886e-13,3.2884805989397137e-13,2.9402663320458455e-13,2.6484658532438704e-15,1
0.9,2.0,1,1-2-3,1.0,1.4,1.9,3.2,0.63,1.1601830607332886e-13,3.2462921240039577e-13,9.463343345321448e-13,6.040470034764527e-16,1
0.9,2.0,1,1-2-4,1.0,1.4,2.6,1.0,0.0,2.3314683517128287e-15,1.354472090042691e-14,6.069783312783914e-15,7.166437014659884e-15,1
0.9,2.0,1,1-2-4,1.0,1.4,2.6,3.2,0.63,2.3314683517128287e-15,9.325873406851315e-15,2.0471501066083614e-14,9.060705052146789e-16,1
0.9,2.0,1,1-3-4,1.0,1.9,2.6,1.0,0.0,1.1601830607332886e-13,3.708144902248023e-13,3.1200255758830603e-13,1.268486520809694e-15,1
0.9,2.0,1,1-3-4,1.0,1.9,2.6,3.2,0.63,1.1601830607332886e-13,3.679279103607769e-13,1.0007218035178915e-12,0.0,1
0.9,2.0,1,2-3-4,1.4,1.9,2.6,1.0,0.0,1.1601830607332886e-13,4.0745185003743245e-13,3.2748267207242875e-13,9.007468787332892e-16,1
0.9,2.0,1,2-3-4,1.4,1.9,2.6,3.2,0.63,1.1601830607332886e-13,4.056754931980322e-13,1.0480988006103392e-12,2.4945947722620444e-16,1
0.9,2.0,2,0-1-2,1.4,2.0,2.8,1.0,0.0,1.1601830607332886e-13,4.0900616227190767e-13,3.337774508618801e-13,1.9795099842877948e-15,1
0.9,2.0,2,0-1-2,1.4,2.0,2.8,3.2,0.63,1.1601830607332886e-13,4.1366909897533333e-13,1.0695989108124966e-12,4.3522560707601835e-16,1
0.9,2.0,2,0-1-3,1.4,2.0,3.8,1.0,0.0,2.3314683517128287e-15,5.329070518200751e-15,6.88696318607943e-15,3.1672159748604716e-15,1
0.9,2.0,2,0-1-3,1.4,2.0,3.8,3.2,0.63,2.3314683517128287e-15,9.103828801926284e-15,2.2275401441590598e-14,6.528384106140275e-16,1
0.9,2.0,2,0-1-4,1.4,2.0,5.2,1.0,0.0,2.3314683517128287e-15,5.329070518200751e-15,6.88696318607943e-15,5.5426279560058255e-15,1
0.9,2.0,2,0-1-4,1.4,2.0,5.2,3.2,0.63,2.3314683517128287e-15,9.103828801926284e-15,2.2275401441590598e-14,2.1761280353800918e-16,1
0.9,2.0,2,0-2-3,1.4,2.8,3.8,1.0,0.0,1.1601830607332886e-13,4.631850458736153e-13,3.5548363462118114e-13,0.0,1
0.9,2.0,2,0-2-3,1.4,2.8,3.8,3.2,0.63,1.1601830607332886e-13,4.622968674539152e-13,1.1353360173506725e-12,0.0,1
0.9,2.0,2,0-2-4,1.4,2.8,5.2,1.0,0.0,2.3314683517128287e-15,1.0880185641326534e-14,7.61858952116235e-15,1.7302975045062407e-16,1
0.9,2.0,2,0-2-4,1.4,2.8,5.2,3.2,0.63,2.3314683517128287e-15,1.0436096431476471e-14,2.345278802542142e-14,3.8043242408387986e-16,1
0.9,2.0,2,0-3-4,1.4,3.8,5.2,1.0,0.0,1.1601830607332886e-13,5.098144129078719e-13,3.761658595734238e-13,1.0289787672174238e-16,1
0.9,2.0,2,0-3-4,1.4,3.8,5.2,3.2,0.63,1.1601830607332886e-13,5.10702591327572e-13,1.2032612506577368e-12,2.262367516128813e-16,1
0.9,2.0,2,1-2-3,2.0,2.8,3.8,1.0,0.0,1.1601830607332886e-13,5.080380560684716e-13,3.726930059973294e-13,9.220909039624008e-16,1
0.9,2.0,2,1-2-3,2.0,2.8,3.8,3.2,0.63,1.1601830607332886e-13,5.042632977847461e-13,1.1888270013955589e-12,1.6894651396967673e-16,1
0.9,2.0,2,1-2-4,2.0,2.8,5.2,1.0,0.0,2.3314683517128287e-15,1.554312234475219e-14,8.842841015761439e-15,1.8441818079248016e-15,1
0.9,2.0,2,1-2-4,2.0,2.8,5.2,3.2,0.63,2.3314683517128287e-15,1.1102230246251565e-14,2.324691428734079e-14,1.0981523408028988e-15,1
0.9,2.0,2,1-3-4,2.0,3.8,5.2,1.0,0.0,1.1601830607332886e-13,5.502265310042276e-13,3.9175748172904875e-13,1.3903379531884276e-16,1
0.9,2.0,2,1-3-4,2.0,3.8,5.2,3.2,0.63,1.1601830607332886e-13,5.493383525845275e-13,1.2528196598365569e-12,3.438979950014479e-16,1
0.9,2.0,2,2-3-4,2.8,3.8,5.2,1.0,0.0,1.1601830607332886e-13,5.879741138414829e-13,4.0764331096277294e-13,2.538702159861153e-16,1
0.9,2.0,2,2-3-4,2.8,3.8,5.2,3.2,0.63,1.1601830607332886e-13,5.901945598907332e-13,1.3071386256909903e-12,5.581725767896556e-16,1
0.97,0.2,1,0-1-2,0.7,1.0,1.4,1.0,0.0,1.4721557306529576e-13,3.116951141635127e-14,2.6885549747602825e-13,3.756051122299165e-16,1
0.97,0.2,1,0-1-2,0.7,1.0,1.4,3.2,0.63,1.4721557306529576e-13,3.1585845050585704e-14,8.598774729501365e-13,4.752200544248825e-16,1
0.97,0.2,1,0-1-3,0.7,1.0,1.9,1.0,0.0,3.352873534367973e-14,6.8833827526759706e-15,6.094882360644352e-14,1.8780255611495825e-16,1
0.97,0.2,1,0-1-3,0.7,1.0,1.9,3.2,0.63,3.352873534367973e-14,7.216449660063518e-15,1.947871663473785e-13,7.128300816373237e-16,1
0.97,0.2,1,0-1-4,0.7,1.0,2.6,1.0,0.0,2.3314683517128287e-14,5.190292640122607e-15,4.282354324408419e-14,7.51210224459833e-16,1
0.97,0.2,1,0-1-4,0.7,1.0,2.6,3.2,0.63,2.3314683517128287e-14,4.884981308350689e-15,1.374848841335911e-13,4.752200544248825e-16,1
0.97,0.2,1,0-2-3,0.7,1.4,1.9,1.0,0.0,1.4721557306529576e-13,3.8191672047105385e-14,2.843027387928467e-13,1.6192754378700073e-16,1
0.97,0.2,1,0-2-3,0.7,1.4,1.9,3.2,0.63,1.4721557306529576e-13,3.81084053202585e-14,9.098600045422793e-13,1.0243632696383856e-16,1
0.97,0.2,1,0-2-4,0.7,1.4,2.6,1.0,0.0,8.01581023779363e-14,2.0761170560490427e-14,1.5503023537736204e-13,8.096377189350037e-17,1
0.97,0.2,1,0-2-4,0.7,1.4,2.6,3.2,0.63,8.01581023779363e-14,2.0761170560490427e-14,4.957038262584756e-13,2.0487265392767712e-16,1
0.97,0.2,1,0-3-4,0.7,1.9,2.6,1.0,0.0,1.4721557306529576e-13,4.468647674116255e-14,3.0144904794599714e-13,9.500939027983523e-17,1
0.97,0.2,1,0-3-4,0.7,1.9,2.6,3.2,0.63,1.4721557306529576e-13,4.4853010194856324e-14,9.65230528223689e-13,1.2020701036683608e-16,1
0.97,0.2,1,1-2-3,1.0,1.4,1.9,1.0,0.0,1.4721557306529576e-13,4.427014310692812e-14,2.976081988666644e-13,3.557978365513335e-16,1
0.97,0.2,1,1-2-3,1.0,1.4,1.9,3.2,0.63,1.4721557306529576e-13,4.3853809472693683e-14,9.522575425063301e-13,0.0,1
0.97,0.2,1,1-2-4,1.0,1.4,2.6,1.0,0.0,3.352873534367973e-14,1.0325074129013956e-14,6.784771404496752e-14,4.269574038616002e-16,1
0.97,0.2,1,1-2-4,1.0,1.4,2.6,3.2,0.63,3.352873534367973e-14,9.825473767932635e-15,2.1691655534620929e-13,7.202554459234556e-16,1
0.97,0.2,1,1-3-4,1.0,1.9,2.6,1.0,0.0,1.4721557306529576e-13,5.037636974236648e-14,3.142058570399724e-13,1.2717946107995936e-16,1
0.97,0.2,1,1-3-4,1.0,1.9,2.6,3.2,0.63,1.4721557306529576e-13,5.029310301551959e-14,1.0064488123753517e-12,3.2181793297397864e-16,1
0.97,0.2,1,2-3-4,1.4,1.9,2.6,1.0,0.0,1.4721557306529576e-13,5.6066262743570405e-14,3.2865151942291773e-13,4.598045940722767e-16,1
0.97,0.2,1,2-3-4,1.4,1.9,2.6,3.2,0.63,1.4721557306529576e-13,5.642708522657358e-14,1.053211186632639e-12,5.817502400928037e-16,1
0.97,0.2,2,0-1-2,1.4,2.0,2.8,1.0,0.0,1.4721557306529576e-13,5.737077479750496e-14,3.3529289072031427e-13,6.460025011928031e-16,1
0.97,0.2,2,0-1-2,1.4,2.0,2.8,3.2,0.63,1.4721557306529576e-13,5.734301922188934e-14,1.074816721021369e-12,4.095345797977869e-16,1
0.97,0.2,2,0-1-3,1.4,2.0,3.8,1.0,0.0,3.352873534367973e-14,1.2906342661267445e-14,7.610698276993708e-14,5.537164295938312e-16,1
0.97,0.2,2,0-1-3,1.4,2.0,3.8,3.2,0.63,3.352873534367973e-14,1.2878587085651816e-14,2.453850080981444e-13,1.0920922127940983e-15,1
0.97,0.2,2,0-1-4,1.4,2.0,5.2,1.0,0.0,2.3314683517128287e-14,9.159339953157541e-15,5.344222026967698e-14,3.691442863958875e-16,1
0.97,0.2,2,0-1-4,1.4,2.0,5.2,3.2,0.63,2.3314683517128287e-14,9.298117831235686e-15,1.6843806712341984e-13,1.6381383191911475e-15,1
0.97,0.2,2,0-2-3,1.4,2.8,3.8,1.0,0.0,1.4721557306529576e-13,6.475375791126226e-14,3.571895511901704e-13,2.3871331480640933e-16,1
0.97,0.2,2,0-2-3,1.4,2.8,3.8,3.2,0.63,1.4721557306529576e-13,6.533662499919046e-14,1.143454368620053e-12,2.3540655311742806e-16,1
0.97,0.2,2,0-2-4,1.4,2.8,5.2,1.0,0.0,8.01581023779363e-14,3.59989815734707e-14,1.9448147838925274e-13,9.548532592256373e-16,1
0.97,0.2,2,0-2-4,1.4,2.8,5.2,3.2,0.63,8.01581023779363e-14,3.547162563677375e-14,6.222044837654814e-13,2.3540655311742806e-16,1
0.97,0.2,2,0-3-4,1.4,3.8,5.2,1.0,0.0,1.4721557306529576e-13,7.260858581048524e-14,3.7970361091243346e-13,3.73500492232807e-16,1
0.97,0.2,2,0-3-4,1.4,3.8,5.2,3.2,0.63,1.4721557306529576e-13,7.283063041541027e-14,1.2149071690087842e-12,0.0,1
0.97,0.2,2,1-2-3,2.0,2.8,3.8,1.0,0.0,1.4721557306529576e-13,7.138734048339757e-14,3.7441675239370683e-13,6.993554357936736e-16,1
0.97,0.2,2,1-2-3,2.0,2.8,3.8,3.2,0.63,1.4721557306529576e-13,7.271960811294775e-14,1.1978503837957768e-12,2.0690029713378832e-16,1
0.97,0.2,2,1-2-4,2.0,2.8,5.2,1.0,0.0,3.352873534367973e-14,1.5515366769136563e-14,8.563773146340382e-14,2.2379373945397556e-15,1
0.97,0.2,2,1-2-4,2.0,2.8,5.2,3.2,0.63,3.352873534367973e-14,1.6764367671839864e-14,2.7302142686884086e-13,4.1380059426757665e-16,1
0.97,0.2,2,1-3-4,2.0,3.8,5.2,1.0,0.0,1.4721557306529576e-13,7.965850201685498e-14,3.954850819945718e-13,3.7497549854303436e-16,1
0.97,0.2,2,1-3-4,2.0,3.8,5.2,3.2,0.63,1.4721557306529576e-13,8.032463583163008e-14,1.2651653438719297e-12,0.0,1
0.97,0.2,2,2-3-4,2.8,3.8,5.2,1.0,0.0,1.4721557306529576e-13,8.856804178947186e-14,4.1301788724346716e-13,4.518954434689988e-16,1
0.97,0.2,2,2-3-4,2.8,3.8,5.2,3.2,0.63,1.4721557306529576e-13,8.854028621385623e-14,1.3209990979534094e-12,1.6711334598592574e-16,1
0.97,0.2,1,0-1-2,0.7,1.0,1.4,1.0,0.0,1.4721557306529576e-13,3.136380044566067e-14,3.3006960396913095e-13,6.095558412285429e-16,1
0.97,0.2,1,0-1-2,0.7,1.0,1.4,3.2,0.63,1.4721557306529576e-13,3.1530333899354446e-14,1.0573111501451723e-12,0.0,1
0.97,0.2,1,0-1-3,0.7,1.0,1.9,1.0,0.0,3.352873534367973e-14,7.077671781985373e-15,7.471932927581089e-14,4.0637056081902865e-16,1
0.97,0.2,1,0-1-3,0.7,1.0,1.9,3.2,0.63,3.352873534367973e-14,7.271960811294775e-15,2.4059934130314773e-13,3.5131068104890585e-16,1
0.97,0.2,1,0-1-4,0.7,1.0,2.6,1.0,0.0,2.3314683517128287e-14,5.023759186428833e-15,5.2854079129371915e-14,2.0318528040951434e-15,1
0.97,0.2,1,0-1-4,0.7,1.0,2.6,3.2,0.63,2.3314683517128287e-14,4.884981308350689e-15,1.6824652471082982e-13,7.026213620978117e-16,1
0.97,0.2,1,0-2-3,0.7,1.4,1.9,1.0,0.0,1.4721557306529576e-13,3.808064974464287e-14,3.497343505429261e-13,2.6278630656852744e-16,1
0.97,0.2,1,0-2-3,0.7,1.4,1.9,3.2,0.63,1.4721557306529576e-13,3.83026943495679e-14,1.117711514752972e-12,2.271809162180651e-16,1
0.97,0.2,1,0-2-4,0.7,1.4,2.6,1.0,0.0,8.01581023779363e-14,2.0844437287337314e-14,1.8992450649315348e-13,1.7519087104568496e-16,1
0.97,0.2,1,0-2-4,0.7,1.4,2.6,3.2,0.63,8.01581023779363e-14,2.0594637106796654e-14,6.092514316664789e-13,4.543618324361302e-16,1
0.97,0.2,1,0-3-4,0.7,1.9,2.6,1.0,0.0,1.4721557306529576e-13,4.488076577047195e-14,3.705679154646914e-13,4.111660672760721e-16,1
0.97,0.2,1,0-3-4,0.7,1.9,2.6,3.2,0.63,1.4721557306529576e-13,4.4853010194856324e-14,1.185496457613513e-12,0.0,1
0.97,0.2,1,1-2-3,1.0,1.4,1.9,1.0,0.0,1.4721557306529576e-13,4.390932062392494e-14,3.665431874969056e-13,6.159054247975549e-16,1
0.97,0.2,1,1-2-3,1.0,1.4,1.9,3.2,0.63,1.4721557306529576e-13,4.424238753131249e-14,1.1694167526965945e-12,2.6622764430972597e-16,1
0.97,0.2,1,1-2-4,1.0,1.4,2.6,1.0,0.0,3.352873534367973e-14,9.853229343548264e-15,8.42875734065166e-14,3.0795271239877747e-16,1
0.97,0.2,1,1-2-4,1.0,1.4,2.6,3.2,0.63,3.352873534367973e-14,1.0269562977782698e-14,2.6593380474731826e-13,1.0649105772389039e-15,1
0.97,0.2,1,1-3-4,1.0,1.9,2.6,1.0,0.0,1.4721557306529576e-13,5.037636974236648e-14,3.8648380007427723e-13,5.503864270312613e-16,1
0.97,0.2,1,1-3-4,1.0,1.9,2.6,3.2,0.63,1.4721557306529576e-13,5.0459636469213365e-14,1.2356566801127334e-12,1.1895339448970005e-16,1
0.97,0.2,1,2-3-4,1.4,1.9,2.6,1.0,0.0,1.4721557306529576e-13,5.676015213396113e-14,4.035700399679764e-13,1.1193001653112948e-15,1
0.97,0.2,1,2-3-4,1.4,1.9,2.6,3.2,0.63,1.4721557306529576e-13,5.6316062924111066e-14,1.2929731130648315e-12,1.0751601870774614e-16,1
0.97,0.2,2,0-1-2,1.4,2.0,2.8,1.0,0.0,1.4721557306529576e-13,5.775935285612377e-14,4.120579108042467e-13,5.655800821940298e-16,1
0.97,0.2,2,0-1-2,1.4,2.0,2.8,3.2,0.63,1.4721557306529576e-13,5.750955267558311e-14,1.3157908399551788e-12,9.5270340534629e-17,1
0.97,0.2,2,0-1-3,1.4,2.0,3.8,1.0,0.0,3.352873534367973e-14,1.3378187446733136e-14,9.361464797313026e-14,3.770533881293532e-16,1
0.97,0.2,2,0-1-3,1.4,2.0,3.8,3.2,0.63,3.352873534367973e-14,1.3100631690576847e-14,2.975391077790875e-13,3.81081362138516e-16,1
0.97,0.2,2,0-1-4,1.4,2.0,5.2,1.0,0.0,2.3314683517128287e-14,8.743006318923108e-15,6.538374767951871e-14,1.5082135525174128e-15,1
0.97,0.2,2,0-1-4,1.4,2.0,5.2,3.2,0.63,2.3314683517128287e-14,9.076073226310655e-15,2.1177841042151042e-13,7.62162724277032e-16,1
0.97,0.2,2,0-2-3,1.4,2.8,3.8,1.0,0.0,1.4721557306529576e-13,6.511458039426543e-14,4.383712906413598e-13,1.6255191164432127e-16,1
0.97,0.2,2,0-2-3,1.4,2.8,3.8,3.2,0.63,1.4721557306529576e-13,6.533662499919046e-14,1.403985771894544e-12,8.214420803240004e-17,1
0.97,0.2,2,0-2-4,1.4,2.8,5.2,1.0,0.0,8.01581023779363e-14,3.5638159090467525e-14,2.3937736934070594e-13,1.6255191164432127e-16,1
0.97,0.2,2,0-2-4,1.4,2.8,5.2,3.2,0.63,8.01581023779363e-14,3.533284775869561e-14,7.651609725504827e-13,1.6428841606480008e-16,1
0.97,0.2,2,0-3-4,1.4,3.8,5.2,1.0,0.0,1.4721557306529576e-13,7.277511926417901e-14,4.664816830718365e-13,1.9075146393208532e-16,1
0.97,0.2,2,0-3-4,1.4,3.8,5.2,3.2,0.63,1.4721557306529576e-13,7.291389714225716e-14,1.492399105018169e-12,0.0,1
0.97,0.2,2,1-2-3,2.0,2.8,3.8,1.0,0.0,1.4721557306529576e-13,7.16093850883226e-14,4.593147093920603e-13,4.286036863480856e-16,1
0.97,0.2,2,1-2-3,2.0,2.8,3.8,3.2,0.63,1.4721557306529576e-13,7.258083023486961e-14,1.4722113412265181e-12,7.21970600421023e-17,1
0.97,0.2,2,1-2-4,2.0,2.8,5.2,1.0,0.0,3.352873534367973e-14,1.5959455978986625e-14,1.0455118239794374e-13,5.714715817974475e-16,1
0.97,0.2,2,1-2-4,2.0,2.8,5.2,3.2,0.63,3.352873534367973e-14,1.6819878823071122e-14,3.3713508464764523e-13,1.443941200842046e-16,1
0.97,0.2,2,1-3-4,2.0,3.8,5.2,1.0,0.0,1.4721557306529576e-13,7.97695243193175e-14,4.859308572085956e-13,1.2766984564179846e-16,1
0.97,0.2,2,1-3-4,2.0,3.8,5.2,3.2,0.63,1.4721557306529576e-13,8.007483565108942e-14,1.5556814562775156e-12,6.451685651542242e-17,1
0.97,0.2,2,2-3-4,2.8,3.8,5.2,1.0,0.0,1.4721557306529576e-13,8.870681966755001e-14,5.078882048099518e-13,4.615775303033401e-16,1
0.97,0.2,2,2-3-4,2.8,3.8,5.2,3.2,0.63,1.4721557306529576e-13,8.784639682346551e-14,1.6250245021438202e-12,0.0,1
0.97,0.8,1,0-1-2,0.7,1.0,1.4,1.0,0.0,1.4721557306529576e-13,1.071365218763276e-13,2.690941575646104e-13,3.7560511222991665e-16,1
0.97,0.8,1,0-1-2,0.7,1.0,1.4,3.2,0.63,1.4721557306529576e-13,1.0591527654923993e-13,8.622892892575714e-13,2.8513203265492955e-15,1
0.97,0.8,1,0-1-3,0.7,1.0,1.9,1.0,0.0,3.352873534367973e-14,2.398081733190338e-14,6.129035076770127e-14,7.512102244598333e-16,1
0.97,0.8,1,0-1-3,0.7,1.0,1.9,3.2,0.63,3.352873534367973e-14,2.2426505097428162e-14,1.9741001695468624e-13,4.514590517036385e-15,1
0.97,0.8,1,0-1-4,0.7,1.0,2.6,1.0,0.0,2.3314683517128287e-14,1.765254609153999e-14,4.262244372410064e-14,1.6902230050346248e-15,1
0.97,0.8,1,0-1-4,0.7,1.0,2.6,3.2,0.63,2.3314683517128287e-14,1.9095836023552692e-14,1.3505642919071472e-13,7.128300816373239e-15,1
0.97,0.8,1,0-2-3,0.7,1.4,1.9,1.0,0.0,1.4721557306529576e-13,1.3156142841808105e-13,2.844051682592698e-13,0.0,1
0.97,0.8,1,0-2-3,0.7,1.4,1.9,3.2,0.63,1.4721557306529576e-13,1.3145040611561853e-13,9.095311302363797e-13,2.048726539276771e-16,1
0.97,0.8,1,0-2-4,0.7,1.4,2.6,1.0,0.0,8.01581023779363e-14,7.194245199571014e-14,1.549534501008725e-13,3.2385508757400146e-16,1
0.97,0.8,1,0-2-4,0.7,1.4,2.6,3.2,0.63,8.01581023779363e-14,7.216449660063518e-14,4.963638160851638e-13,4.097453078553542e-16,1
0.97,0.8,1,0-3-4,0.7,1.9,2.6,1.0,0.0,1.4721557306529576e-13,1.5520917884259688e-13,3.0160002856573966e-13,1.4251408541975291e-16,1
0.97,0.8,1,0-3-4,0.7,1.9,2.6,3.2,0.63,1.4721557306529576e-13,1.5543122344752192e-13,9.652984620004712e-13,0.0,1
0.97,0.8,1,1-2-3,1.0,1.4,1.9,1.0,0.0,1.4721557306529576e-13,1.5065726444163374e-13,2.9743620900376486e-13,1.4231913462053335e-16,1
0.97,0.8,1,1-2-3,1.0,1.4,1.9,3.2,0.63,1.4721557306529576e-13,1.5232259897857148e-13,9.504198026650134e-13,1.4405108918469104e-15,1
0.97,0.8,1,1-2-4,1.0,1.4,2.6,1.0,0.0,3.352873534367973e-14,3.452793606584237e-14,6.78229966302619e-14,0.0,1
0.97,0.8,1,1-2-4,1.0,1.4,2.6,3.2,0.63,3.352873534367973e-14,3.574918139293004e-14,2.1501119236889334e-13,3.2411495066555484e-15,1
0.97,0.8,1,1-3-4,1.0,1.9,2.6,1.0,0.0,1.4721557306529576e-13,1.7263968032921184e-13,3.143651938722026e-13,1.2717946107995936e-16,1
0.97,0.8,1,1-3-4,1.0,1.9,2.6,3.2,0.63,1.4721557306529576e-13,1.7352785874891197e-13,1.0058692166894196e-12,3.2181793297397864e-16,1
0.97,0.8,1,2-3-4,1.4,1.9,2.6,1.0,0.0,1.4721557306529576e-13,1.9129142714291447e-13,3.2903624287411573e-13,3.4485344555420767e-16,1
0.97,0.8,1,2-3-4,1.4,1.9,2.6,3.2,0.63,1.4721557306529576e-13,1.91402449445377e-13,1.0536301718350104e-12,1.4543756002320094e-16,1
0.97,0.8,2,0-1-2,1.4,2.0,2.8,1.0,0.0,1.4721557306529576e-13,1.9462209621678994e-13,3.353432643121867e-13,2.7685821479691565e-16,1
0.97,0.8,2,0-1-2,1.4,2.0,2.8,3.2,0.63,1.4721557306529576e-13,1.9517720772910252e-13,1.0738159970304633e-12,2.730230531985245e-16,1
0.97,0.8,2,0-1-3,1.4,2.0,3.8,1.0,0.0,3.352873534367973e-14,4.4297898682543746e-14,7.635108352764145e-14,5.537164295938313e-16,1
0.97,0.8,2,0-1-3,1.4,2.0,3.8,3.2,0.63,3.352873534367973e-14,4.463096558993129e-14,2.4442754425631435e-13,2.730230531985245e-16,1
0.97,0.8,2,0-1-4,1.4,2.0,5.2,1.0,0.0,2.3314683517128287e-14,3.086420008457935e-14,5.319744000662463e-14,3.6914428639588753e-16,1
0.97,0.8,2,0-1-4,1.4,2.0,5.2,3.2,0.63,2.3314683517128287e-14,3.0753177782116836e-14,1.698314660101103e-13,0.0,1
0.97,0.8,2,0-2-3,1.4,2.8,3.8,1.0,0.0,1.4721557306529576e-13,2.2004620348070603e-13,3.5705021028473454e-13,3.9785552467734907e-16,1
0.97,0.8,2,0-2-3,1.4,2.8,3.8,3.2,0.63,1.4721557306529576e-13,2.2004620348070603e-13,1.143454368620053e-12,0.0,1
0.97,0.8,2,0-2-4,1.4,2.8,5.2,1.0,0.0,8.01581023779363e-14,1.1945999744966684e-13,1.9446626694540166e-13,1.5914220987093962e-16,1
0.97,0.8,2,0-2-4,1.4,2.8,5.2,3.2,0.63,8.01581023779363e-14,1.197930643570544e-13,6.222044837654814e-13,2.3540655311742806e-16,1
0.97,0.8,2,0-3-4,1.4,3.8,5.2,1.0,0.0,1.4721557306529576e-13,2.44582132324922e-13,3.798561193840264e-13,2.801253691746053e-16,1
0.97,0.8,2,0-3-4,1.4,3.8,5.2,3.2,0.63,1.4721557306529576e-13,2.4491519923230953e-13,1.2157735168161953e-12,1.381224747593558e-16,1
0.97,0.8,2,1-2-3,2.0,2.8,3.8,1.0,0.0,1.4721557306529576e-13,2.410294186461215e-13,3.742213187767837e-13,9.790976101111437e-16,1
0.97,0.8,2,1-2-3,2.0,2.8,3.8,3.2,0.63,1.4721557306529576e-13,2.4014124022642136e-13,1.1987769539859727e-12,2.0690029713378835e-16,1
0.97,0.8,2,1-2-4,2.0,2.8,5.2,1.0,0.0,3.352873534367973e-14,5.540012892879531e-14,8.533824444866822e-14,1.1189686972698786e-15,1
0.97,0.8,2,1-2-4,2.0,2.8,5.2,3.2,0.63,3.352873534367973e-14,5.440092820663267e-14,2.7439008760199677e-13,8.276011885351534e-16,1
0.97,0.8,2,1-3-4,2.0,3.8,5.2,1.0,0.0,1.4721557306529576e-13,2.6345592374354965e-13,3.9568521874914775e-13,2.499836656953563e-16,1
0.97,0.8,2,1-3-4,2.0,3.8,5.2,3.2,0.63,1.4721557306529576e-13,2.637889906509372e-13,1.2664842085157368e-12,1.8489058661660972e-16,1
0.97,0.8,2,2-3-4,2.8,3.8,5.2,1.0,0.0,1.4721557306529576e-13,2.829958489769524e-13,4.136097435230486e-13,1.1297386086724971e-15,1
0.97,0.8,2,2-3-4,2.8,3.8,5.2,3.2,0.63,1.4721557306529576e-13,2.851052727237402e-13,1.323196814519986e-12,1.6711334598592586e-16,1
0.97,0.8,1,0-1-2,0.7,1.0,1.4,1.0,0.0,1.4721557306529576e-13,1.0602629885170245e-13,3.3106880378964027e-13,1.422296962866599e-15,1
0.97,0.8,1,0-1-2,0.7,1.0,1.4,3.2,0.63,1.4721557306529576e-13,1.0580425424677742e-13,1.060643651115557e-12,2.8104854483912457e-15,1
0.97,0.8,1,0-1-3,0.7,1.0,1.9,1.0,0.0,3.352873534367973e-14,2.3092638912203256e-14,7.572534930698364e-14,1.8286675236856274e-15,1
0.97,0.8,1,0-1-3,0.7,1.0,1.9,3.2,0.63,3.352873534367973e-14,2.2315482794965646e-14,2.432020003035769e-13,4.567038853635774e-15,1
0.97,0.8,1,0-1-4,0.7,1.0,2.6,1.0,0.0,2.3314683517128287e-14,1.8762769116165146e-14,5.198879375897744e-14,4.063705608190283e-15,1
0.97,0.8,1,0-1-4,0.7,1.0,2.6,3.2,0.63,2.3314683517128287e-14,1.9206858326015208e-14,1.6516909989042205e-13,7.728834983075925e-15,1
0.97,0.8,1,0-2-3,0.7,1.4,1.9,1.0,0.0,1.4721557306529576e-13,1.3100631690576847e-13,3.494303467638891e-13,1.7519087104568484e-16,1
0.97,0.8,1,0-2-3,0.7,1.4,1.9,3.2,0.63,3.0753177782116836e-13,2.757793993168889e-13,2.337174681936286e-12,0.0,1
0.97,0.8,1,0-2-4,0.7,1.4,2.6,1.0,0.0,8.01581023779363e-14,7.249756350802272e-14,1.9032020664760524e-13,1.7519087104568484e-16,1
0.97,0.8,1,0-2-4,0.7,1.4,2.6,3.2,0.63,8.01581023779363e-14,7.249756350802272e-14,6.096491302494515e-13,1.5145394414537665e-16,1
0.97,0.8,1,0-3-4,0.7,1.9,2.6,1.0,0.0,1.4721557306529576e-13,1.5487611193520934e-13,3.70780849606007e-13,2.0558303363803599e-16,1
0.97,0.8,1,0-3-4,0.7,1.9,2.6,3.2,0.63,1.4721557306529576e-13,1.5520917884259688e-13,1.1866849792128692e-12,8.886410892304065e-17,1
0.97,0.8,1,1-2-3,1.0,1.4,1.9,1.0,0.0,1.4721557306529576e-13,1.509903313490213e-13,3.6545157522325856e-13,7.698817809969434e-16,1
0.97,0.8,1,1-2-3,1.0,1.4,1.9,3.2,0.63,1.4721557306529576e-13,1.5165646516379638e-13,1.1680199670450692e-12,1.1980243993937664e-15,1
0.97,0.8,1,1-2-4,1.0,1.4,2.6,1.0,0.0,3.352873534367973e-14,3.452793606584237e-14,8.30848216493713e-14,6.159054247975546e-16,1
0.97,0.8,1,1-2-4,1.0,1.4,2.6,3.2,0.63,3.352873534367973e-14,3.519406988061746e-14,2.641435004659473e-13,2.3960487987875328e-15,1
0.97,0.8,1,1-3-4,1.0,1.9,2.6,1.0,0.0,1.4721557306529576e-13,1.724176357242868e-13,3.8633623699472315e-13,2.7519321351563056e-16,1
0.97,0.8,1,1-3-4,1.0,1.9,2.6,3.2,0.63,1.4721557306529576e-13,1.7341683644644945e-13,1.2362097223983329e-12,1.1895339448970008e-16,1
0.97,0.8,1,2-3-4,1.4,1.9,2.6,1.0,0.0,1.4721557306529576e-13,1.9040324872321435e-13,4.045204962157046e-13,1.2436668503458827e-15,1
0.97,0.8,1,2-3-4,1.4,1.9,2.6,3.2,0.63,1.4721557306529576e-13,1.91402449445377e-13,1.294897810201302e-12,1.0751601870774622e-16,1
0.97,0.8,2,0-1-2,1.4,2.0,2.8,1.0,0.0,1.4721557306529576e-13,1.9562129693895258e-13,4.130562792848422e-13,1.8852669406467675e-16,1
0.97,0.8,2,0-1-2,1.4,2.0,2.8,3.2,0.63,1.4721557306529576e-13,1.944000516118649e-13,1.3184491286561579e-12,5.716220432077743e-16,1
0.97,0.8,2,0-1-3,1.4,2.0,3.8,1.0,0.0,3.352873534367973e-14,4.5075054799781356e-14,9.497495641852806e-14,3.770533881293535e-16,1
0.97,0.8,2,0-1-3,1.4,2.0,3.8,3.2,0.63,3.352873534367973e-14,4.39648317751562e-14,2.994166730375494e-13,1.905406810692581e-16,1
0.97,0.8,2,0-1-4,1.4,2.0,5.2,1.0,0.0,2.3314683517128287e-14,3.019806626980426e-14,6.441934566356374e-14,3.770533881293535e-16,1
0.97,0.8,2,0-1-4,1.4,2.0,5.2,3.2,0.63,2.3314683517128287e-14,3.1308289294429414e-14,2.092192829051761e-13,5.716220432077743e-16,1
0.97,0.8,2,0-2-3,1.4,2.8,3.8,1.0,0.0,1.4721557306529576e-13,2.2004620348070603e-13,4.388249162883727e-13,0.0,1
0.97,0.8,2,0-2-3,1.4,2.8,3.8,3.2,0.63,1.4721557306529576e-13,2.2037927038809357e-13,1.4041056036360663e-12,3.2857683212960026e-16,1
0.97,0.8,2,0-2-4,1.4,2.8,5.2,1.0,0.0,8.01581023779363e-14,1.1968204205459188e-13,2.389655189924886e-13,0.0,1
0.97,0.8,2,0-2-4,1.4,2.8,5.2,3.2,0.63,8.01581023779363e-14,1.1945999744966684e-13,7.653496174988993e-13,4.928652481944004e-16,1
0.97,0.8,2,0-3-4,1.4,3.8,5.2,1.0,0.0,1.4721557306529576e-13,2.44804176929847e-13,4.664274726706583e-13,0.0,1
0.97,0.8,2,0-3-4,1.4,3.8,5.2,3.2,0.63,1.4721557306529576e-13,2.44804176929847e-13,1.4928941260697437e-12,4.819730440946021e-17,1
0.97,0.8,2,1-2-3,2.0,2.8,3.8,1.0,0.0,1.4721557306529576e-13,2.4003021792395884e-13,4.593591066234598e-13,0.0,1
0.97,0.8,2,1-2-3,2.0,2.8,3.8,3.2,0.63,1.4721557306529576e-13,2.4158453015843406e-13,1.4724301294379016e-12,8.663647205052278e-16,1
0.97,0.8,2,1-2-4,2.0,2.8,5.2,1.0,0.0,3.352873534367973e-14,5.4511950509095186e-14,1.0443487427179668e-13,2.857357908987239e-16,1
0.97,0.8,2,1-2-4,2.0,2.8,5.2,3.2,0.63,3.352873534367973e-14,5.6288307348495437e-14,3.367979711335436e-13,1.4439412008420462e-15,1
0.97,0.8,2,1-3-4,2.0,3.8,5.2,1.0,0.0,1.4721557306529576e-13,2.6356694604601216e-13,4.857171807317378e-13,1.2766984564179846e-16,1
0.97,0.8,2,1-3-4,2.0,3.8,5.2,3.2,0.63,1.4721557306529576e-13,2.6345592374354965e-13,1.5543236538700952e-12,1.2903371303084479e-16,1
0.97,0.8,2,2-3-4,2.8,3.8,5.2,1.0,0.0,1.4721557306529576e-13,2.8399504969911504e-13,5.074748321638142e-13,2.3078876515166997e-16,1
0.97,0.8,2,2-3-4,2.8,3.8,5.2,3.2,0.63,1.4721557306529576e-13,2.8255175976710234e-13,1.6228524262556342e-12,5.831355701814588e-16,1
0.97,2.0,1,0-1-2,0.7,1.0,1.4,1.0,0.0,1.4721557306529576e-13,2.575717417130363e-13,2.714921883049353e-13,2.9109396197818527e-15,1
0.97,2.0,1,0-1-2,0.7,1.0,1.4,3.2,0.63,1.4721557306529576e-13,2.611244553918368e-13,8.643674851652807e-13,0.0,1
0.97,2.0,1,0-1-3,0.7,1.0,1.9,1.0,0.0,3.352873534367973e-14,5.639932965095795e-14,6.367354692394839e-14,1.0329140586322703e-14,1
0.97,2.0,1,0-1-3,0.7,1.0,1.9,3.2,0.63,3.352873534367973e-14,5.995204332975845e-14,1.9927535302477027e-13,2.3761002721244167e-15,1
0.97,2.0,1,0-1-4,0.7,1.0,2.6,1.0,0.0,2.3314683517128287e-14,4.39648317751562e-14,4.030217580009845e-14,1.3146178928047078e-14,1
0.97,2.0,1,0-1-4,0.7,1.0,2.6,3.2,0.63,2.3314683517128287e-14,4.04121180963557e-14,1.331453217074456e-13,1.42566016327465e-15,1
0.97,2.0,1,0-2-3,0.7,1.4,1.9,1.0,0.0,3.0753177782116836e-13,6.679101716144942e-13,5.931345078651616e-13,2.2669856130180096e-15,1
0.97,2.0,1,0-2-3,0.7,1.4,1.9,3.2,0.63,1.4721557306529576e-13,3.184119634624949e-13,9.122259344578419e-13,1.0243632696383867e-15,1
0.97,2.0,1,0-2-4,0.7,1.4,2.6,1.0,0.0,8.01581023779363e-14,1.7541523789077473e-13,1.5376144995842597e-13,2.2669856130180096e-15,1
0.97,2.0,1,0-2-4,0.7,1.4,2.6,3.2,0.63,8.01581023779363e-14,1.7408297026122455e-13,4.933383414429024e-13,6.14617961783032e-16,1
0.97,2.0,1,0-3-4,0.7,1.9,2.6,1.0,0.0,1.4721557306529576e-13,3.7614356074300304e-13,3.018004425815758e-13,7.600751222386821e-16,1
0.97,2.0,1,0-3-4,0.7,1.9,2.6,3.2,0.63,1.4721557306529576e-13,3.7703173916270316e-13,9.65669408463588e-13,4.808280414673444e-16,1
0.97,2.0,1,1-2-3,1.0,1.4,1.9,1.0,0.0,1.4721557306529576e-13,3.632649736573512e-13,2.9768657096013734e-13,2.7752231251003987e-15,1
0.97,2.0,1,1-2-3,1.0,1.4,1.9,3.2,0.63,1.4721557306529576e-13,3.632649736573512e-13,9.530754545042378e-13,1.6205747533277754e-15,1
0.97,2.0,1,1-2-4,1.0,1.4,2.6,1.0,0.0,3.352873534367973e-14,8.171241461241152e-14,6.785370891805542e-14,9.962339423437329e-16,1
0.97,2.0,1,1-2-4,1.0,1.4,2.6,3.2,0.63,3.352873534367973e-14,8.171241461241152e-14,2.1758921147117903e-13,1.0803831688851836e-15,1
0.97,2.0,1,1-3-4,1.0,1.9,2.6,1.0,0.0,1.4721557306529576e-13,4.18332035678759e-13,3.1380472080343516e-13,1.716922724579452e-15,1
0.97,2.0,1,1-3-4,1.0,1.9,2.6,3.2,0.63,1.4721557306529576e-13,4.169997680492088e-13,1.0055654669449886e-12,8.045448324349464e-16,1
0.97,2.0,1,2-3-4,1.4,1.9,2.6,1.0,0.0,1.4721557306529576e-13,4.654054919228656e-13,3.280550343421536e-13,4.483094792204704e-15,1
0.97,2.0,1,2-3-4,1.4,1.9,2.6,3.2,0.63,1.4721557306529576e-13,4.627409566637652e-13,1.051364673942294e-12,2.1815634003480124e-15,1
0.97,2.0,2,0-1-2,1.4,2.0,2.8,1.0,0.0,1.4721557306529576e-13,4.689582056016661e-13,3.353432643121867e-13,1.0151467875886908e-15,1
0.97,2.0,2,0-1-2,1.4,2.0,2.8,3.2,0.63,1.4721557306529576e-13,4.707345624410664e-13,1.0723368043579835e-12,9.555806861948353e-16,1
0.97,2.0,2,0-1-3,1.4,2.0,3.8,1.0,0.0,3.352873534367973e-14,1.0658141036401503e-13,7.635108352764145e-14,1.8457214319794377e-16,1
0.97,2.0,2,0-1-3,1.4,2.0,3.8,3.2,0.63,3.352873534367973e-14,1.0746958878371515e-13,2.434277343129025e-13,1.365115265992622e-15,1
0.97,2.0,2,0-1-4,1.4,2.0,5.2,1.0,0.0,2.3314683517128287e-14,7.438494264988549e-14,5.319744000662463e-14,7.382885727917751e-16,1
0.97,2.0,2,0-1-4,1.4,2.0,5.2,3.2,0.63,2.3314683517128287e-14,7.416289804496046e-14,1.7126894991078997e-13,3.2762766383822927e-15,1
0.97,2.0,2,0-2-3,1.4,2.8,3.8,1.0,0.0,1.4721557306529576e-13,5.311306949806749e-13,3.57065468514706e-13,7.957110493546983e-16,1
0.97,2.0,2,0-2-3,1.4,2.8,3.8,3.2,0.63,1.4721557306529576e-13,5.289102489314246e-13,1.142225159808053e-12,1.17703276558714e-16,1
0.97,2.0,2,0-2-4,1.4,2.8,5.2,1.0,0.0,8.01581023779363e-14,2.871036741680655e-13,1.9460942925552145e-13,7.957110493546983e-16,1
0.97,2.0,2,0-2-4,1.4,2.8,5.2,3.2,0.63,8.01581023779363e-14,2.8888003100746573e-13,6.234041380898783e-13,2.35406553117428e-16,1
0.97,2.0,2,0-3-4,1.4,3.8,5.2,1.0,0.0,1.4721557306529576e-13,5.88862292261183e-13,3.796561525101645e-13,2.8012536917460524e-16,1
0.97,2.0,2,0-3-4,1.4,3.8,5.2,3.2,0.63,1.4721557306529576e-13,5.88862292261183e-13,1.2144273095192845e-12,2.7624494951871145e-16,1
0.97,2.0,2,1-2-3,2.0,2.8,3.8,1.0,0.0,1.4721557306529576e-13,5.786482404346316e-13,3.7401837225498435e-13,1.9581952202222882e-15,1
0.97,2.0,2,1-2-3,2.0,2.8,3.8,3.2,0.63,1.4721557306529576e-13,5.74651437545981e-13,1.198042813030897e-12,6.207008914013649e-16,1
0.97,2.0,2,1-2-4,2.0,2.8,5.2,1.0,0.0,3.352873534367973e-14,1.3455903058456897e-13,8.524438136554804e-14,2.5176795688572277e-15,1
0.97,2.0,2,1-2-4,2.0,2.8,5.2,3.2,0.63,3.352873534367973e-14,1.3011813848606835e-13,2.73151417735599e-13,1.0345014856689415e-15,1
0.97,2.0,2,1-3-4,2.0,3.8,5.2,1.0,0.0,1.4721557306529576e-13,6.31050767196939e-13,3.954850819945718e-13,3.749754985430344e-16,1
0.97,2.0,2,1-3-4,2.0,3.8,5.2,3.2,0.63,1.4721557306529576e-13,6.301625887772389e-13,1.2652003581547848e-12,1.8489058661660962e-16,1
0.97,2.0,2,2-3-4,2.8,3.8,5.2,1.0,0.0,1.4721557306529576e-13,6.732392421326949e-13,4.1316590376119636e-13,1.6946079130087444e-15,1
0.97,2.0,2,2-3-4,2.8,3.8,5.2,3.2,0.63,1.4721557306529576e-13,6.772360450213455e-13,1.3209990979534094e-12,6.684533839437029e-16,1
0.97,2.0,1,0-1-2,0.7,1.0,1.4,1.0,0.0,1.4721557306529576e-13,2.5845992013273644e-13,3.325117958752344e-13,2.0318528040951418e-15,1
0.97,2.0,1,0-1-2,0.7,1.0,1.4,3.2,0.63,1.4721557306529576e-13,2.5934809855243657e-13,1.0624665200620458e-12,1.2295873836711713e-15,1
0.97,2.0,1,0-1-3,0.7,1.0,1.9,1.0,0.0,3.352873534367973e-14,5.728750807065808e-14,7.716848701410009e-14,6.29874369269494e-15,1
0.97,2.0,1,0-1-3,0.7,1.0,1.9,3.2,0.63,3.352873534367973e-14,5.861977570020827e-14,2.455010144498838e-13,4.742694194160232e-15,1
0.97,2.0,1,0-1-4,0.7,1.0,2.6,1.0,0.0,2.3314683517128287e-14,4.3298697960381105e-14,5.042808479005607e-14,8.940152338018625e-15,1
0.97,2.0,1,0-1-4,0.7,1.0,2.6,3.2,0.63,2.3314683517128287e-14,4.241051954068098e-14,1.6360634642421563e-13,6.32359225888031e-15,1
0.97,2.0,1,0-2-3,0.7,1.4,1.9,1.0,0.0,1.4721557306529576e-13,3.1796787425264483e-13,3.5044577987682265e-13,1.1387406617969511e-15,1
0.97,2.0,1,0-2-3,0.7,1.4,1.9,3.2,0.63,1.4721557306529576e-13,3.184119634624949e-13,1.120558169145648e-12,1.1359045810903256e-15,1
0.97,2.0,1,0-2-4,0.7,1.4,2.6,1.0,0.0,8.01581023779363e-14,1.7497114868092467e-13,1.8943632371648163e-13,1.4015269683654783e-15,1
0.97,2.0,1,0-2-4,0.7,1.4,2.6,3.2,0.63,8.01581023779363e-14,1.745270594710746e-13,6.070597571686713e-13,1.3630854973083907e-15,1
0.97,2.0,1,0-3-4,0.7,1.9,2.6,1.0,0.0,1.4721557306529576e-13,3.7569947153315297e-13,3.7081907734545397e-13,2.0558303363803606e-16,1
0.97,2.0,1,0-3-4,0.7,1.9,2.6,3.2,0.63,1.4721557306529576e-13,3.765876499528531e-13,1.1856919937366667e-12,2.6659232676912193e-16,1
0.97,2.0,1,1-2-3,1.0,1.4,1.9,1.0,0.0,1.4721557306529576e-13,3.6415315207705135e-13,3.6582091258645403e-13,1.2318108495951089e-15,1
0.97,2.0,1,1-2-3,1.0,1.4,1.9,3.2,0.63,1.4721557306529576e-13,3.632649736573512e-13,1.169841321447965e-12,1.4642520437034928e-15,1
0.97,2.0,1,1-2-4,1.0,1.4,2.6,1.0,0.0,3.352873534367973e-14,8.260059303211165e-14,8.359854050507848e-14,6.159054247975544e-16,1
0.97,2.0,1,1-2-4,1.0,1.4,2.6,3.2,0.63,3.352873534367973e-14,8.260059303211165e-14,2.6665375341653974e-13,1.0649105772389039e-15,1
0.97,2.0,1,1-3-4,1.0,1.9,2.6,1.0,0.0,1.4721557306529576e-13,4.1744385725905886e-13,3.8589322516385474e-13,6.879830337890767e-16,1
0.97,2.0,1,1-3-4,1.0,1.9,2.6,3.2,0.63,1.4721557306529576e-13,4.18332035678759e-13,1.234897931159167e-12,7.137203669382001e-16,1
0.97,2.0,1,2-3-4,1.4,1.9,2.6,1.0,0.0,1.4721557306529576e-13,4.622968674539152e-13,4.035360144268304e-13,1.865500275518826e-15,1
0.97,2.0,1,2-3-4,1.4,1.9,2.6,3.2,0.63,1.4721557306529576e-13,4.627409566637652e-13,1.2905611612421943e-12,1.9352883367394303e-15,1
0.97,2.0,2,0-1-2,1.4,2.0,2.8,1.0,0.0,1.4721557306529576e-13,4.707345624410664e-13,4.1145657659479457e-13,3.7705338812935344e-16,1
0.97,2.0,2,0-1-2,1.4,2.0,2.8,3.2,0.63,1.4721557306529576e-13,4.720668300706166e-13,1.3154857356229572e-12,1.6195957890886942e-15,1
0.97,2.0,2,0-1-3,1.4,2.0,3.8,1.0,0.0,3.352873534367973e-14,1.0835776720341528e-13,9.337398066742454e-14,2.2623203287761206e-15,1
0.97,2.0,2,0-1-3,1.4,2.0,3.8,3.2,0.63,3.352873534367973e-14,1.0969003483296547e-13,2.968676579618268e-13,3.4297322592466467e-15,1
0.97,2.0,2,0-1-4,1.4,2.0,5.2,1.0,0.0,2.3314683517128287e-14,7.283063041541027e-14,6.57686974065407e-14,3.0164271050348275e-15,1
0.97,2.0,2,0-1-4,1.4,2.0,5.2,3.2,0.63,2.3314683517128287e-14,7.149836278586008e-14,2.1250875169035707e-13,6.668923837424035e-15,1
0.97,2.0,2,0-2-3,1.4,2.8,3.8,1.0,0.0,1.4721557306529576e-13,5.306866057708248e-13,4.3858296511644334e-13,6.502076465772859e-16,1
0.97,2.0,2,0-2-3,1.4,2.8,3.8,3.2,0.63,1.4721557306529576e-13,5.32018873400375e-13,1.4039714616330202e-12,2.4643262409720023e-16,1
0.97,2.0,2,0-2-4,1.4,2.8,5.2,1.0,0.0,8.01581023779363e-14,2.871036741680655e-13,2.393174512295352e-13,9.753114698659287e-16,1
0.97,2.0,2,0-2-4,1.4,2.8,5.2,3.2,0.63,8.01581023779363e-14,2.8621549574836536e-13,7.654931317574414e-13,9.035862883564008e-16,1
0.97,2.0,2,0-3-4,1.4,3.8,5.2,1.0,0.0,1.4721557306529576e-13,5.88862292261183e-13,4.664274726706583e-13,0.0,1
0.97,2.0,2,0-3-4,1.4,3.8,5.2,3.2,0.63,1.4721557306529576e-13,5.901945598907332e-13,1.4921423884820228e-12,3.8557843527568177e-16,1
0.97,2.0,2,1-2-3,2.0,2.8,3.8,1.0,0.0,1.4721557306529576e-13,5.773159728050814e-13,4.597798689554467e-13,1.0000752681455349e-15,1
0.97,2.0,2,1-2-3,2.0,2.8,3.8,3.2,0.63,1.4721557306529576e-13,5.777600620149315e-13,1.473677992104747e-12,1.4439412008420465e-16,1
0.97,2.0,2,1-2-4,2.0,2.8,5.2,1.0,0.0,3.352873534367973e-14,1.3322676295501878e-13,1.0512446157408443e-13,1.428678954493621e-15,1
0.97,2.0,2,1-2-4,2.0,2.8,5.2,3.2,0.63,3.352873534367973e-14,1.3322676295501878e-13,3.379565571441769e-13,1.4439412008420465e-16,1
0.97,2.0,2,1-3-4,2.0,3.8,5.2,1.0,0.0,1.4721557306529576e-13,6.306066779870889e-13,4.859308572085956e-13,1.2766984564179846e-16,1
0.97,2.0,2,1-3-4,2.0,3.8,5.2,3.2,0.63,1.4721557306529576e-13,6.31050767196939e-13,1.554848348017285e-12,1.9355056954626718e-16,1
0.97,2.0,2,2-3-4,2.8,3.8,5.2,1.0,0.0,1.4721557306529576e-13,6.741274205523951e-13,5.075914414106383e-13,9.231550606066793e-16,1
0.97,2.0,2,2-3-4,2.8,3.8,5.2,3.2,0.63,1.4721557306529576e-13,6.763478666016454e-13,1.6229184275382952e-12,4.665084561451671e-16,1
1.0,0.2,1,0-1-2,0.7,1.0,1.4,1.0,0.0,0.0,2.7755575615628914e-17,2.482534153247273e-16,1.8503717077085936e-16,1
1.0,0.2,1,0-1-2,0.7,1.0,1.4,3.2,0.63,0.0,3.885780586188048e-16,1.3322676295501878e-15,4.445334527767741e-16,1
1.0,0.2,1,0-1-3,0.7,1.0,1.9,1.0,0.0,0.0,2.7755575615628914e-17,2.482534153247273e-16,2.7755575615628904e-16,1
1.0,0.2,1,0-1-3,0.7,1.0,1.9,3.2,0.63,0.0,3.885780586188048e-16,1.3322676295501878e-15,1.1113336319419353e-15,1
1.0,0.2,1,0-1-4,0.7,1.0,2.6,1.0,0.0,0.0,2.7755575615628914e-17,2.482534153247273e-16,1.8503717077085936e-16,1
1.0,0.2,1,0-1-4,0.7,1.0,2.6,3.2,0.63,0.0,3.885780586188048e-16,1.3322676295501878e-15,1.7781338111070965e-15,1
1.0,0.2,1,0-2-3,0.7,1.4,1.9,1.0,0.0,0.0,0.0,2.237726045655905e-16,2.775557561562891e-16,1
1.0,0.2,1,0-2-3,0.7,1.4,1.9,3.2,0.63,0.0,2.220446049250313e-16,4.440892098500626e-16,1.905143369043318e-16,1
1.0,0.2,1,0-2-4,0.7,1.4,2.6,1.0,0.0,0.0,0.0,2.237726045655905e-16,3.172065784643304e-16,1
1.0,0.2,1,0-2-4,0.7,1.4,2.6,3.2,0.63,0.0,2.220446049250313e-16,4.440892098500626e-16,1.905143369043318e-16,1
1.0,0.2,1,0-3-4,0.7,1.9,2.6,1.0,0.0,0.0,2.220446049250313e-16,2.3714374201337736e-16,4.625929269271486e-17,1
1.0,0.2,1,0-3-4,0.7,1.9,2.6,3.2,0.63,0.0,2.220446049250313e-16,1.6011864169946884e-15,0.0,1
1.0,0.2,1,1-2-3,1.0,1.4,1.9,1.0,0.0,0.0,1.1102230246251565e-16,2.2887833992611187e-16,5.551115123125783e-16,1
1.0,0.2,1,1-2-3,1.0,1.4,1.9,3.2,0.63,0.0,1.1102230246251565e-16,4.440892098500626e-16,6.668001791651615e-16,1
1.0,0.2,1,1-2-4,1.0,1.4,2.6,1.0,0.0,0.0,1.1102230246251565e-16,2.2887833992611187e-16,8.326672684688675e-16,1
1.0,0.2,1,1-2-4,1.0,1.4,2.6,3.2,0.63,0.0,1.1102230246251565e-16,4.440892098500626e-16,6.668001791651615e-16,1
1.0,0.2,1,1-3-4,1.0,1.9,2.6,1.0,0.0,0.0,2.498001805406602e-16,2.618455766672135e-16,1.2335811384723965e-16,1
1.0,0.2,1,1-3-4,1.0,1.9,2.6,3.2,0.63,0.0,8.326672684688674e-17,1.4043333874306805e-15,2.96355635184516e-16,1
1.0,0.2,1,2-3-4,1.4,1.9,2.6,1.0,0.0,0.0,6.38378239159465e-16,5.23691153334427e-16,4.440892098500628e-16,1
1.0,0.2,1,2-3-4,1.4,1.9,2.6,3.2,0.63,0.0,4.996003610813204e-16,2.7012892057857038e-15,9.335202508312247e-16,1
1.0,0.2,2,0-1-2,1.4,2.0,2.8,1.0,0.0,0.0,4.163336342344337e-16,3.3766115072321297e-16,4.487151391193342e-16,1
1.0,0.2,2,0-1-2,1.4,2.0,2.8,3.2,0.63,0.0,6.106226635438361e-16,1.616509124176106e-15,8.852119484526329e-16,1
1.0,0.2,2,0-1-3,1.4,2.0,3.8,1.0,0.0,0.0,4.163336342344337e-16,3.3766115072321297e-16,5.384581669432011e-16,1
1.0,0.2,2,0-1-3,1.4,2.0,3.8,3.2,0.63,0.0,6.106226635438361e-16,1.616509124176106e-15,1.2645884977894754e-15,1
1.0,0.2,2,0-1-4,1.4,2.0,5.2,1.0,0.0,0.0,4.163336342344337e-16,3.3766115072321297e-16,0.0,1
1.0,0.2,2,0-1-4,1.4,2.0,5.2,3.2,0.63,0.0,6.106226635438361e-16,1.616509124176106e-15,2.0233415964631606e-15,1
1.0,0.2,2,0-2-3,1.4,2.8,3.8,1.0,0.0,0.0,2.7755575615628914e-17,2.482534153247273e-16,1.5384519055520028e-16,1
1.0,0.2,2,0-2-3,1.4,2.8,3.8,3.2,0.63,0.0,1.1102230246251565e-16,4.965068306494546e-16,1.0839329981052648e-16,1
1.0,0.2,2,0-2-4,1.4,2.8,5.2,1.0,0.0,0.0,2.7755575615628914e-17,2.482534153247273e-16,4.615355716656008e-16,1
1.0,0.2,2,0-2-4,1.4,2.8,5.2,3.2,0.63,0.0,1.1102230246251565e-16,4.965068306494546e-16,0.0,1
1.0,0.2,2,0-3-4,1.4,3.8,5.2,1.0,0.0,0.0,1.3877787807814457e-16,1.2412670766236366e-16,1.7948605564773367e-16,1
1.0,0.2,2,0-3-4,1.4,3.8,5.2,3.2,0.63,0.0,2.498001805406602e-16,4.440892098500626e-16,1.2645884977894756e-16,1
1.0,0.2,2,1-2-3,2.0,2.8,3.8,1.0,0.0,0.0,4.718447854656915e-16,2.9893669801409083e-16,5.38458166943201e-16,1
1.0,0.2,2,1-2-3,2.0,2.8,3.8,3.2,0.63,0.0,9.43689570931383e-16,2.1868857395626282e-15,7.587530986736854e-16,1
1.0,0.2,2,1-2-4,2.0,2.8,5.2,1.0,0.0,0.0,4.718447854656915e-16,2.9893669801409083e-16,1.3461454173580023e-15,1
1.0,0.2,2,1-2-4,2.0,2.8,5.2,3.2,0.63,0.0,9.43689570931383e-16,2.1868857395626282e-15,1.138129648010528e-15,1
1.0,0.2,2,1-3-4,2.0,3.8,5.2,1.0,0.0,0.0,0.0,1.5700924586837752e-16,1.1965737043182245e-16,1
1.0,0.2,2,1-3-4,2.0,3.8,5.2,3.2,0.63,0.0,1.3877787807814457e-16,4.440892098500626e-16,1.686117997052634e-16,1
1.0,0.2,2,2-3-4,2.8,3.8,5.2,1.0,0.0,0.0,5.551115123125783e-16,1.2412670766236366e-16,1.0769163338864019e-16,1
1.0,0.2,2,2-3-4,2.8,3.8,5.2,3.2,0.63,0.0,9.992007221626409e-16,1.616509124176106e-15,4.552518592042113e-16,1
1.0,0.2,1,0-1-2,0.7,1.0,1.4,1.0,0.0,0.0,1.3877787807814457e-16,7.447602459741819e-16,8.141635513917818e-16,1
1.0,0.2,1,0-1-2,0.7,1.0,1.4,3.2,0.63,0.0,3.3306690738754696e-16,1.9860273225978185e-15,5.030978916681526e-16,1
1.0,0.2,1,0-1-3,0.7,1.0,1.9,1.0,0.0,0.0,1.3877787807814457e-16,7.447602459741819e-16,6.106226635438364e-16,1
1.0,0.2,1,0-1-3,0.7,1.0,1.9,3.2,0.63,0.0,3.3306690738754696e-16,1.9860273225978185e-15,1.0061957833363052e-15,1
1.0,0.2,1,0-1-4,0.7,1.0,2.6,1.0,0.0,0.0,1.3877787807814457e-16,7.447602459741819e-16,1.2212453270876728e-15,1
1.0,0.2,1,0-1-4,0.7,1.0,2.6,3.2,0.63,0.0,3.3306690738754696e-16,1.9860273225978185e-15,1.0061957833363052e-15,1
1.0,0.2,1,0-2-3,0.7,1.4,1.9,1.0,0.0,0.0,1.942890293094024e-16,2.482534153247273e-16,8.723180907769086e-16,1
1.0,0.2,1,0-2-3,0.7,1.4,1.9,3.2,0.63,0.0,1.3877787807814457e-16,6.661338147750939e-16,0.0,1
1.0,0.2,1,0-2-4,0.7,1.4,2.6,1.0,0.0,0.0,1.942890293094024e-16,2.482534153247273e-16,5.233908544661451e-16,1
1.0,0.2,1,0-2-4,0.7,1.4,2.6,3.2,0.63,0.0,1.3877787807814457e-16,6.661338147750939e-16,1.4374225476232938e-16,1
1.0,0.2,1,0-3-4,0.7,1.9,2.6,1.0,0.0,0.0,1.3877787807814457e-16,4.440892098500626e-16,5.088522196198636e-16,1
1.0,0.2,1,0-3-4,0.7,1.9,2.6,3.2,0.63,0.0,1.6653345369377348e-16,9.930136612989092e-16,1.6769929722271756e-16,1
1.0,0.2,1,1-2-3,1.0,1.4,1.9,1.0,0.0,0.0,6.661338147750939e-16,1.1102230246251565e-15,1.6792123247455483e-15,1
1.0,0.2,1,1-2-3,1.0,1.4,1.9,3.2,0.63,0.0,1.6653345369377348e-16,8.005932084973442e-16,1.2577447291703825e-16,1
1.0,0.2,1,1-2-4,1.0,1.4,2.6,1.0,0.0,0.0,6.661338147750939e-16,1.1102230246251565e-15,1.5265566588595893e-15,1
1.0,0.2,1,1-2-4,1.0,1.4,2.6,3.2,0.63,0.0,1.6653345369377348e-16,8.005932084973442e-16,5.03097891668153e-16,1
1.0,0.2,1,1-3-4,1.0,1.9,2.6,1.0,0.0,0.0,2.498001805406602e-16,4.440892098500626e-16,6.78469626159818e-16,1
1.0,0.2,1,1-3-4,1.0,1.9,2.6,3.2,0.63,0.0,1.6653345369377348e-16,9.155133597044475e-16,3.353985944454351e-16,1
1.0,0.2,1,2-3-4,1.4,1.9,2.6,1.0,0.0,0.0,1.4155343563970746e-15,1.2560739669470201e-15,1.9539925233402772e-15,1
1.0,0.2,1,2-3-4,1.4,1.9,2.6,3.2,0.63,0.0,5.551115123125783e-17,2.318213734067276e-15,6.03717470001783e-16,1
1.0,0.2,2,0-1-2,1.4,2.0,2.8,1.0,0.0,0.0,7.216449660063518e-16,1.159106867033638e-15,9.34437712392841e-16,1
1.0,0.2,2,0-1-2,1.4,2.0,2.8,3.2,0.63,0.0,2.7755575615628914e-17,9.155133597044475e-16,8.979315434757558e-17,1
1.0,0.2,2,0-1-3,1.4,2.0,3.8,1.0,0.0,0.0,7.216449660063518e-16,1.159106867033638e-15,2.2426505097428185e-15,1
1.0,0.2,2,0-1-3,1.4,2.0,3.8,3.2,0.63,0.0,2.7755575615628914e-17,9.155133597044475e-16,1.7958630869515117e-16,1
1.0,0.2,2,0-1-4,1.4,2.0,5.2,1.0,0.0,0.0,7.216449660063518e-16,1.159106867033638e-15,3.737750849571364e-15,1
1.0,0.2,2,0-1-4,1.4,2.0,5.2,3.2,0.63,0.0,2.7755575615628914e-17,9.155133597044475e-16,7.183452347806047e-16,1
1.0,0.2,2,0-2-3,1.4,2.8,3.8,1.0,0.0,0.0,2.7755575615628914e-17,3.1401849173675503e-16,1.6018932212448687e-16,1
1.0,0.2,2,0-2-3,1.4,2.8,3.8,3.2,0.63,0.0,0.0,4.965068306494546e-16,1.5393112173870097e-16,1
1.0,0.2,2,0-2-4,1.4,2.8,5.2,1.0,0.0,0.0,2.7755575615628914e-17,3.1401849173675503e-16,3.2037864424897374e-16,1
1.0,0.2,2,0-2-4,1.4,2.8,5.2,3.2,0.63,0.0,0.0,4.965068306494546e-16,1.5393112173870097e-16,1
1.0,0.2,2,0-3-4,1.4,3.8,5.2,1.0,0.0,0.0,2.220446049250313e-16,2.220446049250313e-16,9.344377123928401e-17,1
1.0,0.2,2,0-3-4,1.4,3.8,5.2,3.2,0.63,0.0,1.1102230246251565e-16,6.280369834735101e-16,2.693794630427267e-16,1
1.0,0.2,2,1-2-3,2.0,2.8,3.8,1.0,0.0,0.0,9.159339953157541e-16,1.1957467920563633e-15,1.4016565685892589e-16,1
1.0,0.2,2,1-2-3,2.0,2.8,3.8,3.2,0.63,0.0,2.7755575615628914e-17,1.4043333874306805e-15,4.0406919456409003e-16,1
1.0,0.2,2,1-2-4,2.0,2.8,5.2,1.0,0.0,0.0,9.159339953157541e-16,1.1957467920563633e-15,2.8033131371785177e-16,1
1.0,0.2,2,1-2-4,2.0,2.8,5.2,3.2,0.63,0.0,2.7755575615628914e-17,1.4043333874306805e-15,2.693794630427267e-16,1
1.0,0.2,2,1-3-4,2.0,3.8,5.2,1.0,0.0,0.0,6.661338147750939e-16,2.482534153247273e-16,0.0,1
1.0,0.2,2,1-3-4,2.0,3.8,5.2,3.2,0.63,0.0,1.942890293094024e-16,8.005932084973442e-16,3.591726173903023e-16,1
1.0,0.2,2,2-3-4,2.8,3.8,5.2,1.0,0.0,0.0,2.220446049250313e-16,7.108895957933346e-16,0.0,1
1.0,0.2,2,2-3-4,2.8,3.8,5.2,3.2,0.63,0.0,4.996003610813204e-16,9.930136612989092e-16,8.620142817367256e-16,1
1.0,0.8,1,0-1-2,0.7,1.0,1.4,1.0,0.0,0.0,3.3306690738754696e-16,2.3714374201337736e-16,1.8503717077085943e-16,1
1.0,0.8,1,0-1-2,0.7,1.0,1.4,3.2,0.63,0.0,1.7763568394002505e-15,5.329070518200751e-15,1.778133811107097e-15,1
1.0,0.8,1,0-1-3,0.7,1.0,1.9,1.0,0.0,0.0,3.3306690738754696e-16,2.3714374201337736e-16,0.0,1
1.0,0.8,1,0-1-3,0.7,1.0,1.9,3.2,0.63,0.0,1.7763568394002505e-15,5.329070518200751e-15,3.3340008958258064e-15,1
1.0,0.8,1,0-1-4,0.7,1.0,2.6,1.0,0.0,0.0,3.3306690738754696e-16,2.3714374201337736e-16,3.7007434154171886e-16,1
1.0,0.8,1,0-1-4,0.7,1.0,2.6,3.2,0.63,0.0,1.7763568394002505e-15,5.329070518200751e-15,5.7789348860980645e-15,1
1.0,0.8,1,0-2-3,0.7,1.4,1.9,1.0,0.0,0.0,3.3306690738754696e-16,2.237726045655905e-16,1.1895246692412394e-16,1
1.0,0.8,1,0-2-3,0.7,1.4,1.9,3.2,0.63,0.0,5.551115123125783e-16,1.3322676295501878e-15,9.525716845216592e-17,1
1.0,0.8,1,0-2-4,0.7,1.4,2.6,1.0,0.0,0.0,3.3306690738754696e-16,2.237726045655905e-16,0.0,1
1.0,0.8,1,0-2-4,0.7,1.4,2.6,3.2,0.63,0.0,5.551115123125783e-16,1.3322676295501878e-15,3.810286738086637e-16,1
1.0,0.8,1,0-3-4,0.7,1.9,2.6,1.0,0.0,0.0,0.0,2.7755575615628914e-17,9.251858538542972e-17,1
1.0,0.8,1,0-3-4,0.7,1.9,2.6,3.2,0.63,0.0,4.440892098500626e-16,8.881784197001252e-16,1.1113336319419356e-16,1
1.0,0.8,1,1-2-3,1.0,1.4,1.9,1.0,0.0,0.0,3.3306690738754696e-16,2.2887833992611187e-16,2.7755575615628923e-16,1
1.0,0.8,1,1-2-3,1.0,1.4,1.9,3.2,0.63,0.0,8.881784197001252e-16,1.7763568394002505e-15,8.335002239564519e-16,1
1.0,0.8,1,1-2-4,1.0,1.4,2.6,1.0,0.0,0.0,3.3306690738754696e-16,2.2887833992611187e-16,0.0,1
1.0,0.8,1,1-2-4,1.0,1.4,2.6,3.2,0.63,0.0,8.881784197001252e-16,1.7763568394002505e-15,1.333600358330323e-15,1
1.0,0.8,1,1-3-4,1.0,1.9,2.6,1.0,0.0,0.0,0.0,0.0,1.8503717077085943e-16,1
1.0,0.8,1,1-3-4,1.0,1.9,2.6,3.2,0.63,0.0,3.3306690738754696e-16,6.280369834735101e-16,1.4817781759225804e-16,1
1.0,0.8,1,2-3-4,1.4,1.9,2.6,1.0,0.0,0.0,3.3306690738754696e-16,2.2887833992611187e-16,3.885780586188047e-16,1
1.0,0.8,1,2-3-4,1.4,1.9,2.6,3.2,0.63,0.0,2.220446049250313e-16,9.930136612989092e-16,2.6672007166606443e-16,1
1.0,0.8,2,0-1-2,1.4,2.0,2.8,1.0,0.0,0.0,6.661338147750939e-16,6.753223014464259e-16,1.3461454173580021e-15,1
1.0,0.8,2,0-1-2,1.4,2.0,2.8,3.2,0.63,0.0,6.661338147750939e-16,1.616509124176106e-15,6.322942488947377e-16,1
1.0,0.8,2,0-1-3,1.4,2.0,3.8,1.0,0.0,0.0,6.661338147750939e-16,6.753223014464259e-16,1.6153745008296025e-15,1
1.0,0.8,2,0-1-3,1.4,2.0,3.8,3.2,0.63,0.0,6.661338147750939e-16,1.616509124176106e-15,2.0233415964631606e-15,1
1.0,0.8,2,0-1-4,1.4,2.0,5.2,1.0,0.0,0.0,6.661338147750939e-16,6.753223014464259e-16,2.5128047790682705e-15,1
1.0,0.8,2,0-1-4,1.4,2.0,5.2,3.2,0.63,0.0,6.661338147750939e-16,1.616509124176106e-15,2.529176995578951e-15,1
1.0,0.8,2,0-2-3,1.4,2.8,3.8,1.0,0.0,0.0,2.220446049250313e-16,1.5700924586837752e-16,3.0769038111040057e-16,1
1.0,0.8,2,0-2-3,1.4,2.8,3.8,3.2,0.63,0.0,2.220446049250313e-16,4.440892098500626e-16,5.419664990526325e-16,1
1.0,0.8,2,0-2-4,1.4,2.8,5.2,1.0,0.0,0.0,2.220446049250313e-16,1.5700924586837752e-16,6.153807622208011e-16,1
1.0,0.8,2,0-2-4,1.4,2.8,5.2,3.2,0.63,0.0,2.220446049250313e-16,4.440892098500626e-16,4.33573199242106e-16,1
1.0,0.8,2,0-3-4,1.4,3.8,5.2,1.0,0.0,0.0,3.3306690738754696e-16,1.2412670766236366e-16,8.974302782386685e-17,1
1.0,0.8,2,0-3-4,1.4,3.8,5.2,3.2,0.63,0.0,4.440892098500626e-16,9.930136612989092e-16,2.529176995578951e-16,1
1.0,0.8,2,1-2-3,2.0,2.8,3.8,1.0,0.0,0.0,7.771561172376096e-16,6.955527313080394e-16,1.0769163338864024e-15,1
1.0,0.8,2,1-2-3,2.0,2.8,3.8,3.2,0.63,0.0,4.440892098500626e-16,2.220446049250313e-16,3.7937654933684274e-16,1
1.0,0.8,2,1-2-4,2.0,2.8,5.2,1.0,0.0,0.0,7.771561172376096e-16,6.955527313080394e-16,2.4230617512444053e-15,1
1.0,0.8,2,1-2-4,2.0,2.8,5.2,3.2,0.63,0.0,4.440892098500626e-16,2.220446049250313e-16,3.7937654933684274e-16,1
1.0,0.8,2,1-3-4,2.0,3.8,5.2,1.0,0.0,0.0,0.0,3.7238012298709097e-16,3.5897211129546744e-16,1
1.0,0.8,2,1-3-4,2.0,3.8,5.2,3.2,0.63,0.0,1.1102230246251565e-15,1.4043333874306805e-15,5.058353991157903e-16,1
1.0,0.8,2,2-3-4,2.8,3.8,5.2,1.0,0.0,0.0,1.2212453270876722e-15,4.002966042486721e-16,1.0769163338864022e-16,1
1.0,0.8,2,2-3-4,2.8,3.8,5.2,3.2,0.63,0.0,1.7763568394002505e-15,2.0471501066083613e-15,1.0622543381431593e-15,1
1.0,0.8,1,0-1-2,0.7,1.0,1.4,1.0,0.0,0.0,1.1102230246251565e-16,2.220446049250313e-16,2.0354088784794538e-16,1
1.0,0.8,1,0-1-2,0.7,1.0,1.4,3.2,0.63,0.0,0.0,6.661338147750939e-16,6.707971888908702e-16,1
1.0,0.8,1,0-1-3,0.7,1.0,1.9,1.0,0.0,0.0,1.1102230246251565e-16,2.220446049250313e-16,6.106226635438361e-16,1
1.0,0.8,1,0-1-3,0.7,1.0,1.9,3.2,0.63,0.0,0.0,6.661338147750939e-16,6.707971888908702e-16,1
1.0,0.8,1,0-1-4,0.7,1.0,2.6,1.0,0.0,0.0,1.1102230246251565e-16,2.220446049250313e-16,4.0708177569589076e-16,1
1.0,0.8,1,0-1-4,0.7,1.0,2.6,3.2,0.63,0.0,0.0,6.661338147750939e-16,6.707971888908702e-16,1
1.0,0.8,1,0-2-3,0.7,1.4,1.9,1.0,0.0,0.0,1.1102230246251565e-16,2.220446049250313e-16,3.4892723631076353e-16,1
1.0,0.8,1,0-2-3,0.7,1.4,1.9,3.2,0.63,0.0,3.3306690738754696e-16,9.930136612989092e-16,2.8748450952465886e-16,1
1.0,0.8,1,0-2-4,0.7,1.4,2.6,1.0,0.0,0.0,1.1102230246251565e-16,2.220446049250313e-16,5.233908544661453e-16,1
1.0,0.8,1,0-2-4,0.7,1.4,2.6,3.2,0.63,0.0,3.3306690738754696e-16,9.930136612989092e-16,5.749690190493177e-16,1
1.0,0.8,1,0-3-4,0.7,1.9,2.6,1.0,0.0,0.0,2.220446049250313e-16,2.482534153247273e-16,1.0177044392397272e-16,1
1.0,0.8,1,0-3-4,0.7,1.9,2.6,3.2,0.63,0.0,1.1102230246251565e-16,9.155133597044475e-16,8.384964861135879e-17,1
1.0,0.8,1,1-2-3,1.0,1.4,1.9,1.0,0.0,0.0,2.220446049250313e-16,4.002966042486721e-16,6.106226635438362e-16,1
1.0,0.8,1,1-2-3,1.0,1.4,1.9,3.2,0.63,0.0,1.2212453270876722e-15,3.6418022968069345e-15,7.546468375022297e-16,1
1.0,0.8,1,1-2-4,1.0,1.4,2.6,1.0,0.0,0.0,2.220446049250313e-16,4.002966042486721e-16,6.106226635438362e-16,1
1.0,0.8,1,1-2-4,1.0,1.4,2.6,3.2,0.63,0.0,1.2212453270876722e-15,3.6418022968069345e-15,1.7608426208385362e-15,1
1.0,0.8,1,1-3-4,1.0,1.9,2.6,1.0,0.0,0.0,2.220446049250313e-16,4.965068306494546e-16,1.3569392523196361e-16,1
1.0,0.8,1,1-3-4,1.0,1.9,2.6,3.2,0.63,0.0,1.1102230246251565e-16,8.881784197001252e-16,1.1179953148181173e-16,1
1.0,0.8,1,2-3-4,1.4,1.9,2.6,1.0,0.0,0.0,0.0,1.1102230246251565e-15,6.106226635438366e-16,1
1.0,0.8,1,2-3-4,1.4,1.9,2.6,3.2,0.63,0.0,8.881784197001252e-16,3.1401849173675502e-15,2.01239156667261e-16,1
1.0,0.8,2,0-1-2,1.4,2.0,2.8,1.0,0.0,0.0,7.771561172376096e-16,4.965068306494546e-16,9.344377123928396e-16,1
1.0,0.8,2,0-1-2,1.4,2.0,2.8,3.2,0.63,0.0,3.3306690738754696e-16,6.280369834735101e-16,1.795863086951511e-16,1
1.0,0.8,2,0-1-3,1.4,2.0,3.8,1.0,0.0,0.0,7.771561172376096e-16,4.965068306494546e-16,1.4951003398285434e-15,1
1.0,0.8,2,0-1-3,1.4,2.0,3.8,3.2,0.63,0.0,3.3306690738754696e-16,6.280369834735101e-16,1.795863086951511e-16,1
1.0,0.8,2,0-1-4,1.4,2.0,5.2,1.0,0.0,0.0,7.771561172376096e-16,4.965068306494546e-16,1.8688754247856793e-15,1
1.0,0.8,2,0-1-4,1.4,2.0,5.2,3.2,0.63,0.0,3.3306690738754696e-16,6.280369834735101e-16,3.591726173903022e-16,1
1.0,0.8,2,0-2-3,1.4,2.8,3.8,1.0,0.0,0.0,4.440892098500626e-16,5.551115123125783e-16,0.0,1
1.0,0.8,2,0-2-3,1.4,2.8,3.8,3.2,0.63,0.0,1.1102230246251565e-16,9.155133597044475e-16,2.3089668260805153e-16,1
1.0,0.8,2,0-2-4,1.4,2.8,5.2,1.0,0.0,0.0,4.440892098500626e-16,5.551115123125783e-16,3.2037864424897364e-16,1
1.0,0.8,2,0-2-4,1.4,2.8,5.2,3.2,0.63,0.0,1.1102230246251565e-16,9.155133597044475e-16,0.0,1
1.0,0.8,2,0-3-4,1.4,3.8,5.2,1.0,0.0,0.0,2.220446049250313e-16,1.1102230246251565e-16,1.8688754247856802e-16,1
1.0,0.8,2,0-3-4,1.4,3.8,5.2,3.2,0.63,0.0,4.440892098500626e-16,1.6011864169946884e-15,1.7958630869515107e-16,1
1.0,0.8,2,1-2-3,2.0,2.8,3.8,1.0,0.0,0.0,2.220446049250313e-16,7.021666937153402e-16,2.80331313717852e-16,1
1.0,0.8,2,1-2-3,2.0,2.8,3.8,3.2,0.63,0.0,5.551115123125783e-16,2.094764613337708e-15,4.0406919456409033e-16,1
1.0,0.8,2,1-2-4,2.0,2.8,5.2,1.0,0.0,0.0,2.220446049250313e-16,7.021666937153402e-16,1.121325254871408e-15,1
1.0,0.8,2,1-2-4,2.0,2.8,5.2,3.2,0.63,0.0,5.551115123125783e-16,2.094764613337708e-15,1.3468973152136344e-16,1
1.0,0.8,2,1-3-4,2.0,3.8,5.2,1.0,0.0,0.0,4.440892098500626e-16,2.482534153247273e-16,2.4918338997142408e-16,1
1.0,0.8,2,1-3-4,2.0,3.8,5.2,3.2,0.63,0.0,6.661338147750939e-16,2.482534153247273e-15,2.3944841159353474e-16,1
1.0,0.8,2,2-3-4,2.8,3.8,5.2,1.0,0.0,0.0,1.1102230246251565e-16,2.482534153247273e-16,2.2426505097428167e-16,1
1.0,0.8,2,2-3-4,2.8,3.8,5.2,3.2,0.63,0.0,1.7763568394002505e-15,6.358389842764979e-15,6.465107113025432e-16,1
1.0,2.0,1,0-1-2,0.7,1.0,1.4,1.0,0.0,0.0,8.881784197001252e-16,8.473409486550036e-16,2.8680761469483217e-15,1
1.0,2.0,1,0-1-2,0.7,1.0,1.4,3.2,0.63,0.0,4.440892098500626e-16,1.4043333874306805e-15,1.111333631941935e-15,1
1.0,2.0,1,0-1-3,0.7,1.0,1.9,1.0,0.0,0.0,8.881784197001252e-16,8.473409486550036e-16,3.145631903104611e-15,1
1.0,2.0,1,0-1-3,0.7,1.0,1.9,3.2,0.63,0.0,4.440892098500626e-16,1.4043333874306805e-15,2.667200716660644e-15,1
1.0,2.0,1,0-1-4,0.7,1.0,2.6,1.0,0.0,0.0,8.881784197001252e-16,8.473409486550036e-16,4.440892098500627e-15,1
1.0,2.0,1,0-1-4,0.7,1.0,2.6,3.2,0.63,0.0,4.440892098500626e-16,1.4043333874306805e-15,1.778133811107096e-15,1
1.0,2.0,1,0-2-3,0.7,1.4,1.9,1.0,0.0,0.0,1.7763568394002505e-15,7.327682229021407e-16,7.533656238527844e-16,1
1.0,2.0,1,0-2-3,0.7,1.4,1.9,3.2,0.63,0.0,4.440892098500626e-16,4.440892098500626e-16,2.857715053564977e-16,1
1.0,2.0,1,0-2-4,0.7,1.4,2.6,1.0,0.0,0.0,1.7763568394002505e-15,7.327682229021407e-16,1.4274296030894862e-15,1
1.0,2.0,1,0-2-4,0.7,1.4,2.6,3.2,0.63,0.0,4.440892098500626e-16,4.440892098500626e-16,5.715430107129954e-16,1
1.0,2.0,1,0-3-4,0.7,1.9,2.6,1.0,0.0,0.0,2.220446049250313e-16,2.7755575615628914e-17,9.251858538542972e-17,1
1.0,2.0,1,0-3-4,0.7,1.9,2.6,3.2,0.63,0.0,8.881784197001252e-16,8.881784197001252e-16,6.668001791651613e-16,1
1.0,2.0,1,1-2-3,1.0,1.4,1.9,1.0,0.0,0.0,3.9968028886505635e-15,1.7702748954631059e-15,2.4980018054065995e-15,1
1.0,2.0,1,1-2-3,1.0,1.4,1.9,3.2,0.63,0.0,1.7763568394002505e-15,1.7763568394002505e-15,0.0,1
1.0,2.0,1,1-2-4,1.0,1.4,2.6,1.0,0.0,0.0,3.9968028886505635e-15,1.7702748954631059e-15,5.273559366969488e-15,1
1.0,2.0,1,1-2-4,1.0,1.4,2.6,3.2,0.63,0.0,1.7763568394002505e-15,1.7763568394002505e-15,2.0004005374954848e-15,1
1.0,2.0,1,1-3-4,1.0,1.9,2.6,1.0,0.0,0.0,4.440892098500626e-16,2.7755575615628914e-16,3.7007434154171886e-16,1
1.0,2.0,1,1-3-4,1.0,1.9,2.6,3.2,0.63,0.0,1.7763568394002505e-15,1.7763568394002505e-15,8.890669055535485e-16,1
1.0,2.0,1,2-3-4,1.4,1.9,2.6,1.0,0.0,0.0,3.1086244689504383e-15,1.1857187100668868e-15,5.551115123125789e-16,1
1.0,2.0,1,2-3-4,1.4,1.9,2.6,3.2,0.63,0.0,1.5543122344752192e-15,1.7763568394002505e-15,1.8670405016624518e-15,1
1.0,2.0,2,0-1-2,1.4,2.0,2.8,1.0,0.0,0.0,2.220446049250313e-15,8.671119018262734e-16,1.166659361710269e-15,1
1.0,2.0,2,0-1-2,1.4,2.0,2.8,3.2,0.63,0.0,4.440892098500626e-16,8.881784197001252e-16,1.2645884977894754e-16,1
1.0,2.0,2,0-1-3,1.4,2.0,3.8,1.0,0.0,0.0,2.220446049250313e-15,8.671119018262734e-16,2.6922908347160054e-15,1
1.0,2.0,2,0-1-3,1.4,2.0,3.8,3.2,0.63,0.0,4.440892098500626e-16,8.881784197001252e-16,1.7704238969052657e-15,1
1.0,2.0,2,0-1-4,1.4,2.0,5.2,1.0,0.0,0.0,2.220446049250313e-15,8.671119018262734e-16,4.666637446841076e-15,1
1.0,2.0,2,0-1-4,1.4,2.0,5.2,3.2,0.63,0.0,4.440892098500626e-16,8.881784197001252e-16,1.5175061973473706e-15,1
1.0,2.0,2,0-2-3,1.4,2.8,3.8,1.0,0.0,0.0,0.0,3.510833468576701e-16,3.0769038111040047e-16,1
1.0,2.0,2,0-2-3,1.4,2.8,3.8,3.2,0.63,0.0,4.440892098500626e-16,9.930136612989092e-16,7.587530986736855e-16,1
1.0,2.0,2,0-2-4,1.4,2.8,5.2,1.0,0.0,0.0,0.0,3.510833468576701e-16,6.153807622208009e-16,1
1.0,2.0,2,0-2-4,1.4,2.8,5.2,3.2,0.63,0.0,4.440892098500626e-16,9.930136612989092e-16,6.50359798863159e-16,1
1.0,2.0,2,0-3-4,1.4,3.8,5.2,1.0,0.0,0.0,4.440892098500626e-16,1.2412670766236366e-16,8.974302782386685e-17,1
1.0,2.0,2,0-3-4,1.4,3.8,5.2,3.2,0.63,0.0,0.0,8.005932084973442e-16,3.7937654933684274e-16,1
1.0,2.0,2,1-2-3,2.0,2.8,3.8,1.0,0.0,0.0,1.3322676295501878e-15,4.47545209131181e-16,1.3461454173580017e-16,1
1.0,2.0,2,1-2-3,2.0,2.8,3.8,3.2,0.63,0.0,4.440892098500626e-16,9.930136612989092e-16,1.517506197347371e-15,1
1.0,2.0,2,1-2-4,2.0,2.8,5.2,1.0,0.0,0.0,1.3322676295501878e-15,4.47545209131181e-16,2.6922908347160034e-16,1
1.0,2.0,2,1-2-4,2.0,2.8,5.2,3.2,0.63,0.0,4.440892098500626e-16,9.930136612989092e-16,1.517506197347371e-15,1
1.0,2.0,2,1-3-4,2.0,3.8,5.2,1.0,0.0,0.0,2.220446049250313e-16,1.5700924586837752e-16,0.0,1
1.0,2.0,2,1-3-4,2.0,3.8,5.2,3.2,0.63,0.0,1.3322676295501878e-15,1.1957467920563633e-15,3.3722359941052697e-16,1
1.0,2.0,2,2-3-4,2.8,3.8,5.2,1.0,0.0,0.0,1.3322676295501878e-15,6.206335383118183e-16,0.0,1
1.0,2.0,2,2-3-4,2.8,3.8,5.2,3.2,0.63,0.0,2.886579864025407e-15,2.7822109252321576e-15,1.5175061973473714e-15,1
1.0,2.0,1,0-1-2,0.7,1.0,1.4,1.0,0.0,0.0,0.0,4.440892098500626e-16,4.0708177569589067e-16,1
1.0,2.0,1,0-1-2,0.7,1.0,1.4,3.2,0.63,0.0,0.0,3.580361673049448e-15,0.0,1
1.0,2.0,1,0-1-3,0.7,1.0,1.9,1.0,0.0,0.0,0.0,4.440892098500626e-16,6.10622663543836e-16,1
1.0,2.0,1,0-1-3,0.7,1.0,1.9,3.2,0.63,0.0,0.0,3.580361673049448e-15,2.6831887555634794e-15,1
1.0,2.0,1,0-1-4,0.7,1.0,2.6,1.0,0.0,0.0,0.0,4.440892098500626e-16,8.141635513917813e-16,1
1.0,2.0,1,0-1-4,0.7,1.0,2.6,3.2,0.63,0.0,0.0,3.580361673049448e-15,2.347790161118044e-15,1
1.0,2.0,1,0-2-3,0.7,1.4,1.9,1.0,0.0,0.0,0.0,2.220446049250313e-16,0.0,1
1.0,2.0,1,0-2-3,0.7,1.4,1.9,3.2,0.63,0.0,0.0,2.9873046363423827e-15,1.1499380380986345e-15,1
1.0,2.0,1,0-2-4,0.7,1.4,2.6,1.0,0.0,0.0,0.0,2.220446049250313e-16,6.978544726215271e-16,1
1.0,2.0,1,0-2-4,0.7,1.4,2.6,3.2,0.63,0.0,0.0,2.9873046363423827e-15,1.006195783336305e-15,1
1.0,2.0,1,0-3-4,0.7,1.9,2.6,1.0,0.0,0.0,0.0,2.220446049250313e-16,4.0708177569589076e-16,1
1.0,2.0,1,0-3-4,0.7,1.9,2.6,3.2,0.63,0.0,4.440892098500626e-16,1.831026719408895e-15,5.030978916681526e-16,1
1.0,2.0,1,1-2-3,1.0,1.4,1.9,1.0,0.0,0.0,0.0,0.0,0.0,1
1.0,2.0,1,1-2-3,1.0,1.4,1.9,3.2,0.63,0.0,8.881784197001252e-16,3.0201331455116262e-15,2.0123915666726108e-15,1
1.0,2.0,1,1-2-4,1.0,1.4,2.6,1.0,0.0,0.0,0.0,0.0,1.8318679906315087e-15,1
1.0,2.0,1,1-2-4,1.0,1.4,2.6,3.2,0.63,0.0,8.881784197001252e-16,3.0201331455116262e-15,1.7608426208385346e-15,1
1.0,2.0,1,1-3-4,1.0,1.9,2.6,1.0,0.0,0.0,0.0,0.0,8.141635513917816e-16,1
1.0,2.0,1,1-3-4,1.0,1.9,2.6,3.2,0.63,0.0,8.881784197001252e-16,1.4217791915866692e-15,8.943962518544938e-16,1
1.0,2.0,1,2-3-4,1.4,1.9,2.6,1.0,0.0,0.0,0.0,0.0,1.465494392505207e-15,1
1.0,2.0,1,2-3-4,1.4,1.9,2.6,3.2,0.63,0.0,2.6645352591003757e-15,4.5288390936029406e-15,2.414869880007133e-15,1
1.0,2.0,2,0-1-2,1.4,2.0,2.8,1.0,0.0,0.0,2.6645352591003757e-15,1.1102230246251565e-15,9.344377123928388e-16,1
1.0,2.0,2,0-1-2,1.4,2.0,2.8,3.2,0.63,0.0,2.220446049250313e-15,3.8778423131653425e-15,1.6162767782563605e-15,1
1.0,2.0,2,0-1-3,1.4,2.0,3.8,1.0,0.0,0.0,2.6645352591003757e-15,1.1102230246251565e-15,7.475501699142711e-16,1
1.0,2.0,2,0-1-3,1.4,2.0,3.8,3.2,0.63,0.0,2.220446049250313e-15,3.8778423131653425e-15,3.771312482598175e-15,1
1.0,2.0,2,0-1-4,1.4,2.0,5.2,1.0,0.0,0.0,2.6645352591003757e-15,1.1102230246251565e-15,3.737750849571355e-15,1
1.0,2.0,2,0-1-4,1.4,2.0,5.2,3.2,0.63,0.0,2.220446049250313e-15,3.8778423131653425e-15,5.387589260854535e-15,1
1.0,2.0,2,0-2-3,1.4,2.8,3.8,1.0,0.0,0.0,8.881784197001252e-16,2.220446049250313e-16,4.805679663734605e-16,1
1.0,2.0,2,0-2-3,1.4,2.8,3.8,3.2,0.63,0.0,4.440892098500626e-16,1.1102230246251565e-15,3.8482780434675255e-16,1
1.0,2.0,2,0-2-4,1.4,2.8,5.2,1.0,0.0,0.0,8.881784197001252e-16,2.220446049250313e-16,3.2037864424897364e-16,1
1.0,2.0,2,0-2-4,1.4,2.8,5.2,3.2,0.63,0.0,4.440892098500626e-16,1.1102230246251565e-15,4.617933652161031e-16,1
1.0,2.0,2,0-3-4,1.4,3.8,5.2,1.0,0.0,0.0,1.1102230246251565e-15,5.551115123125783e-16,5.606626274357038e-16,1
1.0,2.0,2,0-3-4,1.4,3.8,5.2,3.2,0.63,0.0,0.0,9.155133597044475e-16,1.795863086951512e-16,1
1.0,2.0,2,1-2-3,2.0,2.8,3.8,1.0,0.0,0.0,8.881784197001252e-16,4.440892098500626e-16,1.1213252548714087e-15,1
1.0,2.0,2,1-2-3,2.0,2.8,3.8,3.2,0.63,0.0,1.3322676295501878e-15,1.9860273225978185e-15,0.0,1
1.0,2.0,2,1-2-4,2.0,2.8,5.2,1.0,0.0,0.0,8.881784197001252e-16,4.440892098500626e-16,5.606626274357043e-16,1
1.0,2.0,2,1-2-4,2.0,2.8,5.2,3.2,0.63,0.0,1.3322676295501878e-15,1.9860273225978185e-15,9.428281206495439e-16,1
1.0,2.0,2,1-3-4,2.0,3.8,5.2,1.0,0.0,0.0,4.440892098500626e-16,3.1401849173675503e-16,6.2295847492856e-16,1
1.0,2.0,2,1-3-4,2.0,3.8,5.2,3.2,0.63,0.0,1.3322676295501878e-15,1.9860273225978185e-15,4.1903472028868613e-16,1
1.0,2.0,2,2-3-4,2.8,3.8,5.2,1.0,0.0,0.0,2.6645352591003757e-15,8.671119018262734e-16,2.0183854587685334e-15,1
1.0,2.0,2,2-3-4,2.8,3.8,5.2,3.2,0.63,0.0,1.3322676295501878e-15,1.9860273225978185e-15,7.54262496519635e-16,1
